team,rush_bt,rec_bt,bt,games,bt_pg,bt_rk
ARI,5.0,3.0,8.0,3,2.6667,14
ATL,8.0,5.0,13.0,3,4.3333,3
BAL,7.0,1.0,8.0,3,2.6667,14
BUF,5.0,6.0,11.0,3,3.6667,10
CAR,7.0,6.0,13.0,3,4.3333,3
CHI,6.0,9.0,15.0,3,5.0,2
CIN,3.0,3.0,6.0,3,2.0,20
CLE,6.0,6.0,12.0,3,4.0,7
DAL,3.0,4.0,7.0,3,2.3333,16
DEN,1.0,3.0,4.0,3,1.3333,24
DET,7.0,5.0,12.0,3,4.0,7
GB,3.0,2.0,5.0,3,1.6667,22
HOU,5.0,1.0,6.0,3,2.0,20
IND,2.0,1.0,3.0,3,1.0,28
JAX,3.0,1.0,4.0,3,1.3333,24
KC,10.0,7.0,17.0,3,5.6667,1
LA,1.0,3.0,4.0,3,1.3333,24
LAC,11.0,2.0,13.0,3,4.3333,3
LV,5.0,4.0,9.0,3,3.0,12
MIA,1.0,6.0,7.0,3,2.3333,16
MIN,1.0,2.0,3.0,3,1.0,28
NE,0.0,3.0,3.0,3,1.0,28
NO,7.0,5.0,12.0,3,4.0,7
NYG,4.0,3.0,7.0,3,2.3333,16
NYJ,10.0,3.0,13.0,3,4.3333,3
PHI,2.0,1.0,3.0,3,1.0,28
PIT,3.0,8.0,11.0,3,3.6667,10
SEA,4.0,3.0,7.0,3,2.3333,16
SF,4.0,5.0,9.0,3,3.0,12
TB,3.0,1.0,4.0,3,1.3333,24
TEN,3.0,0.0,3.0,3,1.0,28
WAS,4.0,1.0,5.0,3,1.6667,22
