rank,team,w_l,total_dvoa,off_dvoa,off_rk,def_dvoa,def_rk,st_dvoa,st_rk
1,SF,3-0,68.7,56.0,1,-15.1,5,-2.5,21
2,JAX,2-1,43.1,19.5,6,-24.9,2,-1.3,19
3,BUF,3-0,37.7,37.5,2,3.5,22,3.8,9
4,KC,3-0,35.2,22.9,4,-13.8,6,-1.5,20
5,BAL,2-1,26.8,28.1,3,-1.4,15,-2.7,22
6,SEA,2-1,19.6,-2.3,15,-20.9,3,1.0,15
7,CIN,2-1,18.8,10.2,10,-4.5,11,4.0,7
8,MIN,3-0,17.3,-25.8,30,-30.3,1,12.8,1
9,LV,3-0,16.0,0.2,13,-10.3,9,5.6,5
10,LA,1-2,13.9,11.4,9,-15.6,4,-13.0,32
11,CHI,2-1,13.0,13.5,8,-0.2,17,-0.7,18
12,DAL,1-2,9.4,22.6,5,16.9,27,3.7,10
13,CAR,1-2,4.7,-1.1,14,0.5,18,6.3,4
14,DET,2-1,1.0,15.5,7,17.2,28,2.7,13
15,NYJ,1-2,-1.1,2.8,12,-3.4,13,-7.4,28
16,DEN,2-1,-1.4,-6.8,18,-3.6,12,1.8,14
17,HOU,0-3,-2.6,-2.7,16,-3.2,14,-3.1,24
18,PIT,2-1,-3.3,-13.5,23,-13.8,7,-3.5,25
19,ARI,1-2,-9.9,7.1,11,21.9,31,4.9,6
20,NYG,2-1,-9.9,-16.0,25,3.4,21,9.4,2
21,TB,0-3,-10.2,-14.0,24,-0.8,16,3.1,12
22,PHI,2-1,-10.2,-6.4,17,3.3,20,-0.5,17
23,ATL,1-2,-16.5,-19.5,27,-9.3,10,-6.2,27
24,IND,1-2,-19.4,-9.6,21,19.2,30,9.4,3
25,NE,1-2,-21.0,-29.9,32,-11.6,8,-2.7,23
26,WAS,1-2,-21.2,-8.3,20,8.3,23,-4.7,26
27,CLE,2-1,-22.1,-24.0,29,2.0,19,4.0,8
28,NO,1-2,-25.1,-6.9,19,18.5,29,0.3,16
29,TEN,0-3,-31.0,-11.7,22,8.3,24,-11.0,31
30,GB,1-2,-31.9,-22.7,28,12.8,26,3.6,11
31,LAC,0-3,-34.9,-16.8,26,10.5,25,-7.6,29
32,MIA,0-3,-59.4,-26.3,31,24.8,32,-8.2,30
