team,pa_rate,motion,int_worthy,drops,blitz_rate,oop,screens
ARI,0.2258,0.629,4,2,0.2339,0.25,0.0645
ATL,0.2032,0.4492,3,6,0.2299,0.1551,0.0588
BAL,0.1859,0.5256,2,8,0.3077,0.2308,0.0641
BUF,0.2695,0.6407,6,3,0.3293,0.1856,0.0539
CAR,0.2249,0.432,4,5,0.3609,0.2308,0.0769
CHI,0.2328,0.4483,6,2,0.3966,0.181,0.0517
CIN,0.236,0.5528,2,4,0.1615,0.2298,0.0745
CLE,0.2312,0.5812,3,4,0.2438,0.175,0.0812
DAL,0.3077,0.6538,2,2,0.2692,0.2923,0.0308
DEN,0.2,0.6194,6,7,0.3935,0.1806,0.0839
DET,0.2552,0.5677,2,6,0.3125,0.1719,0.0365
GB,0.2695,0.6028,6,3,0.3972,0.2057,0.1631
HOU,0.2375,0.475,5,3,0.2062,0.1375,0.1125
IND,0.2895,0.5658,3,5,0.2039,0.2105,0.0724
JAX,0.2051,0.4744,10,2,0.2628,0.1859,0.0833
KC,0.3038,0.6835,5,5,0.2848,0.2215,0.1013
LA,0.223,0.5755,8,3,0.3237,0.1942,0.0791
LAC,0.2422,0.6641,5,9,0.2656,0.1484,0.0703
LV,0.2177,0.7007,4,5,0.2517,0.2449,0.0612
MIA,0.3548,0.6613,2,4,0.2903,0.2258,0.1129
MIN,0.1961,0.5359,5,6,0.7255,0.2222,0.0392
NE,0.2714,0.5286,4,6,0.3714,0.1857,0.1
NO,0.2971,0.6232,3,3,0.3406,0.1377,0.0652
NYG,0.2168,0.4755,7,6,0.3357,0.1329,0.0559
NYJ,0.2797,0.6014,2,5,0.3706,0.1538,0.0979
PHI,0.2171,0.5395,3,5,0.1974,0.1842,0.0724
PIT,0.1846,0.5692,4,2,0.2846,0.1615,0.1077
SEA,0.2282,0.557,7,7,0.2148,0.2953,0.094
SF,0.2078,0.526,3,3,0.3117,0.2338,0.0974
TB,0.2059,0.5147,2,7,0.4191,0.1618,0.1397
TEN,0.2362,0.4724,2,7,0.2205,0.189,0.0787
WAS,0.2829,0.6447,3,4,0.4737,0.2303,0.0921
