team,o_n,o_n_m,o_rate,o_epa_m,o_epa_n,o_ypp_m,o_ypp_n,o_sr_m,o_sr_n,o_pass_n,o_pass_n_m,o_pass_rate,o_pass_epa_m,o_pass_epa_n,o_pass_ypp_m,o_pass_ypp_n,o_pass_sr_m,o_pass_sr_n,o_run_n,o_run_n_m,o_run_rate,o_run_epa_m,o_run_epa_n,o_run_ypp_m,o_run_ypp_n,o_run_sr_m,o_run_sr_n,d_n,d_n_m,d_rate,d_epa_m,d_epa_n,d_ypp_m,d_ypp_n,d_sr_m,d_sr_n,d_pass_n,d_pass_n_m,d_pass_rate,d_pass_epa_m,d_pass_epa_n,d_pass_ypp_m,d_pass_ypp_n,d_pass_sr_m,d_pass_sr_n,d_run_n,d_run_n_m,d_run_rate,d_run_epa_m,d_run_epa_n,d_run_ypp_m,d_run_ypp_n,d_run_sr_m,d_run_sr_n,o_gain,o_pass_gain,o_run_gain,d_gain,d_pass_gain,d_run_gain,o_rate_rk,o_epa_m_rk,o_epa_n_rk,o_ypp_m_rk,o_ypp_n_rk,o_sr_m_rk,o_sr_n_rk,o_pass_rate_rk,o_pass_epa_m_rk,o_pass_epa_n_rk,o_pass_ypp_m_rk,o_pass_ypp_n_rk,o_pass_sr_m_rk,o_pass_sr_n_rk,o_run_rate_rk,o_run_epa_m_rk,o_run_epa_n_rk,o_run_ypp_m_rk,o_run_ypp_n_rk,o_run_sr_m_rk,o_run_sr_n_rk,d_rate_rk,d_epa_m_rk,d_epa_n_rk,d_ypp_m_rk,d_ypp_n_rk,d_sr_m_rk,d_sr_n_rk,d_pass_rate_rk,d_pass_epa_m_rk,d_pass_epa_n_rk,d_pass_ypp_m_rk,d_pass_ypp_n_rk,d_pass_sr_m_rk,d_pass_sr_n_rk,d_run_rate_rk,d_run_epa_m_rk,d_run_epa_n_rk,d_run_ypp_m_rk,d_run_ypp_n_rk,d_run_sr_m_rk,d_run_sr_n_rk,o_gain_rk,o_pass_gain_rk,o_run_gain_rk,d_gain_rk,d_pass_gain_rk,d_run_gain_rk
ARI,196,124,0.6327,-0.0442,0.1897,3.9677,5.8333,0.4194,0.5556,123,65,0.5285,0.0499,0.1785,4.0923,6.5862,0.4308,0.5345,73,59,0.8082,-0.1478,0.236,3.8305,2.7143,0.4068,0.6429,167,124,0.7425,0.008,0.4537,6.5081,6.5116,0.4839,0.4419,90,65,0.7222,0.2836,0.6482,8.4154,8.8,0.5231,0.44,77,59,0.7662,-0.2956,0.1836,4.4068,3.3333,0.4407,0.4444,-0.2338,-0.1286,-0.3838,-0.4457,-0.3646,-0.4793,10,23,5,31,11,22,3,19,20,11,32,13,22,6,1,21,2,18,29,14,1,2,14,32,29,27,29,17,2,30,32,30,30,26,16,3,4,30,22,9,23,19,30,22,30,2,3,3
ATL,188,122,0.6489,-0.0583,-0.3393,5.4836,5.3788,0.4836,0.4242,90,54,0.6,-0.109,-0.7772,7.0926,4.3333,0.463,0.3611,98,68,0.6939,-0.018,0.1862,4.2059,6.6333,0.5,0.5,183,93,0.5082,-0.0932,-0.0062,5.1183,5.1444,0.4194,0.3556,136,64,0.4706,-0.0872,0.1024,5.8281,5.8611,0.4062,0.4028,47,29,0.617,-0.1064,-0.4406,3.5517,2.2778,0.4483,0.1667,0.281,0.6682,-0.2042,-0.087,-0.1896,0.3342,6,26,31,16,19,10,19,12,28,32,9,30,17,29,8,8,4,8,2,2,8,26,3,15,11,13,10,5,26,2,17,11,14,5,10,15,14,2,9,1,28,1,4,1,25,10,5,30
BAL,173,111,0.6416,0.1614,0.2504,6.5225,7.6613,0.5225,0.5806,88,54,0.6136,0.1479,0.6369,7.6667,10.8824,0.5556,0.6176,85,57,0.6706,0.1742,-0.2189,5.4386,3.75,0.4912,0.5357,187,112,0.5989,0.0001,0.0281,5.1964,5.1067,0.4464,0.44,118,74,0.6271,-0.0185,0.0713,5.7162,5.9318,0.4459,0.4773,69,38,0.5507,0.0364,-0.0332,4.1842,3.9355,0.4474,0.3871,-0.089,-0.489,0.393,-0.028,-0.0898,0.0697,8,6,4,4,2,4,2,11,15,2,5,1,4,1,11,2,27,5,16,3,5,16,12,18,14,12,17,16,10,7,16,10,15,12,20,23,26,20,18,19,27,12,22,32,1,15,8,23
BUF,179,116,0.648,0.1734,0.3197,6.4569,7.3175,0.5086,0.4921,101,67,0.6634,0.2624,0.5187,6.9254,10.4118,0.5075,0.4412,78,49,0.6282,0.0517,0.0864,5.8163,3.6897,0.5102,0.5517,199,105,0.5276,0.0609,0.0901,5.3143,5.5957,0.4762,0.4681,124,72,0.5806,0.0814,0.1943,5.9028,7.0962,0.4583,0.5,75,33,0.44,0.0163,-0.0388,4.0303,3.7381,0.5152,0.4286,-0.1463,-0.2564,-0.0347,-0.0292,-0.1129,0.0551,7,5,3,5,4,6,10,6,9,3,11,3,11,16,13,5,6,2,17,1,4,25,24,21,15,19,27,20,16,15,25,12,23,16,21,29,25,18,17,14,31,14,26,30,15,13,7,21
CAR,194,110,0.567,0.1178,-0.021,6.0545,6.1429,0.4364,0.4048,132,73,0.553,0.2752,-0.0064,7.3425,6.6271,0.4795,0.3898,62,37,0.5968,-0.1928,-0.0554,3.5135,5.0,0.3514,0.44,198,110,0.5556,0.1259,-0.2196,6.2,4.7386,0.4636,0.375,115,56,0.487,0.1969,-0.2171,6.3571,5.1017,0.5179,0.4068,83,54,0.6506,0.0523,-0.2248,6.037,4.0,0.4074,0.3103,0.1388,0.2816,-0.1374,0.3455,0.4139,0.277,16,10,17,7,8,17,21,15,8,18,7,12,15,26,17,23,15,23,5,22,16,21,28,5,23,8,23,7,25,24,6,16,7,24,11,11,27,7,32,20,17,6,13,10,22,28,26,27
CHI,206,98,0.4757,0.2829,-0.0138,7.2347,4.787,0.5204,0.3889,114,55,0.4825,0.3464,0.1151,8.1273,5.3729,0.5636,0.4068,92,43,0.4674,0.2018,-0.1691,6.093,4.0816,0.4651,0.3673,160,73,0.4562,0.0605,-0.1312,6.2055,5.9655,0.4521,0.3793,98,46,0.4694,0.0881,-0.1964,7.087,6.8654,0.4783,0.3462,62,27,0.4355,0.0134,-0.0343,4.7037,4.6286,0.4074,0.4286,0.2968,0.2313,0.3709,0.1917,0.2845,0.0477,30,2,16,2,23,5,25,25,3,15,2,23,3,24,28,1,24,1,11,6,20,31,23,8,24,23,19,8,27,16,7,22,22,21,3,30,24,19,27,26,17,14,3,11,2,24,24,19
CIN,176,87,0.4943,-0.0107,0.1262,4.9425,6.0899,0.4368,0.4494,113,51,0.4513,0.0318,0.1875,5.6471,6.8871,0.4314,0.4839,63,36,0.5714,-0.0711,-0.0147,3.9444,4.2593,0.4444,0.3704,183,98,0.5355,-0.0704,-0.1189,6.6224,4.9529,0.4694,0.3529,133,68,0.5113,0.0,-0.1359,7.3382,5.4308,0.5294,0.3692,50,30,0.6,-0.23,-0.0638,5.0,3.4,0.3333,0.3,-0.1369,-0.1557,-0.0564,0.0485,0.1358,-0.1662,27,19,9,24,9,16,15,28,21,9,23,9,21,13,21,15,14,15,9,10,18,24,5,9,30,11,24,4,23,8,8,26,11,28,5,17,7,16,29,10,6,5,25,23,17,19,22,11
CLE,163,83,0.5092,0.1144,-0.2556,5.3855,4.4375,0.4458,0.375,103,49,0.4757,0.3391,-0.1537,6.4082,5.5556,0.5306,0.4074,60,34,0.5667,-0.2095,-0.4671,3.9118,2.1154,0.3235,0.3077,188,107,0.5691,0.0917,-0.1158,6.0374,4.8148,0.4486,0.4198,114,69,0.6053,0.2033,-0.2273,6.9855,4.8,0.4928,0.3556,74,38,0.5135,-0.1109,0.0236,4.3158,4.8333,0.3684,0.5,0.37,0.4928,0.2577,0.2075,0.4306,-0.1346,24,11,29,17,27,13,27,26,4,22,15,22,8,23,23,25,31,16,32,27,30,20,26,10,22,9,18,13,13,26,5,21,5,22,4,27,12,23,20,27,12,27,1,4,3,25,28,14
DAL,177,99,0.5593,0.1775,0.1611,5.7172,5.4487,0.5354,0.4359,117,74,0.6325,0.2619,0.3528,6.6081,6.3953,0.5946,0.4186,60,25,0.4167,-0.0726,-0.0744,3.08,4.2857,0.36,0.4571,190,114,0.6,0.3955,-0.115,6.3596,5.8026,0.5702,0.4868,97,59,0.6082,0.6085,0.1424,7.3898,7.5263,0.6271,0.5789,93,55,0.5914,0.167,-0.3725,5.2545,4.0789,0.5091,0.3947,0.0163,-0.0909,0.0018,0.5105,0.4661,0.5394,18,4,6,11,16,2,16,9,10,5,13,15,2,21,30,16,16,30,8,19,15,15,32,11,28,21,32,21,12,31,20,27,24,31,31,18,32,3,31,21,30,13,16,20,14,32,30,32
DEN,162,94,0.5802,0.0242,-0.2009,5.0957,5.1471,0.3936,0.4265,99,50,0.5051,0.1011,-0.2943,5.94,5.8776,0.44,0.4082,63,44,0.6984,-0.0632,0.0399,4.1364,3.2632,0.3409,0.4737,199,125,0.6281,-0.0545,0.2142,4.224,8.3514,0.336,0.5676,122,71,0.582,-0.0495,0.0242,4.3944,8.549,0.338,0.549,77,54,0.7013,-0.0611,0.6355,4.0,7.913,0.3333,0.6087,0.2251,0.3953,-0.1031,-0.2687,-0.0738,-0.6966,15,14,26,21,21,24,18,24,18,29,20,18,19,22,7,14,9,9,26,25,12,10,7,29,4,32,1,31,15,4,13,2,29,2,29,6,19,32,16,32,6,31,8,6,19,5,9,1
DET,197,107,0.5431,0.1574,0.1049,5.9907,5.1778,0.5327,0.4778,121,72,0.595,0.2394,0.2576,6.9444,5.3061,0.5556,0.4694,76,35,0.4605,-0.0113,-0.0776,4.0286,5.0244,0.4857,0.4878,212,128,0.6038,0.1806,0.1161,6.2656,5.369,0.4766,0.4881,144,85,0.5903,0.2694,0.1456,7.1412,6.0339,0.5294,0.5085,68,43,0.6324,0.0052,0.0465,4.5349,3.8,0.3721,0.44,0.0525,-0.0182,0.0663,0.0645,0.1238,-0.0413,20,7,13,8,20,3,11,13,11,7,10,25,4,14,29,7,17,14,4,5,10,12,30,23,25,16,28,22,14,29,22,24,16,28,23,14,23,24,24,17,14,18,15,19,12,21,21,16
GB,180,96,0.5333,-0.0018,-0.2594,6.5833,3.7381,0.375,0.369,132,67,0.5076,0.1373,-0.1769,7.8806,4.1846,0.3881,0.3846,48,29,0.6042,-0.323,-0.5418,3.5862,2.2105,0.3448,0.3158,193,128,0.6632,-0.0429,0.2501,4.8438,6.2615,0.4297,0.5077,103,57,0.5534,0.0744,0.2089,6.1053,6.1957,0.4386,0.5217,90,71,0.7889,-0.1371,0.3497,3.831,6.4211,0.4225,0.4737,0.2576,0.3141,0.2188,-0.293,-0.1345,-0.4868,22,18,30,3,31,28,29,23,16,24,4,31,28,28,16,29,32,22,31,23,29,4,9,30,8,26,14,26,21,14,27,14,17,9,25,1,11,31,13,31,21,24,6,8,5,4,6,2
HOU,200,97,0.485,0.015,-0.1935,5.6907,4.1359,0.4845,0.3204,134,74,0.5522,0.1303,-0.2288,6.6216,4.7667,0.5405,0.3167,66,23,0.3485,-0.3558,-0.1442,2.6957,3.2558,0.3043,0.3256,180,77,0.4278,0.0067,-0.0102,5.5065,5.3786,0.4156,0.3495,109,48,0.4404,0.1874,0.0491,7.2083,6.4262,0.4583,0.3443,71,29,0.4085,-0.2925,-0.0963,2.6897,3.8571,0.3448,0.3571,0.2085,0.3591,-0.2116,0.0168,0.1382,-0.1961,28,15,25,13,30,9,31,16,17,27,12,29,7,30,32,32,22,31,27,29,26,32,13,14,17,17,9,3,30,23,14,25,19,16,2,32,5,11,2,18,9,8,10,7,26,18,23,9
IND,187,117,0.6257,0.0045,-0.1665,4.8632,4.4429,0.4444,0.4143,108,75,0.6944,-0.0541,-0.3677,5.3067,5.5758,0.44,0.4242,79,42,0.5316,0.1091,0.013,4.0714,3.4324,0.4524,0.4054,189,123,0.6508,0.0571,0.3851,6.0244,7.7879,0.4715,0.5455,111,72,0.6486,0.032,0.606,6.8056,10.2821,0.5,0.5385,78,51,0.6538,0.0926,0.066,4.9216,4.1852,0.4314,0.5556,0.171,0.3136,0.0961,-0.328,-0.574,0.0266,12,17,23,25,26,14,20,4,25,30,27,21,19,19,26,4,12,12,23,9,17,8,22,31,21,31,25,29,6,11,31,19,32,23,27,10,31,25,28,22,22,29,12,9,11,3,2,18
JAX,167,94,0.5629,0.2124,0.1246,5.5957,5.7534,0.4894,0.5479,86,45,0.5233,0.2807,0.2277,6.3556,7.4878,0.4889,0.561,81,49,0.6049,0.1498,-0.0075,4.898,3.5312,0.4898,0.5312,165,78,0.4727,0.1452,-0.3282,7.1026,4.9425,0.4744,0.3908,98,44,0.449,0.2012,-0.3589,9.25,6.2778,0.5227,0.4259,67,34,0.5075,0.0729,-0.278,4.3235,2.7576,0.4118,0.3333,0.0879,0.053,0.1573,0.4734,0.56,0.3508,17,3,10,14,12,8,4,21,6,8,16,8,13,5,15,3,13,6,20,4,6,30,29,3,31,10,26,10,29,25,2,31,18,25,14,28,29,5,21,3,19,7,14,15,9,31,31,31
KC,191,113,0.5916,0.0519,0.3755,5.9558,7.4359,0.4956,0.5128,109,67,0.6147,0.1655,0.3819,7.4328,8.0,0.5224,0.5,82,46,0.561,-0.1136,0.3679,3.8043,6.7778,0.4565,0.5278,176,117,0.6648,0.0534,-0.3807,5.1368,3.9661,0.3761,0.3898,108,73,0.6759,0.1168,-0.5602,6.0959,4.0857,0.4247,0.4,68,44,0.6471,-0.0517,-0.1189,3.5455,3.7917,0.2955,0.375,-0.3236,-0.2164,-0.4816,0.4341,0.6771,0.0671,13,13,2,9,3,7,7,10,14,4,6,7,9,10,24,19,1,19,1,8,7,3,20,2,12,3,4,9,4,19,1,13,2,6,8,12,20,9,8,16,4,9,31,29,32,30,32,22
LA,192,123,0.6406,0.0051,0.0279,5.7073,8.0435,0.4228,0.5217,119,64,0.5378,0.0662,0.0798,5.8125,9.1091,0.3906,0.5273,73,59,0.8082,-0.0612,-0.1758,5.5932,3.8571,0.4576,0.5,179,106,0.5922,0.0268,-0.2403,4.7736,4.274,0.4151,0.3973,105,59,0.5619,0.0488,-0.3519,5.2034,5.0652,0.4576,0.3696,74,47,0.6351,-0.0009,-0.0501,4.234,2.9259,0.3617,0.4444,-0.0228,-0.0136,0.1146,0.267,0.4007,0.0492,9,16,15,12,1,21,6,18,19,16,22,5,27,7,1,12,25,3,13,7,8,17,16,4,7,4,8,11,18,13,3,6,6,15,6,13,22,17,19,5,11,19,18,18,10,27,25,20
LAC,177,138,0.7797,-0.2746,0.1206,5.1014,5.6923,0.3768,0.5128,104,79,0.7596,-0.2194,0.1399,5.8228,6.68,0.3671,0.44,73,59,0.8082,-0.3487,0.086,4.1356,3.9286,0.3898,0.6429,188,124,0.6596,-0.0337,0.1145,5.5806,5.6719,0.4194,0.5156,102,67,0.6569,0.1286,0.1476,6.5224,8.1429,0.4478,0.5429,86,57,0.6628,-0.2244,0.0746,4.4737,2.6897,0.386,0.4828,-0.3952,-0.3593,-0.4347,-0.1482,-0.019,-0.299,3,32,11,20,14,27,7,3,31,14,21,11,29,17,1,31,7,10,12,15,1,5,10,22,18,20,10,27,5,21,23,18,28,13,28,9,8,27,23,2,15,26,32,31,31,7,12,5
LV,182,115,0.6319,0.1017,-0.1666,5.7826,4.194,0.4261,0.3731,100,68,0.68,0.3523,-0.2168,7.1029,5.125,0.5147,0.4062,82,47,0.5732,-0.2608,-0.1208,3.8723,3.3429,0.2979,0.3429,184,137,0.7446,-0.3029,0.1883,4.3139,7.6383,0.3796,0.5532,113,83,0.7345,-0.286,0.3421,4.5663,9.9667,0.3976,0.6,71,54,0.7606,-0.3291,-0.0831,3.9259,3.5294,0.3519,0.4706,0.2684,0.5691,-0.14,-0.4912,-0.628,-0.2459,11,12,24,10,29,20,28,5,2,26,8,26,10,25,20,28,21,17,25,31,23,1,1,28,5,30,5,30,1,1,30,4,31,4,32,4,3,14,14,11,10,23,5,2,23,1,1,7
MIA,173,140,0.8092,-0.134,-0.0973,4.5643,7.0606,0.3214,0.4545,107,88,0.8224,-0.0737,0.1424,5.2727,10.4737,0.3295,0.5789,66,52,0.7879,-0.2361,-0.4225,3.3654,2.4286,0.3077,0.2857,160,102,0.6375,0.2419,0.0213,7.4706,4.3448,0.5392,0.431,81,56,0.6914,0.612,0.1899,10.5714,5.4,0.6786,0.4,79,46,0.5823,-0.2087,-0.1065,3.6957,3.5455,0.3696,0.4545,-0.0368,-0.2161,0.1864,0.2206,0.4221,-0.1022,1,28,20,28,5,32,13,1,26,13,28,2,32,3,5,26,30,26,30,28,31,9,31,16,32,5,31,14,3,32,24,32,10,32,8,20,9,10,10,13,13,22,19,28,7,26,27,15
MIN,164,89,0.5427,-0.0382,-0.2304,4.3933,4.36,0.3483,0.2533,88,48,0.5455,-0.0182,-0.2013,5.0625,4.975,0.3542,0.25,76,41,0.5395,-0.0616,-0.2637,3.6098,3.6571,0.3415,0.2571,200,98,0.49,0.0286,-0.3814,6.2755,3.3725,0.3469,0.3039,133,69,0.5188,0.1051,-0.3382,7.5217,3.5156,0.3768,0.3125,67,29,0.4328,-0.1534,-0.4541,3.3103,3.1316,0.2759,0.2895,0.1922,0.183,0.2021,0.41,0.4433,0.3007,21,22,28,29,28,30,32,17,22,25,29,27,31,32,25,13,29,21,19,24,32,27,17,1,26,1,2,1,22,17,4,28,1,3,1,31,10,1,5,8,2,4,11,13,6,29,29,29
NE,178,83,0.4663,-0.1905,-0.1079,4.9759,5.3789,0.3614,0.4316,106,54,0.5094,-0.1826,-0.0594,6.3148,6.4423,0.4259,0.5192,72,29,0.4028,-0.2053,-0.1665,2.4828,4.093,0.2414,0.3256,173,83,0.4798,0.0215,-0.0975,4.9759,4.7,0.4217,0.4333,104,43,0.4135,-0.0283,-0.1297,5.2558,5.1475,0.4419,0.459,69,40,0.5797,0.0751,-0.03,4.675,3.7586,0.4,0.3793,-0.0827,-0.1232,-0.0389,0.1191,0.1013,0.1051,31,30,21,22,18,29,17,22,29,20,17,14,23,8,31,24,23,32,10,32,26,29,15,12,10,7,12,15,32,5,9,7,8,11,17,21,30,21,26,15,16,11,21,21,16,22,20,24
NO,220,143,0.65,-0.0543,0.1285,5.1329,5.3896,0.4336,0.5325,146,95,0.6507,-0.0391,0.1741,6.1053,6.1961,0.4632,0.5686,74,48,0.6486,-0.0845,0.039,3.2083,3.8077,0.375,0.4615,189,114,0.6032,0.1041,0.0413,5.5877,5.1467,0.5351,0.4533,115,72,0.6261,0.1272,0.1366,6.1806,5.3721,0.5278,0.4651,74,42,0.5676,0.0643,-0.0868,4.5714,4.8438,0.5476,0.4375,-0.1828,-0.2132,-0.1235,0.0628,-0.0094,0.1511,5,25,8,18,17,18,5,7,24,12,19,17,16,4,12,17,11,28,15,18,14,13,27,20,19,14,30,18,11,20,19,15,9,27,18,22,28,12,25,28,32,17,28,27,20,20,13,25
NYG,177,92,0.5198,0.1376,-0.2224,4.7717,4.4824,0.4565,0.4,93,41,0.4409,0.2842,-0.2296,5.5854,4.9038,0.4878,0.4231,84,51,0.6071,0.0197,-0.2111,4.1176,3.8182,0.4314,0.3636,165,94,0.5697,0.0797,0.1671,5.8723,6.169,0.4574,0.493,104,51,0.4904,0.2367,0.2002,6.5098,6.7547,0.4706,0.5094,61,43,0.7049,-0.1065,0.0695,5.1163,4.4444,0.4419,0.4444,0.36,0.5138,0.2308,-0.0874,0.0364,-0.176,23,8,27,27,25,12,22,29,5,28,25,28,14,20,14,6,26,11,14,12,21,19,25,27,20,25,22,24,24,27,26,17,21,20,24,5,13,26,30,24,24,19,2,3,4,9,14,10
NYJ,192,96,0.5,-0.0195,0.1074,4.3021,6.0104,0.4271,0.4583,118,46,0.3898,0.2339,0.182,5.5652,6.8472,0.5,0.5,74,50,0.6757,-0.2526,-0.1163,3.14,3.5,0.36,0.3333,161,97,0.6025,-0.0685,0.0243,4.9691,4.6094,0.4227,0.5312,107,69,0.6449,0.0167,0.0521,5.4638,4.3421,0.4638,0.4737,54,28,0.5185,-0.2784,-0.0163,3.75,5.0,0.3214,0.6154,-0.1269,0.0519,-0.1363,-0.0928,-0.0354,-0.2621,26,20,12,30,10,19,12,32,12,10,26,10,12,10,9,27,20,29,21,19,25,14,6,17,9,6,13,28,7,10,15,8,3,19,19,26,6,22,12,29,5,32,24,16,21,8,10,6
PHI,170,86,0.5059,-0.0495,-0.0428,4.9535,5.75,0.3953,0.381,106,49,0.4623,-0.0185,-0.0985,6.1837,6.2281,0.4082,0.386,64,37,0.5781,-0.0905,0.0748,3.3243,4.7407,0.3784,0.3704,185,106,0.573,0.0535,0.1189,5.1792,5.2405,0.4528,0.4557,97,54,0.5567,0.1762,0.1077,6.8889,5.7674,0.463,0.4186,88,52,0.5909,-0.0739,0.1323,3.4038,4.6111,0.4423,0.5,-0.0067,0.08,-0.1653,-0.0654,0.0685,-0.2062,25,24,18,23,13,23,26,27,23,21,18,16,25,27,18,18,8,27,6,17,18,18,21,25,13,15,20,19,19,22,18,20,13,18,13,19,18,29,6,25,25,27,17,14,24,12,17,8
PIT,184,84,0.4565,-0.2031,-0.1401,5.1071,4.86,0.381,0.4,125,50,0.4,-0.3196,-0.1557,4.86,5.3333,0.4,0.4267,59,34,0.5763,-0.0318,-0.0934,5.4706,3.44,0.3529,0.32,164,107,0.6524,-0.0474,-0.0185,5.4673,5.8772,0.4299,0.4912,93,59,0.6344,-0.0197,-0.0875,7.1017,5.6471,0.4407,0.5,71,48,0.6761,-0.0816,0.0835,3.4583,6.2174,0.4167,0.4783,-0.063,-0.1639,0.0616,-0.0289,0.0678,-0.165,32,31,22,19,22,25,22,31,32,23,30,24,26,18,19,9,18,4,22,21,28,7,8,13,16,22,15,23,8,6,10,23,12,10,21,7,16,28,7,30,20,25,20,25,13,14,16,12
SEA,178,105,0.5899,-0.0233,0.1577,6.0857,6.3699,0.4667,0.4521,101,53,0.5248,0.28,0.2909,8.0943,8.125,0.5472,0.5,77,52,0.6753,-0.3324,-0.0982,4.0385,3.0,0.3846,0.36,177,97,0.548,-0.1583,-0.1539,3.9175,3.85,0.3711,0.3375,108,60,0.5556,0.0058,-0.0795,4.45,4.4375,0.45,0.3958,69,37,0.5362,-0.4242,-0.2655,3.0541,2.9688,0.2432,0.25,-0.181,-0.011,-0.2342,-0.0043,0.0852,-0.1587,14,21,7,6,7,11,14,20,7,6,3,6,6,10,10,30,19,13,28,16,22,22,2,7,1,2,3,2,20,9,11,3,4,14,7,25,2,6,3,7,1,2,27,17,28,16,18,13
SF,160,128,0.8,0.3335,0.4497,7.7656,6.4688,0.5625,0.5938,89,72,0.809,0.6298,0.812,10.0556,9.1765,0.6667,0.5882,71,56,0.7887,-0.0476,0.0391,4.8214,3.4,0.4286,0.6,192,126,0.6562,-0.0806,0.1332,4.0079,6.5909,0.4127,0.5758,110,63,0.5727,-0.0739,0.2139,4.0476,8.0851,0.3333,0.5745,82,63,0.7683,-0.0872,-0.0664,3.9683,2.8947,0.4921,0.5789,-0.1163,-0.1822,-0.0867,-0.2138,-0.2878,-0.0208,2,1,1,1,6,1,1,2,1,1,1,4,1,2,4,11,10,7,24,13,3,6,4,26,2,28,7,32,17,3,28,1,27,1,30,2,15,15,15,4,29,30,23,26,18,6,4,17
TB,177,119,0.6723,-0.1119,-0.3607,5.5126,3.1552,0.3782,0.3448,122,79,0.6475,-0.1023,-0.5222,6.443,2.7442,0.4177,0.3023,55,40,0.7273,-0.1308,0.1022,3.675,4.3333,0.3,0.4667,170,83,0.4882,-0.0082,-0.1543,4.5422,5.4483,0.3976,0.3678,106,48,0.4528,0.0422,-0.0507,5.5833,6.7069,0.4375,0.4138,64,35,0.5469,-0.0774,-0.3613,3.1143,2.931,0.3429,0.2759,0.2489,0.4199,-0.2329,0.146,0.093,0.2839,4,27,32,15,32,26,30,8,27,31,14,32,24,31,6,20,5,20,7,30,13,28,11,6,6,18,6,6,28,12,12,9,20,8,12,24,17,4,4,6,8,3,7,5,27,23,19,28
TEN,157,75,0.4777,-0.1788,0.0373,3.8533,5.5976,0.3467,0.5,99,42,0.4242,-0.1922,-0.0344,4.1429,5.7719,0.3571,0.5088,58,33,0.569,-0.1617,0.2008,3.4848,5.2,0.3333,0.48,189,102,0.5397,0.0373,0.0286,4.1275,6.0805,0.4412,0.4138,94,39,0.4149,0.1088,0.1429,4.7949,7.5636,0.4359,0.4364,95,63,0.6632,-0.007,-0.168,3.7143,3.5312,0.4444,0.375,-0.2161,-0.1578,-0.3625,0.0087,-0.0341,0.161,29,29,14,32,15,31,9,30,30,19,31,19,30,9,22,22,3,25,3,26,11,23,18,19,3,24,16,12,31,18,21,5,25,7,15,8,21,8,11,12,26,9,29,24,29,17,11,26
WAS,197,109,0.5533,0.1192,-0.0954,4.8073,4.7727,0.4404,0.3977,115,68,0.5913,0.2191,0.017,5.6029,5.7447,0.4412,0.4468,82,41,0.5,-0.0466,-0.2242,3.4878,3.6585,0.439,0.3415,169,105,0.6213,0.0513,0.1173,6.3429,6.6094,0.4571,0.5,116,73,0.6293,0.2664,0.2156,8.0137,7.7209,0.5342,0.5349,53,32,0.6038,-0.4396,-0.0841,2.5312,4.3333,0.2812,0.4286,0.2146,0.2021,0.1776,-0.066,0.0508,-0.3555,19,9,19,26,24,15,24,14,13,17,24,20,18,15,27,10,28,24,18,11,24,11,19,24,27,29,21,25,9,28,29,29,26,30,26,16,1,13,1,23,3,14,9,12,8,11,15,4
