team,n,yds,off_n,def_n,st_n,fd,gp,n_pg,n_rk,yds_pg,yds_rk,off_n_pg,off_n_rk,def_n_pg,def_n_rk,st_n_pg,st_n_rk,fd_pg,fd_rk
ARI,31,300,13,11,7,8,4,7.75,19,75.0,28,3.25,10,2.75,19,1.75,25,2.0,15
ATL,29,288,10,11,8,8,4,7.25,12,72.0,24,2.5,5,2.75,19,2.0,28,2.0,15
BAL,39,329,24,13,2,12,4,9.75,30,82.25,31,6.0,31,3.25,26,0.5,3,3.0,29
BUF,30,250,12,13,5,12,4,7.5,17,62.5,17,3.0,8,3.25,26,1.25,14,3.0,29
CAR,35,270,21,8,6,7,4,8.75,25,67.5,21,5.25,29,2.0,8,1.5,22,1.75,11
CHI,29,189,16,6,7,4,4,7.25,12,47.25,8,4.0,17,1.5,2,1.75,25,1.0,2
CIN,36,273,15,14,7,10,4,9.0,27,68.25,22,3.75,14,3.5,29,1.75,25,2.5,24
CLE,43,297,19,16,8,11,4,10.75,32,74.25,27,4.75,27,4.0,32,2.0,28,2.75,26
DAL,27,257,10,12,5,9,4,6.75,8,64.25,19,2.5,5,3.0,23,1.25,14,2.25,21
DEN,29,187,15,8,6,7,4,7.25,12,46.75,7,3.75,14,2.0,8,1.5,22,1.75,11
DET,31,227,17,11,3,10,4,7.75,19,56.75,13,4.25,20,2.75,19,0.75,7,2.5,24
GB,42,344,22,14,6,12,4,10.5,31,86.0,32,5.5,30,3.5,29,1.5,22,3.0,29
HOU,31,293,14,7,10,6,4,7.75,19,73.25,26,3.5,12,1.75,5,2.5,32,1.5,6
IND,16,105,7,5,4,3,4,4.0,1,26.25,1,1.75,1,1.25,1,1.0,9,0.75,1
JAX,28,246,17,9,2,8,4,7.0,10,61.5,16,4.25,20,2.25,13,0.5,3,2.0,15
KC,31,255,9,13,9,11,4,7.75,19,63.75,18,2.25,2,3.25,26,2.25,31,2.75,26
LA,31,284,16,10,5,8,4,7.75,19,71.0,23,4.0,17,2.5,16,1.25,14,2.0,15
LAC,38,289,25,8,5,7,4,9.5,29,72.25,25,6.25,32,2.0,8,1.25,14,1.75,11
LV,23,120,10,9,4,6,4,5.75,3,30.0,2,2.5,5,2.25,13,1.0,9,1.5,6
MIA,32,230,20,8,4,6,4,8.0,24,57.5,14,5.0,28,2.0,8,1.0,9,1.5,6
MIN,26,220,16,6,4,4,4,6.5,5,55.0,11,4.0,17,1.5,2,1.0,9,1.0,2
NE,28,184,12,12,4,9,4,7.0,10,46.0,6,3.0,8,3.0,23,1.0,9,2.25,21
NO,27,173,13,9,5,8,4,6.75,8,43.25,4,3.25,10,2.25,13,1.25,14,2.0,15
NYG,29,266,17,10,2,9,4,7.25,12,66.5,20,4.25,20,2.5,16,0.5,3,2.25,21
NYJ,37,310,18,14,5,14,4,9.25,28,77.5,29,4.5,24,3.5,29,1.25,14,3.5,32
PHI,29,193,17,10,2,8,4,7.25,12,48.25,9,4.25,20,2.5,16,0.5,3,2.0,15
PIT,26,240,14,11,1,7,4,6.5,5,60.0,15,3.5,12,2.75,19,0.25,1,1.75,11
SEA,35,327,18,12,5,11,4,8.75,25,81.75,30,4.5,24,3.0,23,1.25,14,2.75,26
SF,17,173,9,7,1,6,4,4.25,2,43.25,4,2.25,2,1.75,5,0.25,1,1.5,6
TB,26,199,15,8,3,6,4,6.5,5,49.75,10,3.75,14,2.0,8,0.75,7,1.5,6
TEN,23,165,9,6,8,4,4,5.75,3,41.25,3,2.25,2,1.5,2,2.0,28,1.0,2
WAS,30,224,18,7,5,5,4,7.5,17,56.0,12,4.5,24,1.75,5,1.25,14,1.25,5
