team,RB,TE,WR,DB,DL,LB
ARI,1.0425,1.5189,2.3821,4.4525,2.5587,3.9888
ATL,0.995,1.58,2.395,4.7739,3.7236,2.5025
BAL,1.0,1.7474,2.1947,5.2653,2.0255,3.7092
BUF,0.9899,1.899,2.101,4.8451,2.1408,4.0094
CAR,1.0047,1.4171,2.5592,4.8364,2.3458,3.8224
CHI,1.009,1.6787,2.3077,4.6471,4.0235,2.3294
CIN,1.0552,1.4088,2.5193,4.9045,4.1608,1.9296
CLE,1.1732,1.2682,2.5587,4.9548,4.0,2.0452
DAL,1.0749,1.2567,2.6471,4.6029,2.5294,3.8676
DEN,1.1111,1.3833,2.4389,4.7991,2.3972,3.8037
DET,1.0193,1.4734,2.3865,4.4565,3.9826,2.5609
GB,1.0,1.456,2.5233,4.6571,4.3286,2.0143
HOU,1.0,1.4178,2.4977,4.9418,4.0952,1.963
IND,1.0,1.5105,2.4579,4.6188,4.4208,1.9505
JAX,0.9888,1.5899,2.3876,4.1761,3.9034,2.2557
KC,1.0498,1.4826,2.3383,4.8254,3.9312,2.2434
LA,1.0,1.866,2.134,5.0842,2.4,3.5158
LAC,1.4167,1.151,2.3854,4.9118,2.1716,3.9167
LV,1.4328,1.5323,2.0,4.8485,4.0,2.1566
MIA,1.2713,1.0745,2.6117,4.4244,4.0116,2.5581
MIN,1.2898,1.3068,2.4034,4.5118,2.4597,4.0284
NE,1.2328,1.2434,2.4815,4.7912,2.2857,3.9231
NO,1.0733,1.3147,2.6121,4.6488,4.4293,1.922
NYG,1.445,1.3455,2.2042,4.7222,2.0889,4.1167
NYJ,1.0531,1.5217,2.4155,4.6954,4.3276,1.977
PHI,1.011,1.2376,2.7348,4.3949,2.3026,3.9436
PIT,1.0704,1.3417,2.5729,4.7326,2.1279,4.0291
SEA,1.3262,1.4759,2.1604,4.8789,2.1895,3.9263
SF,1.4912,1.2632,2.2456,4.6957,4.0676,2.2415
TB,1.0681,1.2618,2.6702,4.5967,2.3978,4.0055
TEN,1.0123,1.2515,2.7178,4.686,4.0725,2.2367
WAS,0.9905,1.3667,2.619,4.548,2.5028,3.9492
