pfr_player_name,team,prs,sk,db,prs_rate,p2s,q,jersey
Aaron Rodgers,PIT,40,13,168.1067,0.2379,0.325,True,8
Athan Kaliakmanis,WAS,7,1,35.0,0.2,0.1429,False,16
Baker Mayfield,TB,29,13,118.0133,0.2457,0.4483,True,6
Bo Nix,DEN,32,5,142.9448,0.2239,0.1562,True,10
Brock Purdy,SF,16,0,123.0803,0.13,0.0,True,13
Bryce Young,CAR,60,10,176.1315,0.3407,0.1667,True,9
C.J. Stroud,HOU,40,12,169.7824,0.2356,0.3,True,7
Caleb Williams,CHI,24,5,71.0268,0.3379,0.2083,True,18
Cam Ward,TEN,29,6,133.8189,0.2167,0.2069,True,1
Carson Wentz,MIN,9,6,47.027,0.1914,0.6667,True,11
Case Keenum,CHI,3,0,34.8837,0.086,0.0,False,11
Cooper Rush,ATL,8,5,46.0417,0.1738,0.625,True,13
Dak Prescott,DAL,41,6,167.0471,0.2454,0.1463,True,4
Daniel Jones,IND,29,8,143.894,0.2015,0.2759,True,17
Deshaun Watson,CLE,29,11,139.1618,0.2084,0.3793,True,4
Drake Maye,NE,36,10,141.0079,0.2553,0.2778,True,10
Drew Lock,SEA,9,2,51.0655,0.1762,0.2222,True,2
Geno Smith,NYJ,31,12,137.3786,0.2257,0.3871,True,7
Jack Strand,ATL,7,2,19.0217,0.368,0.2857,False,18
Jacoby Brissett,ARI,36,7,162.9839,0.2209,0.1944,True,7
Jalen Hurts,PHI,33,12,135.9911,0.2427,0.3636,True,1
Jalon Daniels,TB,11,3,38.9477,0.2824,0.2727,False,10
Jameis Winston,NYG,22,9,88.0216,0.2499,0.4091,True,19
Jared Goff,DET,34,8,173.8236,0.1956,0.2353,True,16
Jaxson Dart,NYG,6,2,37.8947,0.1583,0.3333,False,6
Jayden Daniels,WAS,11,1,61.032,0.1802,0.0909,True,5
Joe Burrow,CIN,41,9,171.076,0.2397,0.2195,True,9
Jordan Love,GB,39,8,161.9812,0.2408,0.2051,True,10
Josh Allen,BUF,30,9,136.0871,0.2204,0.3,True,17
Justin Herbert,LAC,42,12,143.9824,0.2917,0.2857,True,10
Kirk Cousins,LV,39,5,152.0964,0.2564,0.1282,True,8
Kyler Murray,MIN,22,7,84.9553,0.259,0.3182,True,1
Lamar Jackson,BAL,24,7,113.8713,0.2108,0.2917,True,8
Malik Willis,MIA,35,11,128.059,0.2733,0.3143,True,2
Marcus Mariota,WAS,21,3,57.0068,0.3684,0.1429,True,8
Matthew Stafford,LA,30,6,171.8409,0.1746,0.2,True,9
Michael Penix,ATL,2,0,25.0,0.08,0.0,False,9
Patrick Mahomes,KC,31,6,142.095,0.2182,0.1935,True,15
Sam Darnold,SEA,25,4,75.0297,0.3332,0.16,True,14
Trevor Lawrence,JAX,25,8,113.9538,0.2194,0.32,True,16
Tyler Shough,NO,29,10,147.1706,0.1971,0.3448,True,6
Tyson Bagent,CHI,5,2,45.7143,0.1094,0.4,True,17
