name,posteam,dropbacks,epa_db,cpoe,sr,sack_rate,ints,tds,adot,avg_time_to_throw,aggressiveness,completion_percentage_above_expectation,q,jersey
Aaron Rodgers,PIT,122,-0.2024,-2.4358,0.4262,0.0656,2.0,4.0,9.0089,2.8914,14.1593,-2.0365,True,8
Matthew Stafford,LA,115,0.0661,1.1015,0.4435,0.0435,4.0,6.0,9.9444,2.7677,16.2162,1.7231,True,9
Case Keenum,CHI,35,0.1849,2.7762,0.5143,0.0,0.0,2.0,6.1471,2.4137,14.7059,1.0697,False,11
Kirk Cousins,LV,100,0.1702,4.1057,0.48,0.05,3.0,9.0,8.5,2.8088,14.1304,3.1929,True,8
Geno Smith,NYJ,118,0.2022,10.932,0.5,0.0763,0.0,4.0,7.3564,2.9428,18.6275,12.897,True,7
Jameis Winston,NYG,55,-0.3851,-16.3474,0.3091,0.0909,1.0,0.0,8.7755,2.7199,24.4898,-9.1333,True,19
Marcus Mariota,WAS,52,0.0894,2.639,0.4615,0.0385,0.0,4.0,9.2553,2.9131,14.8936,1.7572,True,8
Carson Wentz,MIN,47,0.076,-7.791,0.383,0.1277,0.0,3.0,7.641,2.6121,12.8205,-8.0236,False,11
Dak Prescott,DAL,117,0.2953,6.3082,0.5299,0.0256,1.0,7.0,7.8571,2.6926,18.0952,5.8755,True,4
Jared Goff,DET,121,0.2468,3.0519,0.5207,0.0579,0.0,8.0,6.7615,2.8247,22.0183,3.7321,True,16
Jacoby Brissett,ARI,123,0.1105,3.7725,0.4797,0.0407,1.0,4.0,6.1293,2.6215,14.5299,4.2639,True,7
Deshaun Watson,CLE,102,0.0855,0.2917,0.4706,0.0882,1.0,5.0,6.2439,2.9093,12.1951,-3.785,True,4
Cooper Rush,ATL,46,-0.6726,-13.4359,0.3478,0.1087,4.0,1.0,4.6923,2.4497,7.6923,-16.5438,False,13
Patrick Mahomes,KC,109,0.2489,3.2092,0.5138,0.0367,2.0,7.0,5.6735,2.6004,5.102,-0.0523,True,15
Lamar Jackson,BAL,88,0.3368,7.2186,0.5795,0.0568,1.0,4.0,10.4324,3.1386,13.1579,6.4864,True,8
Baker Mayfield,TB,118,-0.2561,0.3184,0.3814,0.1102,2.0,2.0,8.875,2.9888,12.5,0.135,True,6
Josh Allen,BUF,101,0.3487,4.4532,0.4851,0.0792,2.0,5.0,10.2791,2.9816,10.4651,1.6471,True,17
Sam Darnold,SEA,49,0.0737,4.0069,0.5306,0.0204,2.0,4.0,6.6383,3.2409,17.0213,6.3534,False,14
Kyler Murray,MIN,41,-0.3049,-2.5051,0.2195,0.0732,2.0,1.0,8.4412,2.7968,14.7059,1.0188,False,1
Drew Lock,SEA,51,0.4758,6.8836,0.5098,0.0392,0.0,4.0,7.625,2.7696,16.6667,8.8133,True,2
Daniel Jones,IND,108,-0.1499,-0.5857,0.4352,0.0556,3.0,3.0,6.5714,2.7965,17.3469,2.1467,True,17
Jordan Love,GB,132,-0.0174,-10.1206,0.3864,0.0606,2.0,6.0,8.6855,2.49,15.3226,-8.9521,True,10
Justin Herbert,LAC,104,-0.133,-4.221,0.3846,0.0769,4.0,3.0,9.4773,2.841,13.6364,-3.7533,True,10
Jalen Hurts,PHI,105,-0.0091,7.0444,0.4,0.0762,3.0,5.0,7.7011,3.2566,8.046,-0.1338,True,1
Joe Burrow,CIN,113,0.1173,3.364,0.4602,0.0619,1.0,6.0,6.3883,2.5361,11.6505,2.5285,True,9
Trevor Lawrence,JAX,86,0.2554,8.6245,0.5233,0.0465,2.0,7.0,9.05,2.8221,13.5802,7.1333,True,16
Brock Purdy,SF,89,0.6646,6.2758,0.6517,0.0,1.0,9.0,7.506,2.9607,14.4578,7.5486,True,13
Malik Willis,MIA,107,-0.0354,-8.0519,0.3738,0.0841,2.0,1.0,10.1279,2.9258,20.9302,-2.7185,True,2
Bryce Young,CAR,130,0.1417,4.4577,0.4385,0.0538,2.0,7.0,9.3083,3.023,12.3967,3.9898,True,9
C.J. Stroud,HOU,133,-0.0059,-2.6837,0.4436,0.0752,0.0,3.0,9.6102,2.9748,20.0,2.9688,True,7
Bo Nix,DEN,99,-0.0946,-2.6467,0.4242,0.0505,3.0,4.0,5.8602,2.9189,13.9785,-3.9058,True,10
Drake Maye,NE,99,-0.1293,2.7974,0.4747,0.0909,6.0,1.0,8.8,3.0413,11.25,2.3879,True,10
Jayden Daniels,WAS,61,0.1983,-0.9778,0.4426,0.0164,0.0,3.0,9.2549,3.2454,15.6863,-2.7808,True,5
Michael Penix Jr.,ATL,25,0.3383,8.7743,0.64,0.0,1.0,1.0,5.96,,,,False,9
Caleb Williams,CHI,70,0.3145,6.1799,0.4857,0.0714,1.0,2.0,7.9455,3.417,14.5455,3.3036,True,18
Cam Ward,TEN,99,-0.1013,1.4762,0.4444,0.0505,1.0,2.0,6.3409,2.8652,6.8182,-1.8278,True,1
Jaxson Dart,NYG,38,0.5499,10.6299,0.6579,0.0526,0.0,3.0,8.5882,2.6303,20.5882,9.8724,False,6
Tyler Shough,NO,146,0.0354,4.5271,0.5,0.0685,3.0,8.0,7.6794,2.6613,14.3939,3.5431,True,6
Jack Strand,ATL,19,-0.599,-21.3181,0.3158,0.1053,1.0,0.0,3.5333,,,,False,18
