player_display_name,team_abbr,player_position,targets,avg_separation,avg_yac_above_expectation,avg_intended_air_yards,jersey
Adonai Mitchell,NYJ,WR,15,2.686,-0.88,15.825,15
Kalif Raymond,CHI,WR,23,4.266,0.294,5.71,14
Isaac TeSlaa,DET,WR,17,3.919,-0.371,14.489,18
Rashid Shaheed,SEA,WR,15,2.991,-1.428,10.417,22
Jakobi Meyers,JAX,WR,15,3.288,0.71,11.015,3
Jaylen Waddle,DEN,WR,26,3.968,-0.504,10.355,17
Konata Mumpfield,LA,WR,14,2.349,2.828,15.624,4
Jameson Williams,DET,WR,25,2.794,-0.061,14.497,1
Dalton Schultz,HOU,TE,27,4.001,-0.261,5.731,86
KC Concepcion,CLE,WR,28,3.37,-0.261,6.217,1
Makai Lemon,PHI,WR,15,2.867,-1.912,6.443,9
Tyler Warren,IND,TE,27,3.951,-0.527,2.208,84
Deebo Samuel Sr.,SF,WR,17,4.687,-0.233,3.292,19
Luther Burden III,CHI,WR,29,2.478,0.659,7.885,10
DeMario Douglas,NE,WR,17,3.738,-0.129,12.169,3
Ja'Marr Chase,CIN,WR,28,2.749,0.989,8.43,1
Jahan Dotson,ATL,WR,14,2.679,-0.709,14.881,4
Brenton Strange,JAX,TE,18,3.653,0.763,8.022,85
Drake London,ATL,WR,26,3.558,2.12,8.479,5
Rashod Bateman,BAL,WR,15,3.385,-0.29,12.95,7
Rome Odunze,CHI,WR,20,2.294,0.345,14.936,15
Ladd McConkey,LAC,WR,17,3.098,0.257,13.498,15
Skyy Moore,GB,WR,13,4.245,-0.281,5.878,23
Amon-Ra St. Brown,DET,WR,46,2.86,-0.454,8.289,14
DJ Moore,BUF,WR,20,2.739,1.138,15.147,2
Khalil Shakir,BUF,WR,23,4.03,-0.174,5.872,10
Emeka Egbuka,TB,WR,24,3.158,0.741,11.677,2
Dohnte Meyers,CIN,WR,16,4.209,0.993,5.029,81
Rashee Rice,KC,WR,17,4.127,1.887,6.934,4
Stefon Diggs,WAS,WR,31,2.602,-0.263,9.474,3
Malik Nabers,NYG,WR,26,2.951,-0.713,11.446,1
Kendrick Bourne,ARI,WR,14,3.096,0.984,3.864,17
Brian Thomas Jr.,JAX,WR,15,2.962,-0.945,13.4,7
Antonio Williams,WAS,WR,19,2.731,0.349,11.846,14
Tre Harris,LAC,WR,21,3.426,0.257,11.862,9
Christian Watson,GB,WR,32,2.526,3.535,10.563,9
Darnell Washington,PIT,TE,13,2.567,5.538,5.445,80
Ryan Flournoy,DAL,WR,23,3.267,-0.148,6.33,19
CeeDee Lamb,DAL,WR,46,3.09,0.493,10.624,88
Dalton Kincaid,BUF,TE,19,3.177,2.432,11.858,86
Parker Washington,JAX,WR,26,2.124,-1.341,13.678,11
Bryce Lance,NO,WR,13,2.291,-0.629,15.989,18
Juwan Johnson,NO,TE,27,3.793,1.412,6.329,83
Tyler Higbee,LA,TE,19,2.47,-0.58,7.563,89
Wan'Dale Robinson,TEN,WR,23,2.924,0.525,5.505,4
Pat Freiermuth,PIT,TE,19,3.176,1.326,8.171,88
Evan Engram,DEN,TE,13,3.408,-2.532,6.019,1
Josh Downs,IND,WR,28,2.814,1.539,9.712,2
Denzel Boston,CLE,WR,22,2.251,4.282,17.774,12
Carnell Tate,TEN,WR,32,3.137,-0.432,10.91,14
Tre Tucker,LV,WR,23,2.333,-0.315,14.882,1
Kayshon Boutte,HOU,WR,13,2.007,-1.418,12.574,14
Matthew Golden,GB,WR,37,2.573,1.306,14.423,0
Mack Hollins,NE,WR,20,2.657,0.847,14.915,13
Brock Bowers,LV,TE,25,2.052,0.499,10.476,89
Chris Godwin Jr.,TB,WR,18,3.946,1.533,3.668,14
Mark Andrews,BAL,TE,24,3.447,-0.275,7.274,89
Puka Nacua,LA,WR,21,1.667,3.015,11.408,12
Roman Wilson,PIT,WR,24,2.627,-0.022,14.635,14
Cade Otton,TB,TE,23,3.927,-0.17,5.995,88
Jalen Coker,CAR,WR,22,2.779,-0.406,11.476,18
Malik Washington,MIA,WR,28,3.462,1.151,10.238,6
Davante Adams,LA,WR,38,2.282,1.657,15.736,17
Quentin Johnston,LAC,WR,19,2.762,-0.682,13.203,1
Jaxon Smith-Njigba,SEA,WR,42,2.549,0.718,10.552,11
Marvin Harrison Jr.,ARI,WR,13,1.51,1.075,16.364,18
Tommy Tremble,CAR,TE,15,2.575,1.002,4.557,82
Chris Olave,NO,WR,48,2.947,-0.478,13.086,12
Sam LaPorta,DET,TE,32,3.495,0.014,7.16,87
Jordan Addison,MIN,WR,22,2.976,1.593,13.759,3
Xavier Worthy,KC,WR,22,3.536,-0.401,9.57,1
Dontayvion Wicks,PHI,WR,20,2.91,1.297,13.144,13
Travis Kelce,KC,TE,22,3.561,3.524,6.453,87
Keenan Allen,IND,WR,20,2.307,0.336,6.174,10
Mike Evans,SF,WR,24,1.781,-0.727,13.291,5
Colston Loveland,CHI,TE,18,2.922,0.531,6.061,84
DeVonta Smith,PHI,WR,27,2.718,0.164,12.514,6
Malachi Fields,NYG,WR,15,2.085,0.584,17.387,88
Keon Coleman,BUF,WR,16,3.155,-0.449,11.885,0
Michael Wilson,ARI,WR,44,2.771,-0.501,9.603,14
Jake Ferguson,DAL,TE,15,3.946,-0.746,4.503,87
Devaughn Vele,NO,WR,31,2.116,-0.304,10.819,14
Romeo Doubs,NE,WR,20,3.565,0.47,15.958,87
Tee Higgins,CIN,WR,39,2.546,1.004,13.326,5
Kenyon Sadiq,NYJ,TE,18,4.854,0.038,5.819,16
Trey McBride,ARI,TE,46,2.63,-0.154,6.041,85
Courtland Sutton,DEN,WR,22,2.452,0.611,12.269,14
Zay Flowers,BAL,WR,22,2.846,3.833,9.377,4
Xavier Hutchinson,HOU,WR,26,2.405,0.155,13.777,19
George Pickens,DAL,WR,28,2.345,0.032,11.87,3
Tyquan Thornton,KC,WR,15,2.582,1.88,17.431,2
Darren Waller,CAR,TE,19,3.275,0.365,8.28,88
Harold Fannin Jr.,CLE,TE,23,5.778,1.04,6.043,44
Dyami Brown,WAS,WR,13,2.394,-0.5,17.9,6
George Kittle,SF,TE,22,3.182,3.189,7.985,85
Michael Mayer,LV,TE,24,3.647,-0.483,5.221,87
T.J. Hockenson,MIN,TE,26,3.289,-0.979,6.295,87
Mike Gesicki,CIN,TE,15,3.056,-0.04,10.742,88
Nico Collins,HOU,WR,18,1.817,-0.118,13.714,12
Terry McLaurin,WAS,WR,22,2.877,0.649,13.064,17
Tetairoa McMillan,CAR,WR,39,2.908,-0.053,11.711,4
Chris Bell,MIA,WR,14,1.933,3.789,17.986,18
Isaiah Likely,NYG,TE,35,2.727,0.043,6.757,9
Oronde Gadsden II,LAC,TE,15,3.939,-0.383,6.847,86
Justin Jefferson,MIN,WR,17,2.876,1.393,11.594,18
Ted Hurst III,TB,WR,16,1.831,-0.838,17.841,17
Garrett Wilson,NYJ,WR,31,2.267,-0.732,10.013,5
AJ Barner,SEA,TE,15,3.457,2.113,2.484,88
DK Metcalf,PIT,WR,33,2.128,0.941,13.577,4
Tucker Kraft,GB,TE,24,3.261,0.91,5.192,85
Hunter Henry,NE,TE,15,3.253,0.563,7.515,85
