name,posteam,carries,yards,ypc,epa_c,sr,rush_yards_over_expected_per_att,jersey
Derrick Henry,BAL,66,301.0,4.5606,-0.0176,0.5152,0.4779,22
Christian McCaffrey,SF,35,166.0,4.7429,0.0513,0.5143,0.1686,23
Aaron Jones,MIN,52,203.0,3.9038,-0.0922,0.3269,-0.4606,33
Alvin Kamara,NO,18,51.0,2.8333,-0.2798,0.2778,,41
Saquon Barkley,PHI,34,174.0,5.1176,0.0049,0.3824,1.1413,26
Josh Allen,BUF,16,41.0,2.5625,0.1581,0.6875,,17
Tony Pollard,TEN,38,173.0,4.5526,-0.0551,0.3947,0.8023,20
David Montgomery,HOU,37,103.0,2.7838,-0.3376,0.2703,-0.3898,32
Rico Dowdle,PIT,15,37.0,2.4667,-0.3772,0.1333,,13
J.K. Dobbins,DEN,35,121.0,3.4571,-0.1803,0.2571,-0.4752,27
Jonathan Taylor,IND,66,258.0,3.9091,0.0301,0.4091,-0.4428,28
D'Andre Swift,CHI,54,253.0,4.6852,-0.0087,0.4259,0.0612,4
Chuba Hubbard,CAR,41,184.0,4.4878,-0.0208,0.4634,0.5567,30
Rhamondre Stevenson,NE,31,116.0,3.7419,-0.0859,0.3548,0.1317,38
Travis Etienne,NO,30,128.0,4.2667,-0.0393,0.4667,-0.5259,3
Javonte Williams,DAL,43,169.0,3.9302,-0.0756,0.4419,0.3048,33
Jaylen Warren,PIT,38,216.0,5.6842,-0.0053,0.3947,1.7776,30
James Cook,BUF,58,346.0,5.9655,0.0939,0.5172,1.1384,4
Rachaad White,WAS,22,100.0,4.5455,-0.0347,0.4545,-0.3481,1
Tyler Allgeier,ARI,24,70.0,2.9167,-0.2858,0.3333,-0.6837,22
Jordan Mason,MIN,15,59.0,3.9333,-0.1977,0.2,,27
Brian Robinson,ATL,30,132.0,4.4,0.1034,0.4333,-0.047,15
Kyren Williams,LA,38,214.0,5.6316,-0.0304,0.4474,1.5763,23
Breece Hall,NYJ,51,163.0,3.1961,-0.173,0.3333,-0.1506,20
Kenneth Walker III,KC,65,360.0,5.5385,0.0921,0.4769,2.2772,9
Keaton Mitchell,LAC,17,85.0,5.0,-0.1161,0.4706,,34
Bijan Robinson,ATL,66,349.0,5.2879,0.0721,0.5303,1.0283,7
Chase Brown,CIN,49,197.0,4.0204,-0.0832,0.4082,-0.2324,30
Chris Rodriguez Jr.,JAX,20,73.0,3.65,0.0336,0.45,-0.4948,24
Emanuel Wilson,SEA,32,109.0,3.4062,-0.2848,0.4062,-0.3356,23
De'Von Achane,MIA,34,127.0,3.7353,-0.1714,0.3529,-0.2842,28
Jahmyr Gibbs,DET,65,307.0,4.7231,-0.0171,0.5077,0.4897,0
George Holani,SEA,15,52.0,3.4667,-0.015,0.3333,,36
Bucky Irving,TB,40,180.0,4.5,0.0172,0.35,-0.1817,7
Blake Corum,LA,28,148.0,5.2857,0.0359,0.5,0.7736,24
Braelon Allen,NYJ,19,61.0,3.2105,-0.2057,0.3684,,0
MarShawn Lloyd,GB,23,68.0,2.9565,-0.4223,0.3913,-1.4425,32
Ashton Jeanty,LV,63,206.0,3.2698,-0.3103,0.2857,-0.2454,2
Ollie Gordon II,MIA,20,48.0,2.4,-0.2728,0.15,-1.1101,0
Kyle Monangai,CHI,30,178.0,5.9333,0.081,0.3667,1.6888,25
Jacory Croskey-Merritt,WAS,47,142.0,3.0213,-0.1347,0.3191,-1.2273,22
Woody Marks,HOU,22,65.0,2.9545,-0.174,0.3182,-0.4181,4
Omarion Hampton,LAC,50,193.0,3.86,-0.3211,0.4,-0.3797,8
Cam Skattebo,NYG,50,177.0,3.54,-0.1622,0.34,0.0152,44
Bhayshul Tuten,JAX,43,204.0,4.7442,0.062,0.5116,0.4996,33
TreVeyon Henderson,NE,24,99.0,4.125,-0.1654,0.2917,0.6774,32
Quinshon Judkins,CLE,42,124.0,2.9524,-0.3557,0.2619,-0.528,10
Mike Washington Jr.,LV,15,102.0,6.8,0.1281,0.4,,4
Emmett Johnson,KC,16,56.0,3.5,-0.013,0.5,,10
Jeremiyah Love,ARI,41,160.0,3.9024,-0.0098,0.4634,-0.1607,4
Kaelon Black,SF,25,107.0,4.28,-0.0915,0.4,-0.257,26
Jadarian Price,SEA,28,119.0,4.25,-0.4449,0.3571,-0.0555,8
