team,name,carries,yards,ypc,epa_c,sr,rush_yards_over_expected_per_att,jersey
ARI,Jeremiyah Love,55,223.0,4.0545,-0.0125,0.4727,-0.0924,4
ARI,Tyler Allgeier,32,112.0,3.5,-0.1692,0.3438,-0.1395,22
ARI,Jacoby Brissett,8,20.0,2.5,0.5085,0.875,,7
ATL,Bijan Robinson,85,494.0,5.8118,0.1317,0.5412,1.4871,7
ATL,Brian Robinson,44,194.0,4.4091,0.1987,0.5,0.0,15
BAL,Derrick Henry,89,374.0,4.2022,-0.0501,0.4494,0.1792,22
BAL,Justice Hill,14,60.0,4.2857,-0.0103,0.3571,,43
BAL,Lamar Jackson,6,40.0,6.6667,0.4849,0.5,,8
BUF,James Cook,70,421.0,6.0143,0.1311,0.5429,1.4169,4
BUF,Josh Allen,20,41.0,2.05,0.1249,0.65,,17
CAR,Chuba Hubbard,61,306.0,5.0164,0.0445,0.4754,1.2838,30
CAR,AJ Dillon,17,43.0,2.5294,-0.5594,0.2353,,28
CAR,Jonathon Brooks,9,30.0,3.3333,-0.2742,0.2222,,25
CHI,D'Andre Swift,69,311.0,4.5072,-0.114,0.4493,-0.0748,4
CHI,Kyle Monangai,60,324.0,5.4,0.0974,0.4167,1.1655,25
CHI,Caleb Williams,5,21.0,4.2,-0.553,0.4,,18
CIN,Chase Brown,58,207.0,3.569,-0.1148,0.3793,-0.5796,30
CIN,Samaje Perine,13,42.0,3.2308,-0.2943,0.1538,,34
CLE,Quinshon Judkins,59,177.0,3.0,-0.2889,0.2712,-0.5092,10
CLE,Deshaun Watson,12,26.0,2.1667,-0.6777,0.5,,4
CLE,Raheim Sanders,6,31.0,5.1667,-0.0425,0.3333,,23
DAL,Javonte Williams,62,231.0,3.7258,-0.0071,0.4516,0.0407,33
DAL,Tyler Goodson,9,34.0,3.7778,-0.0717,0.4444,,32
DAL,Emari Demercado,5,15.0,3.0,-0.2294,0.2,,31
DEN,J.K. Dobbins,46,161.0,3.5,-0.1652,0.2609,-0.6396,27
DEN,RJ Harvey,12,49.0,4.0833,-0.0419,0.5,,12
DEN,Jonah Coleman,10,39.0,3.9,-0.0207,0.4,,20
DEN,Bo Nix,7,16.0,2.2857,0.3045,0.5714,,10
DET,Jahmyr Gibbs,80,353.0,4.4125,-0.0183,0.475,0.0514,0
DET,Sione Vaki,9,40.0,4.4444,0.0639,0.4444,,33
GB,MarShawn Lloyd,30,81.0,2.7,-0.4244,0.3667,-1.4604,32
GB,Kaleb Johnson,20,80.0,4.0,-0.4641,0.35,,26
GB,Chris Brooks,15,70.0,4.6667,-0.0636,0.3333,,30
HOU,David Montgomery,47,127.0,2.7021,-0.3413,0.2553,-0.3108,32
HOU,Woody Marks,28,87.0,3.1071,-0.1465,0.3214,-0.4904,4
IND,Jonathan Taylor,86,353.0,4.1047,0.0649,0.4419,-0.3144,28
IND,Seth McGowan,12,45.0,3.75,0.0148,0.3333,,20
IND,Daniel Jones,5,12.0,2.4,1.1172,1.0,,17
JAX,Bhayshul Tuten,60,277.0,4.6167,0.0368,0.4667,0.6705,33
JAX,Chris Rodriguez Jr.,26,108.0,4.1538,0.0712,0.4231,-0.0949,24
JAX,Ameer Abdullah,10,45.0,4.5,0.0568,0.5,,20
JAX,Trevor Lawrence,7,28.0,4.0,0.4884,0.7143,,16
KC,Kenneth Walker III,87,537.0,6.1724,0.1115,0.4713,2.5214,9
KC,Emmett Johnson,16,56.0,3.5,-0.013,0.5,,10
LA,Kyren Williams,54,294.0,5.4444,0.0449,0.463,1.0632,23
LA,Blake Corum,33,162.0,4.9091,-0.012,0.4545,0.2582,24
LA,Ronnie Rivers,5,19.0,3.8,-0.5476,0.4,,20
LAC,Omarion Hampton,59,238.0,4.0339,-0.2151,0.4237,-0.0721,8
LAC,Keaton Mitchell,27,124.0,4.5926,-0.0907,0.4444,-0.1585,34
LAC,Kimani Vidal,6,31.0,5.1667,0.2586,0.6667,,28
LAC,Justin Herbert,5,11.0,2.2,-0.5032,0.4,,10
LV,Ashton Jeanty,78,264.0,3.3846,-0.2873,0.3205,-0.11,2
LV,Mike Washington Jr.,24,120.0,5.0,-0.0921,0.3333,,4
MIA,De'Von Achane,34,127.0,3.7353,-0.1714,0.3529,-0.2842,28
MIA,Ollie Gordon II,29,148.0,5.1034,0.0407,0.2414,0.4827,0
MIA,Jaylen Wright,8,17.0,2.125,-0.4112,0.375,,5
MIA,Malik Willis,6,18.0,3.0,-0.33,0.5,,2
MIA,Malik Washington,5,12.0,2.4,-0.3984,0.2,,6
MIN,Aaron Jones,72,297.0,4.125,-0.0794,0.3472,-0.4264,33
MIN,Jordan Mason,15,59.0,3.9333,-0.1977,0.2,,27
MIN,Demond Claiborne,6,13.0,2.1667,-0.4324,0.1667,,21
NE,Rhamondre Stevenson,44,163.0,3.7045,-0.0641,0.4091,0.0628,38
NE,TreVeyon Henderson,38,141.0,3.7105,-0.1545,0.3158,0.1916,32
NE,Corey Kiner,14,29.0,2.0714,-0.2808,0.2143,,9
NE,Drake Maye,5,5.0,1.0,-0.5311,0.2,,10
NO,Travis Etienne,30,128.0,4.2667,-0.0393,0.4667,-0.5259,3
NO,Alvin Kamara,25,74.0,2.96,-0.0783,0.32,-0.8929,41
NO,Kendre Miller,19,53.0,2.7895,-0.4013,0.2105,,5
NO,Tyler Shough,9,18.0,2.0,0.1894,0.4444,,6
NO,CJ Donaldson,7,29.0,4.1429,0.3427,0.7143,,43
NYG,Cam Skattebo,68,235.0,3.4559,-0.169,0.3235,-0.5163,44
NYG,Najee Harris,22,88.0,4.0,-0.32,0.2727,,23
NYG,Devin Singletary,9,25.0,2.7778,-0.2697,0.2222,,26
NYG,Jaxson Dart,6,49.0,8.1667,1.0557,1.0,,6
NYJ,Breece Hall,51,163.0,3.1961,-0.173,0.3333,-0.1506,20
NYJ,Braelon Allen,33,120.0,3.6364,-0.1041,0.4545,0.1081,0
PHI,Saquon Barkley,36,182.0,5.0556,-0.0003,0.3889,1.1472,26
PHI,Tank Bigsby,28,91.0,3.25,-0.1715,0.3571,-0.6709,8
PHI,Will Shipley,15,51.0,3.4,-0.2183,0.2667,,28
PHI,Jalen Hurts,8,10.0,1.25,-0.2434,0.375,,1
PIT,Jaylen Warren,55,309.0,5.6182,0.0276,0.4364,1.4537,30
PIT,Rico Dowdle,15,37.0,2.4667,-0.3772,0.1333,,13
PIT,Travis Homer,5,15.0,3.0,-0.0165,0.4,,21
SEA,Emanuel Wilson,53,190.0,3.5849,-0.1677,0.3774,-0.3656,23
SEA,Jadarian Price,28,119.0,4.25,-0.4449,0.3571,-0.0555,8
SEA,George Holani,22,70.0,3.1818,-0.1933,0.3182,,36
SF,Christian McCaffrey,50,218.0,4.36,-0.0154,0.44,0.2634,23
SF,Kaelon Black,31,120.0,3.871,-0.0654,0.4194,-0.4619,26
SF,Deebo Samuel Sr.,7,74.0,10.5714,0.421,0.5714,,19
SF,Brock Purdy,7,10.0,1.4286,-0.3665,0.5714,,13
TB,Bucky Irving,56,241.0,4.3036,-0.0043,0.375,-0.0523,7
TB,Kenny Gainwell,13,26.0,2.0,-0.2987,0.2308,,1
TEN,Tony Pollard,54,221.0,4.0926,-0.0751,0.3889,0.2134,20
TEN,Tyjae Spears,15,65.0,4.3333,-0.0362,0.3333,,2
TEN,Nicholas Singleton,7,12.0,1.7143,-0.3716,0.1429,,32
WAS,Jacory Croskey-Merritt,56,157.0,2.8036,-0.1787,0.3036,-1.2653,22
WAS,Rachaad White,22,100.0,4.5455,-0.0347,0.4545,,1
WAS,Kaytron Allen,12,41.0,3.4167,-0.3188,0.5,,31
