team,pfr_player_name,gname,rush_bt,rec_bt,touches,jersey
ARI,Tyler Allgeier,Tyler Allgeier,4.0,0.0,42.0,22
ARI,Trey McBride,Trey McBride,0.0,3.0,33.0,85
ARI,Jeremiyah Love,Jeremiyah Love,2.0,0.0,66.0,4
ARI,Jacoby Brissett,Jacoby Brissett,1.0,0.0,15.0,7
ARI,Jalen Brooks,Jalen Brooks,0.0,0.0,0.0,86
ARI,Zonovan Knight,Bam Knight,0.0,0.0,2.0,20
ARI,Hunter Long,Hunter Long,0.0,0.0,2.0,89
ARI,Marvin Harrison,Marvin Harrison Jr.,0.0,0.0,5.0,18
ARI,Elijah Higgins,Elijah Higgins,0.0,0.0,5.0,84
ARI,Kendrick Bourne,Kendrick Bourne,0.0,0.0,12.0,17
ARI,Michael Wilson,Michael Wilson,0.0,0.0,25.0,14
ATL,Bijan Robinson,Bijan Robinson,7.0,3.0,80.0,7
ATL,Brian Robinson,Brian Robinson,1.0,1.0,33.0,15
ATL,Drake London,Drake London,0.0,1.0,22.0,5
ATL,Charlie Woerner,Charlie Woerner,0.0,0.0,0.0,89
ATL,Chris Blair,Chris Blair,0.0,0.0,1.0,19
ATL,Michael Penix,Michael Penix Jr.,0.0,0.0,2.0,9
ATL,Cooper Rush,Cooper Rush,0.0,0.0,2.0,13
ATL,Jack Strand,Jack Strand,0.0,0.0,2.0,18
ATL,Olamide Zaccheaus,Olamide Zaccheaus,0.0,0.0,4.0,14
ATL,Zachariah Branch,Zachariah Branch,0.0,0.0,5.0,17
ATL,Austin Hooper,Austin Hooper,0.0,0.0,5.0,81
ATL,Kyle Pitts,Kyle Pitts,0.0,0.0,5.0,8
ATL,Jahan Dotson,Jahan Dotson,0.0,0.0,6.0,4
BAL,Derrick Henry,Derrick Henry,4.0,1.0,96.0,22
BAL,Lamar Jackson,Lamar Jackson,4.0,0.0,19.0,8
BAL,Rashod Bateman,Rashod Bateman,0.0,1.0,11.0,7
BAL,Mark Andrews,Mark Andrews,0.0,1.0,18.0,89
BAL,Zay Flowers,Zay Flowers,0.0,1.0,19.0,4
BAL,Josh Cuevas,Josh Cuevas,0.0,0.0,1.0,85
BAL,Ja'Kobi Lane,Ja'Kobi Lane,0.0,0.0,1.0,6
BAL,Elijah Sarratt,Elijah Sarratt,0.0,0.0,1.0,13
BAL,Durham Smythe,Durham Smythe,0.0,0.0,1.0,80
BAL,Devontez Walker,Devontez Walker,0.0,0.0,2.0,81
BAL,Chris Moore,Chris Moore,0.0,0.0,3.0,17
BAL,LaJohntay Wester,LaJohntay Wester,0.0,0.0,3.0,10
BAL,Tyler Huntley,Tyler Huntley,0.0,0.0,4.0,5
BAL,Matthew Hibner,Matthew Hibner,0.0,0.0,5.0,88
BAL,Justice Hill,Justice Hill,0.0,0.0,19.0,43
BUF,James Cook,James Cook,7.0,0.0,76.0,4
BUF,D.J. Moore,DJ Moore,0.0,3.0,14.0,2
BUF,Dalton Kincaid,Dalton Kincaid,0.0,2.0,15.0,86
BUF,Ty Johnson,Ty Johnson,0.0,1.0,7.0,26
BUF,Jackson Hawes,Jackson Hawes,0.0,0.0,0.0,85
BUF,Frank Gore,Frank Gore Jr.,0.0,0.0,1.0,20
BUF,Ray Davis,Ray Davis,0.0,0.0,3.0,7
BUF,Josh Palmer,Josh Palmer,0.0,0.0,3.0,5
BUF,Dawson Knox,Dawson Knox,0.0,0.0,7.0,88
BUF,Keon Coleman,Keon Coleman,0.0,0.0,14.0,0
BUF,Khalil Shakir,Khalil Shakir,0.0,0.0,15.0,10
BUF,Josh Allen,Josh Allen,0.0,0.0,34.0,17
CAR,Chuba Hubbard,Chuba Hubbard,5.0,2.0,71.0,30
CAR,Tommy Tremble,Tommy Tremble,0.0,2.0,11.0,82
CAR,AJ Dillon,AJ Dillon,2.0,0.0,19.0,28
CAR,Darren Waller,Darren Waller,0.0,1.0,13.0,88
CAR,Jalen Coker,Jalen Coker,0.0,1.0,18.0,18
CAR,Jimmy Horn,Jimmy Horn Jr.,0.0,0.0,0.0,15
CAR,David Moore,David Moore,0.0,0.0,0.0,83
CAR,Ja'seem Reed,Ja'Seem Reed,0.0,0.0,0.0,86
CAR,Xavier Legette,Xavier Legette,0.0,0.0,2.0,17
CAR,Kenny Pickett,Kenny Pickett,0.0,0.0,2.0,12
CAR,John Metchie,John Metchie III,0.0,0.0,5.0,13
CAR,Mitchell Evans,Mitchell Evans,0.0,0.0,6.0,84
CAR,Brycen Tremayne,Brycen Tremayne,0.0,0.0,6.0,87
CAR,Bryce Young,Bryce Young,0.0,0.0,6.0,9
CAR,Jonathon Brooks,Jonathon Brooks,0.0,0.0,11.0,25
CAR,Tetairoa McMillan,Tetairoa McMillan,0.0,0.0,26.0,4
CHI,D'Andre Swift,D'Andre Swift,4.0,2.0,79.0,4
CHI,Luther Burden,Luther Burden III,0.0,4.0,22.0,10
CHI,Rome Odunze,Rome Odunze,0.0,3.0,14.0,15
CHI,Kyle Monangai,Kyle Monangai,2.0,0.0,65.0,25
CHI,Caleb Williams,Caleb Williams,1.0,0.0,15.0,18
CHI,Kalif Raymond,Kalif Raymond,0.0,1.0,21.0,14
CHI,Zavion Thomas,Zavion Thomas,0.0,0.0,1.0,13
CHI,Jahdae Walker,Jahdae Walker,0.0,0.0,1.0,9
CHI,Sam Roush,Sam Roush,0.0,0.0,3.0,87
CHI,Tyson Bagent,Tyson Bagent,0.0,0.0,4.0,17
CHI,Case Keenum,Case Keenum,0.0,0.0,4.0,11
CHI,Cole Kmet,Cole Kmet,0.0,0.0,4.0,85
CHI,Roschon Johnson,Roschon Johnson,0.0,0.0,5.0,23
CHI,Colston Loveland,Colston Loveland,0.0,0.0,11.0,84
CIN,Chase Brown,Chase Brown,3.0,2.0,79.0,30
CIN,Tee Higgins,Tee Higgins,0.0,2.0,25.0,5
CIN,Erick All,Erick All,0.0,0.0,2.0,83
CIN,Colbie Young,Colbie Young,0.0,0.0,2.0,86
CIN,Andrei Iosivas,Andrei Iosivas,0.0,0.0,3.0,80
CIN,Mitchell Tinsley,Mitchell Tinsley,0.0,0.0,3.0,82
CIN,Tanner Hudson,Tanner Hudson,0.0,0.0,4.0,87
CIN,Drew Sample,Drew Sample,0.0,0.0,4.0,89
CIN,Joe Burrow,Joe Burrow,0.0,0.0,11.0,9
CIN,Mike Gesicki,Mike Gesicki,0.0,0.0,11.0,88
CIN,Dohnte Meyers,Dohnte Meyers,0.0,0.0,12.0,81
CIN,Samaje Perine,Samaje Perine,0.0,0.0,18.0,34
CIN,Ja'Marr Chase,Ja'Marr Chase,0.0,0.0,21.0,1
CLE,Quinshon Judkins,Quinshon Judkins,5.0,2.0,74.0,10
CLE,Harold Fannin,Harold Fannin Jr.,0.0,2.0,17.0,44
CLE,Deshaun Watson,Deshaun Watson,2.0,0.0,31.0,4
CLE,Denzel Boston,Denzel Boston,0.0,1.0,13.0,12
CLE,Raheim Sanders,Raheim Sanders,0.0,1.0,16.0,23
CLE,KC Concepcion,KC Concepcion,0.0,1.0,21.0,1
CLE,Michael Burton,Michael Burton,0.0,0.0,0.0,34
CLE,Isaiah Bond,Isaiah Bond,0.0,0.0,2.0,0
CLE,Jaleel McLaughlin,Jaleel McLaughlin,0.0,0.0,2.0,38
CLE,Blake Whiteheart,Blake Whiteheart,0.0,0.0,2.0,86
CLE,Jerry Jeudy,Jerry Jeudy,0.0,0.0,5.0,3
DAL,Javonte Williams,Javonte Williams,3.0,0.0,77.0,33
DAL,Ryan Flournoy,Ryan Flournoy,0.0,2.0,13.0,19
DAL,Brevyn Spann-Ford,Brevyn Spann-Ford,0.0,1.0,3.0,89
DAL,KaVontae Turpin,KaVontae Turpin,0.0,1.0,4.0,9
DAL,Dak Prescott,Dak Prescott,1.0,0.0,12.0,4
DAL,George Pickens,George Pickens,0.0,1.0,18.0,3
DAL,Jonathan Mingo,Jonathan Mingo,0.0,0.0,1.0,18
DAL,Luke Schoonmaker,Luke Schoonmaker,0.0,0.0,2.0,86
DAL,Hunter Luepke,Hunter Luepke,0.0,0.0,3.0,30
DAL,Emari Demercado,Emari Demercado,0.0,0.0,5.0,31
DAL,Tyler Goodson,Tyler Goodson,0.0,0.0,10.0,32
DAL,Jake Ferguson,Jake Ferguson,0.0,0.0,12.0,87
DAL,CeeDee Lamb,CeeDee Lamb,0.0,0.0,39.0,88
DEN,Jaylen Waddle,Jaylen Waddle,1.0,1.0,17.0,17
DEN,Evan Engram,Evan Engram,0.0,1.0,6.0,1
DEN,RJ Harvey,RJ Harvey,0.0,1.0,32.0,12
DEN,Lil'Jordan Humphrey,Lil'Jordan Humphrey,0.0,0.0,0.0,5
DEN,Marvin Mims,Marvin Mims Jr.,0.0,0.0,1.0,19
DEN,Adam Prentice,Adam Prentice,0.0,0.0,1.0,46
DEN,Adam Trautman,Adam Trautman,0.0,0.0,2.0,82
DEN,Troy Franklin,Troy Franklin,0.0,0.0,3.0,11
DEN,Nate Adkins,Nate Adkins,0.0,0.0,5.0,45
DEN,Tyler Badie,Tyler Badie,0.0,0.0,9.0,28
DEN,Courtland Sutton,Courtland Sutton,0.0,0.0,9.0,14
DEN,Pat Bryant,Pat Bryant,0.0,0.0,10.0,13
DEN,Jonah Coleman,Jonah Coleman,0.0,0.0,13.0,20
DEN,Bo Nix,Bo Nix,0.0,0.0,14.0,10
DEN,J.K. Dobbins,J.K. Dobbins,0.0,0.0,49.0,27
DET,Jahmyr Gibbs,Jahmyr Gibbs,7.0,2.0,102.0,0
DET,Sione Vaki,Sione Vaki,0.0,1.0,13.0,33
DET,Sam LaPorta,Sam LaPorta,0.0,1.0,22.0,87
DET,Amon-Ra St. Brown,Amon-Ra St. Brown,0.0,1.0,31.0,14
DET,Jackson Meeks,Jackson Meeks,0.0,0.0,1.0,13
DET,Brock Wright,Brock Wright,0.0,0.0,4.0,89
DET,Jared Goff,Jared Goff,0.0,0.0,9.0,16
DET,Isaac TeSlaa,Isaac TeSlaa,0.0,0.0,9.0,18
DET,Jameson Williams,Jameson Williams,0.0,0.0,16.0,1
GB,Kaleb Johnson,Kaleb Johnson,4.0,1.0,21.0,26
GB,Skyy Moore,Skyy Moore,0.0,1.0,6.0,23
GB,Tucker Kraft,Tucker Kraft,0.0,1.0,16.0,85
GB,MarShawn Lloyd,MarShawn Lloyd,1.0,0.0,39.0,32
GB,Bo Melton,Bo Melton,0.0,0.0,1.0,16
GB,Mark Redman,Mark Redman,0.0,0.0,2.0,86
GB,J. Michael Sturdivant,J. Michael Sturdivant,0.0,0.0,3.0,87
GB,Jayden Reed,Jayden Reed,0.0,0.0,4.0,11
GB,Jonnu Smith,Jonnu Smith,0.0,0.0,5.0,18
GB,Jordan Love,Jordan Love,0.0,0.0,6.0,10
GB,Chris Brooks,Chris Brooks,0.0,0.0,18.0,30
GB,Matthew Golden,Matthew Golden,0.0,0.0,19.0,0
GB,Christian Watson,Christian Watson,0.0,0.0,20.0,9
HOU,Woody Marks,Woody Marks,3.0,0.0,35.0,4
HOU,David Montgomery,David Montgomery,3.0,0.0,54.0,32
HOU,Jared Wayne,Jared Wayne,0.0,1.0,4.0,17
HOU,Lewis Bond,Lewis Bond,0.0,0.0,0.0,82
HOU,Brevin Jordan,Brevin Jordan,0.0,0.0,1.0,9
HOU,Marlin Klein,Marlin Klein,0.0,0.0,1.0,83
HOU,Cade Stover,Cade Stover,0.0,0.0,2.0,8
HOU,Foster Moreau,Foster Moreau,0.0,0.0,7.0,87
HOU,Kayshon Boutte,Kayshon Boutte,0.0,0.0,9.0,14
HOU,C.J. Stroud,C.J. Stroud,0.0,0.0,9.0,7
HOU,Jaylin Noel,Jaylin Noel,0.0,0.0,11.0,13
HOU,Xavier Hutchinson,Xavier Hutchinson,0.0,0.0,14.0,19
HOU,Nico Collins,Nico Collins,0.0,0.0,15.0,12
HOU,Dalton Schultz,Dalton Schultz,0.0,0.0,21.0,86
IND,Seth McGowan,Seth McGowan,3.0,0.0,14.0,20
IND,Jonathan Taylor,Jonathan Taylor,2.0,1.0,96.0,28
IND,Tyler Warren,Tyler Warren,0.0,1.0,25.0,84
IND,Andrew Ogletree,Andrew Ogletree,0.0,0.0,0.0,85
IND,Mo Alie-Cox,Mo Alie-Cox,0.0,0.0,1.0,81
IND,Deion Burks,Deion Burks,0.0,0.0,3.0,80
IND,Ashton Dulin,Ashton Dulin,0.0,0.0,3.0,16
IND,Alec Pierce,Alec Pierce,0.0,0.0,5.0,14
IND,Laquon Treadwell,Laquon Treadwell,0.0,0.0,9.0,13
IND,Daniel Jones,Daniel Jones,0.0,0.0,11.0,17
IND,Keenan Allen,Keenan Allen,0.0,0.0,13.0,10
IND,Josh Downs,Josh Downs,0.0,0.0,17.0,2
JAX,Bhayshul Tuten,Bhayshul Tuten,3.0,0.0,67.0,33
JAX,Josh Cameron,Josh Cameron,0.0,1.0,5.0,19
JAX,Brenton Strange,Brenton Strange,0.0,1.0,14.0,85
JAX,Parker Washington,Parker Washington,0.0,1.0,17.0,11
JAX,Chris Rodriguez,Chris Rodriguez Jr.,1.0,0.0,26.0,24
JAX,Quintin Morris,Quintin Morris,0.0,0.0,1.0,80
JAX,LeQuint Allen,LeQuint Allen Jr.,0.0,0.0,2.0,5
JAX,Nate Boerkircher,Nate Boerkircher,0.0,0.0,2.0,87
JAX,Travis Hunter,Travis Hunter,0.0,0.0,2.0,12
JAX,Nick Mullens,Nick Mullens,0.0,0.0,3.0,14
JAX,Brian Thomas,Brian Thomas Jr.,0.0,0.0,9.0,7
JAX,Trevor Lawrence,Trevor Lawrence,0.0,0.0,11.0,16
JAX,Ameer Abdullah,Ameer Abdullah,0.0,0.0,12.0,20
JAX,Jakobi Meyers,Jakobi Meyers,0.0,0.0,14.0,3
KC,Kenneth Walker,Kenneth Walker III,12.0,2.0,99.0,9
KC,Emmett Johnson,Emmett Johnson,0.0,3.0,21.0,10
KC,Rashee Rice,Rashee Rice,0.0,2.0,13.0,4
KC,Travis Kelce,Travis Kelce,0.0,1.0,16.0,87
KC,Cyrus Allen,Cyrus Allen,0.0,0.0,0.0,13
KC,Matt Araiza,Matt Araiza,0.0,0.0,1.0,14
KC,Jake Briningstool,Jake Briningstool,0.0,0.0,1.0,88
KC,Brashard Smith,Brashard Smith,0.0,0.0,1.0,24
KC,Khyiris Tonga,Khyiris Tonga,0.0,0.0,2.0,92
KC,Jalen Royals,Jalen Royals,0.0,0.0,3.0,11
KC,Noah Gray,Noah Gray,0.0,0.0,6.0,83
KC,Tyquan Thornton,Tyquan Thornton,0.0,0.0,11.0,2
KC,Patrick Mahomes,Patrick Mahomes,0.0,0.0,12.0,15
KC,Xavier Worthy,Xavier Worthy,0.0,0.0,14.0,1
LA,Kyren Williams,Kyren Williams,3.0,2.0,75.0,23
LA,Puka Nacua,Puka Nacua,0.0,2.0,15.0,12
LA,Ronnie Rivers,Ronnie Rivers,0.0,1.0,6.0,20
LA,Xavier Smith,Xavier Smith,0.0,0.0,0.0,19
LA,Stetson Bennett,Stetson Bennett,0.0,0.0,1.0,13
LA,Tutu Atwell,Tutu Atwell,0.0,0.0,2.0,8
LA,Jordan Whittington,Jordan Whittington,0.0,0.0,2.0,88
LA,Colby Parkinson,Colby Parkinson,0.0,0.0,3.0,84
LA,Davis Allen,Davis Allen,0.0,0.0,4.0,87
LA,Konata Mumpfield,Konata Mumpfield,0.0,0.0,6.0,4
LA,Terrance Ferguson,Terrance Ferguson,0.0,0.0,7.0,18
LA,Matthew Stafford,Matthew Stafford,0.0,0.0,11.0,9
LA,Tyler Higbee,Tyler Higbee,0.0,0.0,15.0,89
LA,Davante Adams,Davante Adams,0.0,0.0,22.0,17
LA,Blake Corum,Blake Corum,0.0,0.0,37.0,24
LAC,Omarion Hampton,Omarion Hampton,9.0,0.0,63.0,8
LAC,Keaton Mitchell,Keaton Mitchell,4.0,1.0,36.0,34
LAC,Justin Herbert,Justin Herbert,3.0,0.0,18.0,10
LAC,Quentin Johnston,Quentin Johnston,1.0,0.0,9.0,1
LAC,Tre Harris,Tre Harris,0.0,1.0,13.0,9
LAC,Marquez Valdes-Scantling,Marquez Valdes-Scantling,0.0,0.0,0.0,13
LAC,Derius Davis,Derius Davis,0.0,0.0,1.0,12
LAC,Brenen Thompson,Brenen Thompson,0.0,0.0,1.0,89
LAC,Alec Ingold,Alec Ingold,0.0,0.0,3.0,30
LAC,Charlie Kolar,Charlie Kolar,0.0,0.0,3.0,88
LAC,David Njoku,David Njoku,0.0,0.0,6.0,83
LAC,Kimani Vidal,Kimani Vidal,0.0,0.0,9.0,28
LAC,Oronde Gadsden,Oronde Gadsden II,0.0,0.0,10.0,86
LAC,Ladd McConkey,Ladd McConkey,0.0,0.0,12.0,15
LV,Ashton Jeanty,Ashton Jeanty,5.0,1.0,97.0,2
LV,Michael Mayer,Michael Mayer,0.0,2.0,20.0,87
LV,Ian Thomas,Ian Thomas,0.0,1.0,3.0,80
LV,Jack Bech,Jack Bech,0.0,1.0,5.0,18
LV,Mike Washington,Mike Washington Jr.,1.0,0.0,25.0,4
LV,Cody White,,0.0,0.0,0.0,82
LV,Malik Benson,Malik Benson,0.0,0.0,2.0,19
LV,Dareke Young,Dareke Young,0.0,0.0,2.0,81
LV,Connor Heyward,Connor Heyward,0.0,0.0,5.0,34
LV,Jalen Nailor,Jalen Nailor,0.0,0.0,5.0,9
LV,Kirk Cousins,Kirk Cousins,0.0,0.0,12.0,8
LV,Tre Tucker,Tre Tucker,0.0,0.0,15.0,1
LV,Brock Bowers,Brock Bowers,0.0,0.0,16.0,89
MIA,Ollie Gordon,Ollie Gordon II,4.0,1.0,34.0,0
MIA,Malik Washington,Malik Washington,0.0,2.0,22.0,6
MIA,Chris Bell,Chris Bell,0.0,1.0,5.0,18
MIA,Caleb Douglas,Caleb Douglas,0.0,1.0,7.0,7
MIA,Jaylen Wright,Jaylen Wright,1.0,0.0,8.0,5
MIA,De'Von Achane,De'Von Achane,0.0,1.0,41.0,28
MIA,Jalen Tolbert,Jalen Tolbert,0.0,0.0,0.0,1
MIA,DJ Herman,DJ Herman,0.0,0.0,1.0,34
MIA,Bradley Pinion,Bradley Pinion,0.0,0.0,1.0,48
MIA,Kevin Coleman,Kevin Coleman Jr.,0.0,0.0,2.0,21
MIA,Will Kacmarek,Will Kacmarek,0.0,0.0,2.0,89
MIA,Ryan Miller,Ryan Miller,0.0,0.0,3.0,84
MIA,Greg Dulcich,Greg Dulcich,0.0,0.0,9.0,85
MIA,Malik Willis,Malik Willis,0.0,0.0,19.0,2
MIN,Jordan Addison,Jordan Addison,0.0,2.0,12.0,3
MIN,Justin Jefferson,Justin Jefferson,0.0,1.0,13.0,18
MIN,T.J. Hockenson,T.J. Hockenson,0.0,1.0,22.0,87
MIN,Aaron Jones,Aaron Jones,1.0,0.0,81.0,33
MIN,Gavin Bartholomew,Gavin Bartholomew,0.0,0.0,1.0,86
MIN,Tai Felton,Tai Felton,0.0,0.0,1.0,13
MIN,Jauan Jennings,Jauan Jennings,0.0,0.0,2.0,14
MIN,Josh Oliver,Josh Oliver,0.0,0.0,3.0,84
MIN,Myles Price,Myles Price,0.0,0.0,3.0,4
MIN,DeeJay Dallas,DeeJay Dallas,0.0,0.0,6.0,31
MIN,Demond Claiborne,Demond Claiborne,0.0,0.0,7.0,21
MIN,Carson Wentz,Carson Wentz,0.0,0.0,8.0,11
MIN,Kyler Murray,Kyler Murray,0.0,0.0,10.0,1
MIN,Jordan Mason,Jordan Mason,0.0,0.0,15.0,27
NE,Rhamondre Stevenson,Rhamondre Stevenson,0.0,2.0,56.0,38
NE,Hunter Henry,Hunter Henry,0.0,1.0,12.0,85
NE,Tommy DeVito,Tommy DeVito,0.0,0.0,1.0,16
NE,Reggie Gilliam,Reggie Gilliam,0.0,0.0,1.0,44
NE,Lan Larison,Lan Larison,0.0,0.0,2.0,34
NE,Kyle Williams,Kyle Williams,0.0,0.0,2.0,18
NE,A.J. Brown,A.J. Brown,0.0,0.0,3.0,1
NE,Eli Raridon,Eli Raridon,0.0,0.0,3.0,82
NE,Efton Chism,Efton Chism III,0.0,0.0,4.0,86
NE,DeMario Douglas,DeMario Douglas,0.0,0.0,9.0,3
NE,Romeo Doubs,Romeo Doubs,0.0,0.0,12.0,87
NE,Mack Hollins,Mack Hollins,0.0,0.0,15.0,13
NE,Corey Kiner,Corey Kiner,0.0,0.0,15.0,9
NE,Drake Maye,Drake Maye,0.0,0.0,23.0,10
NE,TreVeyon Henderson,TreVeyon Henderson,0.0,0.0,39.0,32
NO,Travis Etienne,Travis Etienne,3.0,1.0,41.0,3
NO,Juwan Johnson,Juwan Johnson,0.0,3.0,21.0,83
NO,Tyler Shough,Tyler Shough,2.0,0.0,14.0,6
NO,Alvin Kamara,Alvin Kamara,2.0,0.0,29.0,41
NO,Devaughn Vele,Devaughn Vele,0.0,1.0,21.0,14
NO,Kevin Austin,Kevin Austin Jr.,0.0,0.0,1.0,81
NO,Barion Brown,Barion Brown,0.0,0.0,1.0,19
NO,Oscar Delp,Oscar Delp,0.0,0.0,1.0,4
NO,Bryce Lance,Bryce Lance,0.0,0.0,5.0,18
NO,CJ Donaldson,CJ Donaldson,0.0,0.0,7.0,43
NO,Noah Fant,Noah Fant,0.0,0.0,8.0,87
NO,Kendre Miller,Kendre Miller,0.0,0.0,17.0,5
NO,Chris Olave,Chris Olave,0.0,0.0,35.0,12
NYG,Cam Skattebo,Cam Skattebo,3.0,1.0,76.0,44
NYG,Malik Nabers,Malik Nabers,0.0,2.0,18.0,1
NYG,Najee Harris,Najee Harris,2.0,0.0,22.0,23
NYG,Odell Beckham,Odell Beckham Jr.,0.0,0.0,0.0,13
NYG,Braxton Berrios,Braxton Berrios,0.0,0.0,0.0,87
NYG,Patrick Ricard,Patrick Ricard,0.0,0.0,1.0,45
NYG,Theo Johnson,Theo Johnson,0.0,0.0,2.0,84
NYG,Tyrone Tracy,Tyrone Tracy Jr.,0.0,0.0,4.0,29
NYG,Jameis Winston,Jameis Winston,0.0,0.0,4.0,19
NYG,Darnell Mooney,Darnell Mooney,0.0,0.0,7.0,17
NYG,Malachi Fields,Malachi Fields,0.0,0.0,8.0,88
NYG,Jaxson Dart,Jaxson Dart,0.0,0.0,11.0,6
NYG,Devin Singletary,Devin Singletary,0.0,0.0,13.0,26
NYG,Isaiah Likely,Isaiah Likely,0.0,0.0,22.0,9
NYJ,Braelon Allen,Braelon Allen,5.0,0.0,39.0,0
NYJ,Breece Hall,Breece Hall,5.0,0.0,61.0,20
NYJ,Omar Cooper,Omar Cooper Jr.,0.0,2.0,1.0,11
NYJ,Isaiah Williams,Isaiah Williams,1.0,0.0,11.0,18
NYJ,Garrett Wilson,Garrett Wilson,0.0,1.0,24.0,5
NYJ,Arian Smith,Arian Smith,0.0,0.0,0.0,82
NYJ,Sterling Shepard,Sterling Shepard,0.0,0.0,1.0,87
NYJ,Mason Taylor,Mason Taylor,0.0,0.0,2.0,85
NYJ,Jelani Woods,Jelani Woods,0.0,0.0,2.0,86
NYJ,Jeremy Ruckert,Jeremy Ruckert,0.0,0.0,8.0,89
NYJ,Adonai Mitchell,Adonai Mitchell,0.0,0.0,9.0,15
NYJ,Kenyon Sadiq,Kenyon Sadiq,0.0,0.0,13.0,16
NYJ,Geno Smith,Geno Smith,0.0,0.0,13.0,7
PHI,DeVonta Smith,DeVonta Smith,0.0,1.0,19.0,6
PHI,Jalen Hurts,Jalen Hurts,1.0,0.0,21.0,1
PHI,Saquon Barkley,Saquon Barkley,1.0,0.0,40.0,26
PHI,Marquise Brown,Marquise Brown,0.0,0.0,2.0,0
PHI,Zach Ertz,Zach Ertz,0.0,0.0,3.0,86
PHI,Johnny Mundt,Johnny Mundt,0.0,0.0,3.0,83
PHI,Darius Cooper,Darius Cooper,0.0,0.0,5.0,80
PHI,Dallas Goedert,Dallas Goedert,0.0,0.0,5.0,88
PHI,Makai Lemon,Makai Lemon,0.0,0.0,11.0,9
PHI,Dontayvion Wicks,Dontayvion Wicks,0.0,0.0,12.0,13
PHI,Will Shipley,Will Shipley,0.0,0.0,19.0,28
PHI,Tank Bigsby,Tank Bigsby,0.0,0.0,31.0,8
PIT,Jaylen Warren,Jaylen Warren,4.0,2.0,68.0,30
PIT,Darnell Washington,Darnell Washington,0.0,3.0,9.0,80
PIT,Germie Bernard,Germie Bernard,0.0,1.0,7.0,17
PIT,Michael Pittman,Michael Pittman,0.0,1.0,7.0,11
PIT,Pat Freiermuth,Pat Freiermuth,0.0,1.0,16.0,88
PIT,Lew Nichols,Lew Nichols III,0.0,0.0,1.0,31
PIT,Mason Rudolph,Mason Rudolph,0.0,0.0,1.0,2
PIT,Robert Tonyan,Robert Tonyan,0.0,0.0,1.0,85
PIT,Ben Skowronek,Ben Skowronek,0.0,0.0,3.0,15
PIT,Travis Homer,Travis Homer,0.0,0.0,5.0,21
PIT,Aaron Rodgers,Aaron Rodgers,0.0,0.0,7.0,8
PIT,Roman Wilson,Roman Wilson,0.0,0.0,14.0,14
PIT,D.K. Metcalf,DK Metcalf,0.0,0.0,16.0,4
PIT,Rico Dowdle,Rico Dowdle,0.0,0.0,19.0,13
SEA,Emanuel Wilson,Emanuel Wilson,3.0,0.0,56.0,23
SEA,AJ Barner,AJ Barner,0.0,2.0,10.0,88
SEA,Jadarian Price,Jadarian Price,2.0,0.0,32.0,8
SEA,George Holani,George Holani,0.0,1.0,29.0,36
SEA,Elijah Arroyo,Elijah Arroyo,0.0,0.0,1.0,18
SEA,Drew Lock,Drew Lock,0.0,0.0,2.0,2
SEA,Eric Saubert,Eric Saubert,0.0,0.0,2.0,81
SEA,Brady Russell,Brady Russell,0.0,0.0,3.0,38
SEA,Sam Darnold,Sam Darnold,0.0,0.0,4.0,14
SEA,Tory Horton,Tory Horton,0.0,0.0,4.0,15
SEA,Cooper Kupp,Cooper Kupp,0.0,0.0,9.0,10
SEA,Rashid Shaheed,Rashid Shaheed,0.0,0.0,10.0,22
SEA,Jaxon Smith-Njigba,Jaxon Smith-Njigba,0.0,0.0,32.0,11
SF,Christian McCaffrey,Christian McCaffrey,2.0,3.0,66.0,23
SF,George Kittle,George Kittle,0.0,2.0,16.0,85
SF,Deebo Samuel,Deebo Samuel Sr.,2.0,0.0,21.0,19
SF,Kaelon Black,Kaelon Black,1.0,0.0,32.0,26
SF,Brandin Cooks,Brandin Cooks,0.0,0.0,0.0,84
SF,Jake Brendel,Jake Brendel,0.0,0.0,1.0,64
SF,Jacob Cowing,Jacob Cowing,0.0,0.0,1.0,4
SF,KhaDarel Hodge,KhaDarel Hodge,0.0,0.0,1.0,86
SF,Luke Farrell,Luke Farrell,0.0,0.0,2.0,89
SF,Mac Jones,Mac Jones,0.0,0.0,2.0,10
SF,Jordan Watkins,Jordan Watkins,0.0,0.0,2.0,17
SF,Jordan James,Jordan James,0.0,0.0,4.0,29
SF,Kyle Juszczyk,Kyle Juszczyk,0.0,0.0,4.0,44
SF,Demarcus Robinson,Demarcus Robinson,0.0,0.0,5.0,11
SF,Mike Evans,Mike Evans,0.0,0.0,17.0,5
SF,Brock Purdy,Brock Purdy,0.0,0.0,20.0,13
TB,Bucky Irving,Bucky Irving,2.0,0.0,69.0,7
TB,Chris Godwin,Chris Godwin Jr.,0.0,1.0,18.0,14
TB,Kenneth Gainwell,Kenny Gainwell,1.0,0.0,21.0,1
TB,Payne Durham,Payne Durham,0.0,0.0,0.0,87
TB,Jalen McMillan,Jalen McMillan,0.0,0.0,0.0,11
TB,Kameron Johnson,Kameron Johnson,0.0,0.0,1.0,19
TB,Sean Tucker,Sean Tucker,0.0,0.0,3.0,44
TB,Tez Johnson,Tez Johnson,0.0,0.0,6.0,15
TB,Ted Hurst,Ted Hurst III,0.0,0.0,8.0,17
TB,Jalon Daniels,Jalon Daniels,0.0,0.0,9.0,10
TB,Baker Mayfield,Baker Mayfield,0.0,0.0,11.0,6
TB,Cade Otton,Cade Otton,0.0,0.0,15.0,88
TB,Emeka Egbuka,Emeka Egbuka,0.0,0.0,16.0,2
TEN,Tony Pollard,Tony Pollard,2.0,0.0,62.0,20
TEN,Cam Ward,Cam Ward,1.0,0.0,13.0,1
TEN,Carnell Tate,Carnell Tate,0.0,1.0,22.0,14
TEN,Chimere Dike,Chimere Dike,0.0,0.0,3.0,17
TEN,Calvin Ridley,Calvin Ridley,0.0,0.0,3.0,0
TEN,Daniel Bellinger,Daniel Bellinger,0.0,0.0,4.0,82
TEN,Elic Ayomanor,Elic Ayomanor,0.0,0.0,5.0,5
TEN,Nicholas Singleton,Nicholas Singleton,0.0,0.0,7.0,32
TEN,Gunnar Helm,Gunnar Helm,0.0,0.0,9.0,84
TEN,Wan'Dale Robinson,Wan'Dale Robinson,0.0,0.0,17.0,4
TEN,Tyjae Spears,Tyjae Spears,0.0,0.0,20.0,2
WAS,Rachaad White,Rachaad White,3.0,1.0,31.0,1
WAS,Jayden Daniels,Jayden Daniels,1.0,0.0,12.0,5
WAS,Jacory Croskey-Merritt,Jacory Croskey-Merritt,0.0,1.0,61.0,22
WAS,Brandon Coleman,Brandon Coleman,0.0,0.0,1.0,74
WAS,Ben Sinnott,Ben Sinnott,0.0,0.0,1.0,82
WAS,Jaylin Lane,Jaylin Lane,0.0,0.0,2.0,83
WAS,Craig Reynolds,Craig Reynolds,0.0,0.0,2.0,32
WAS,Colson Yankoff,Colson Yankoff,0.0,0.0,2.0,80
WAS,John Bates,John Bates,0.0,0.0,3.0,87
WAS,Treylon Burks,Treylon Burks,0.0,0.0,3.0,13
WAS,Athan Kaliakmanis,Athan Kaliakmanis,0.0,0.0,3.0,16
WAS,Chig Okonkwo,Chig Okonkwo,0.0,0.0,4.0,85
WAS,Austin Ekeler,Austin Ekeler,0.0,0.0,5.0,30
WAS,Dyami Brown,Dyami Brown,0.0,0.0,7.0,6
WAS,Marcus Mariota,Marcus Mariota,0.0,0.0,7.0,8
WAS,Terry McLaurin,Terry McLaurin,0.0,0.0,10.0,17
WAS,Kaytron Allen,Kaytron Allen,0.0,0.0,12.0,31
WAS,Antonio Williams,Antonio Williams,0.0,0.0,12.0,14
WAS,Stefon Diggs,Stefon Diggs,0.0,0.0,18.0,3
