team,week,opp,home,pf,pa,off_epa,def_epa,off_sr,pass_epa,rush_epa,yards,yards_allowed,turnovers,takeaways
ARI,1,LAC,False,26,14,0.144,-0.244,0.493,0.289,-0.044,396,268,0,2
ARI,2,SEA,True,7,31,-0.325,0.134,0.319,-0.286,-0.402,151,381,1,1
ARI,3,SF,False,30,36,0.169,0.49,0.538,0.211,0.087,365,438,0,1
ATL,1,PIT,False,13,20,-0.321,-0.303,0.386,-0.606,-0.082,238,267,2,1
ATL,2,CAR,True,3,34,-0.473,0.142,0.358,-0.681,-0.184,286,344,5,0
ATL,3,GB,False,35,14,0.32,0.014,0.641,0.338,0.309,500,328,1,1
BAL,1,IND,False,41,23,0.321,-0.241,0.5,0.459,0.192,509,251,1,2
BAL,2,NO,True,17,24,0.116,0.135,0.636,0.1,0.149,312,299,1,0
BAL,3,DAL,False,34,31,0.134,0.09,0.5,0.573,-0.135,378,415,0,1
BUF,1,HOU,False,36,31,0.252,0.069,0.412,0.558,-0.263,410,381,0,2
BUF,2,DET,True,41,31,0.435,0.232,0.576,0.548,0.281,449,355,0,0
BUF,3,LAC,True,24,16,-0.021,-0.071,0.5,-0.112,0.07,351,348,5,1
CAR,1,CHI,True,37,59,0.182,0.409,0.484,0.312,-0.113,478,552,3,1
CAR,2,ATL,False,34,3,0.142,-0.473,0.441,0.312,-0.188,344,286,0,5
CAR,3,CLE,False,18,21,-0.116,-0.04,0.356,-0.117,-0.113,360,261,1,1
CHI,1,CAR,False,59,37,0.409,0.182,0.543,0.538,0.257,552,478,1,3
CHI,2,MIN,True,3,9,-0.125,-0.078,0.319,-0.026,-0.271,297,246,2,0
CHI,3,PHI,True,27,7,0.093,-0.304,0.493,0.185,-0.008,377,248,0,3
CIN,1,TB,True,33,27,-0.002,-0.185,0.468,-0.036,0.05,352,283,1,4
CIN,2,HOU,False,20,6,-0.092,-0.247,0.31,-0.015,-0.217,268,374,0,0
CIN,3,PIT,False,27,30,0.281,0.201,0.554,0.378,0.037,352,413,2,1
CLE,1,JAX,False,10,34,-0.184,0.338,0.449,-0.225,-0.119,272,363,2,0
CLE,2,TB,False,23,19,0.009,-0.146,0.434,0.307,-0.569,269,313,0,1
CLE,3,CAR,True,21,18,-0.04,-0.116,0.361,0.114,-0.294,261,360,1,1
DAL,1,NYG,False,20,28,0.221,0.369,0.462,0.314,0.01,244,399,1,1
DAL,2,WAS,True,37,20,0.227,0.069,0.556,0.462,-0.244,332,389,0,1
DAL,3,BAL,True,31,34,0.09,0.134,0.465,0.147,-0.007,415,378,1,0
DEN,1,KC,False,10,31,-0.344,0.164,0.37,-0.443,-0.092,177,396,2,1
DEN,2,JAX,True,20,13,0.124,-0.048,0.482,0.272,-0.058,395,268,1,1
DEN,3,LA,True,30,26,-0.042,0.014,0.367,-0.091,0.026,257,482,1,2
DET,1,NO,True,31,30,0.0,-0.02,0.452,0.012,-0.015,369,469,1,3
DET,2,BUF,False,31,41,0.232,0.435,0.484,0.414,-0.211,355,449,0,0
DET,3,NYJ,True,31,24,0.191,0.096,0.597,0.31,0.026,383,335,0,1
GB,1,MIN,False,22,39,-0.175,-0.038,0.388,-0.059,-0.429,419,242,2,1
GB,2,NYJ,False,20,17,-0.222,-0.106,0.32,-0.099,-0.441,199,285,1,0
GB,3,ATL,True,14,35,0.014,0.32,0.397,0.066,-0.301,328,500,1,1
HOU,1,BUF,True,31,36,0.069,0.252,0.466,0.097,0.03,381,410,2,0
HOU,2,CIN,True,6,20,-0.247,-0.092,0.329,-0.113,-0.795,374,268,0,0
HOU,3,IND,False,17,19,-0.092,-0.114,0.412,-0.042,-0.17,223,300,0,3
IND,1,BAL,True,23,41,-0.241,0.321,0.415,-0.441,0.116,251,509,2,1
IND,2,KC,False,30,33,0.154,0.229,0.476,0.125,0.187,329,523,1,0
IND,3,HOU,True,19,17,-0.114,-0.092,0.408,-0.13,-0.092,300,223,3,0
JAX,1,CLE,True,34,10,0.338,-0.184,0.604,0.793,-0.038,363,272,0,2
JAX,2,DEN,False,13,20,-0.048,0.124,0.436,-0.133,0.062,268,395,1,1
JAX,3,NE,True,35,6,0.233,-0.253,0.508,0.228,0.239,315,317,1,3
KC,1,DEN,True,31,10,0.164,-0.344,0.422,0.026,0.311,396,177,1,2
KC,2,IND,True,33,30,0.229,0.154,0.551,0.273,0.146,523,329,0,1
KC,3,MIA,False,24,10,0.138,-0.151,0.531,0.494,-0.232,334,329,1,2
LA,1,SF,True,7,27,-0.265,0.179,0.429,-0.352,-0.171,291,379,2,1
LA,2,NYG,True,28,6,0.29,-0.429,0.554,0.558,-0.067,484,182,2,1
LA,3,DEN,False,26,30,0.014,-0.042,0.412,0.017,0.008,482,257,2,1
LAC,1,ARI,True,14,26,-0.244,0.144,0.392,-0.191,-0.36,268,396,2,0
LAC,2,LV,True,14,26,-0.261,-0.096,0.355,-0.027,-0.496,310,308,3,1
LAC,3,BUF,False,16,24,-0.071,-0.021,0.469,-0.167,0.068,348,351,1,5
LV,1,MIA,True,27,13,-0.039,-0.236,0.422,0.007,-0.083,296,259,2,2
LV,2,LAC,False,26,14,-0.096,-0.261,0.351,0.186,-0.458,308,310,1,3
LV,3,NO,False,35,27,0.14,-0.065,0.443,0.293,-0.095,342,381,1,4
MIA,1,LV,False,13,27,-0.236,-0.039,0.34,-0.206,-0.321,259,296,2,2
MIA,2,SF,False,13,35,-0.001,0.46,0.411,0.158,-0.16,284,384,0,0
MIA,3,KC,True,10,24,-0.151,0.138,0.299,-0.014,-0.382,329,334,2,1
MIN,1,GB,True,39,22,-0.038,-0.175,0.345,0.043,-0.125,242,419,1,2
MIN,2,CHI,False,9,3,-0.078,-0.125,0.333,0.005,-0.151,246,297,0,2
MIN,3,TB,False,23,16,-0.264,-0.246,0.236,-0.304,-0.199,230,243,1,2
NE,1,SEA,False,10,13,-0.11,0.066,0.418,0.065,-0.404,277,286,3,0
NE,2,PIT,True,20,3,-0.07,-0.356,0.412,-0.13,-0.002,330,235,2,2
NE,3,JAX,False,6,35,-0.253,0.233,0.367,-0.33,-0.129,317,315,3,1
NO,1,DET,False,30,31,-0.02,0.0,0.424,0.001,-0.075,469,369,3,1
NO,2,BAL,False,24,17,0.135,0.116,0.444,0.26,-0.07,299,312,0,1
NO,3,LV,True,27,35,-0.065,0.14,0.542,-0.112,0.013,381,342,4,1
NYG,1,DAL,True,28,20,0.369,0.221,0.6,0.667,0.061,399,244,1,1
NYG,2,LA,False,6,28,-0.429,0.29,0.273,-0.518,-0.286,182,484,1,2
NYG,3,TEN,True,12,7,-0.116,-0.147,0.386,-0.18,-0.062,239,262,0,2
NYJ,1,TEN,False,23,10,0.168,-0.119,0.5,0.35,0.029,370,195,0,1
NYJ,2,GB,True,17,20,-0.106,-0.222,0.38,0.086,-0.507,285,199,0,1
NYJ,3,DET,False,24,31,0.096,0.191,0.459,0.242,-0.28,335,383,1,0
PHI,1,WAS,True,24,22,0.071,0.075,0.353,0.166,-0.103,320,295,0,0
PHI,2,TEN,False,24,20,0.039,0.075,0.403,0.183,-0.163,341,291,2,0
PHI,3,CHI,False,7,27,-0.304,0.093,0.404,-0.635,0.338,248,377,3,0
PIT,1,ATL,True,20,13,-0.303,-0.321,0.328,-0.324,-0.252,267,238,1,2
PIT,2,NE,False,3,20,-0.356,-0.07,0.373,-0.485,-0.074,235,330,2,2
PIT,3,CIN,True,30,27,0.201,0.281,0.482,0.238,0.133,413,352,1,2
SEA,1,NE,True,13,10,0.066,-0.11,0.404,0.226,-0.151,286,277,0,3
SEA,2,ARI,False,31,7,0.134,-0.325,0.463,0.596,-0.178,381,151,1,1
SEA,3,WAS,False,31,33,-0.046,-0.08,0.5,0.141,-0.564,437,260,3,0
SF,1,LA,False,27,7,0.179,-0.265,0.562,0.208,0.142,379,291,1,2
SF,2,MIA,True,35,13,0.46,-0.001,0.574,1.058,-0.218,384,284,0,0
SF,3,ARI,True,36,30,0.49,0.169,0.571,0.901,-0.059,438,365,1,0
TB,1,CIN,False,27,33,-0.185,-0.002,0.471,-0.292,0.072,283,352,4,1
TB,2,CLE,True,19,23,-0.146,0.009,0.387,-0.235,0.015,313,269,1,0
TB,3,MIN,True,16,23,-0.246,-0.264,0.266,-0.231,-0.284,243,230,2,1
TEN,1,NYJ,True,10,23,-0.119,0.168,0.449,-0.124,-0.096,195,370,1,0
TEN,2,PHI,True,20,24,0.075,0.039,0.431,0.055,0.093,291,341,0,2
TEN,3,NYG,False,7,12,-0.147,-0.116,0.404,-0.18,-0.089,262,239,2,0
WAS,1,PHI,False,22,24,0.075,0.071,0.433,0.168,-0.046,295,320,0,0
WAS,2,DAL,False,20,37,0.069,0.227,0.507,0.159,-0.083,389,332,1,0
WAS,3,SEA,True,33,31,-0.08,-0.046,0.317,0.075,-0.274,260,437,0,3
