team,grp,tgt,cmp,yds,td,ints,cmp_pct,ypt,rating,share
ARI,CB,56.0,32.0,386.0,4.0,1.0,0.571429,6.892857,94.791667,0.466667
ARI,S,29.0,16.0,389.0,3.0,2.0,0.551724,13.413793,105.890805,0.241667
ARI,LB,31.0,17.0,256.0,3.0,0.0,0.548387,8.258065,114.448925,0.258333
ARI,Edge/DL,4.0,4.0,21.0,1.0,0.0,1.0,5.25,128.125,0.033333
ATL,CB,68.0,33.0,471.0,4.0,0.0,0.485294,6.926471,90.992647,0.515152
ATL,S,30.0,20.0,249.0,5.0,1.0,0.666667,8.3,117.916667,0.227273
ATL,LB,29.0,19.0,175.0,0.0,0.0,0.655172,6.034483,81.824713,0.219697
ATL,Edge/DL,5.0,3.0,41.0,0.0,0.0,0.6,8.2,86.25,0.037879
BAL,CB,68.0,44.0,439.0,3.0,0.0,0.647059,6.455882,97.610294,0.489209
BAL,S,40.0,27.0,433.0,2.0,0.0,0.675,10.825,120.104167,0.28777
BAL,LB,29.0,17.0,116.0,0.0,2.0,0.586207,4.0,38.864943,0.208633
BAL,Edge/DL,2.0,1.0,44.0,0.0,0.0,0.5,22.0,95.833333,0.014388
BUF,CB,80.0,45.0,636.0,6.0,1.0,0.5625,7.95,101.875,0.536913
BUF,S,29.0,18.0,288.0,1.0,1.0,0.62069,9.931034,92.313218,0.194631
BUF,LB,34.0,25.0,237.0,2.0,0.0,0.735294,6.970588,112.009804,0.228188
BUF,Edge/DL,6.0,5.0,-1.0,1.0,0.0,0.833333,-0.166667,118.75,0.040268
CAR,CB,63.0,37.0,546.0,2.0,0.0,0.587302,8.666667,97.718254,0.398734
CAR,S,44.0,19.0,359.0,1.0,0.0,0.431818,8.159091,79.640152,0.278481
CAR,LB,45.0,29.0,261.0,3.0,3.0,0.644444,5.8,74.398148,0.28481
CAR,Edge/DL,6.0,3.0,20.0,0.0,0.0,0.5,3.333333,57.638889,0.037975
CHI,CB,51.0,32.0,559.0,3.0,1.0,0.627451,10.960784,111.478758,0.520408
CHI,S,22.0,13.0,124.0,1.0,1.0,0.590909,5.636364,71.022727,0.22449
CHI,LB,25.0,13.0,136.0,0.0,1.0,0.52,5.44,51.416667,0.255102
CIN,CB,69.0,35.0,463.0,2.0,0.0,0.507246,6.710145,81.974638,0.448052
CIN,S,33.0,18.0,334.0,1.0,1.0,0.545455,10.121212,87.184343,0.214286
CIN,LB,45.0,31.0,375.0,1.0,0.0,0.688889,8.333333,101.62037,0.292208
CIN,Edge/DL,7.0,6.0,87.0,0.0,0.0,0.857143,12.428571,118.452381,0.045455
CLE,CB,82.0,44.0,679.0,5.0,2.0,0.536585,8.280488,91.463415,0.518987
CLE,S,44.0,22.0,309.0,4.0,2.0,0.5,7.022727,84.375,0.278481
CLE,LB,27.0,18.0,172.0,1.0,0.0,0.666667,6.37037,96.527778,0.170886
CLE,Edge/DL,5.0,4.0,9.0,0.0,0.0,0.8,1.8,79.166667,0.031646
DAL,CB,51.0,31.0,431.0,4.0,0.0,0.607843,8.45098,114.093137,0.463636
DAL,S,27.0,21.0,273.0,3.0,0.0,0.777778,10.111111,145.833333,0.245455
DAL,LB,28.0,27.0,225.0,2.0,0.0,0.964286,8.035714,123.958333,0.254545
DAL,Edge/DL,4.0,3.0,22.0,0.0,0.0,0.75,5.5,87.5,0.036364
DEN,CB,63.0,36.0,465.0,4.0,1.0,0.571429,7.380952,95.006614,0.463235
DEN,S,26.0,15.0,235.0,1.0,3.0,0.576923,9.038462,61.057692,0.191176
DEN,LB,45.0,27.0,280.0,1.0,0.0,0.6,6.222222,85.416667,0.330882
DEN,Edge/DL,2.0,1.0,19.0,0.0,0.0,0.5,9.5,83.333333,0.014706
DET,CB,64.0,43.0,585.0,4.0,0.0,0.671875,9.140625,116.992188,0.353591
DET,S,53.0,31.0,503.0,4.0,1.0,0.584906,9.490566,107.665094,0.292818
DET,LB,63.0,38.0,490.0,3.0,1.0,0.603175,7.777778,94.01455,0.348066
DET,Edge/DL,1.0,1.0,6.0,0.0,0.0,1.0,6.0,91.666667,0.005525
GB,CB,46.0,32.0,372.0,3.0,1.0,0.695652,8.086957,106.431159,0.386555
GB,S,40.0,23.0,227.0,2.0,2.0,0.575,5.675,69.479167,0.336134
GB,LB,24.0,16.0,192.0,1.0,1.0,0.666667,8.0,87.5,0.201681
GB,Edge/DL,8.0,7.0,32.0,0.0,0.0,0.875,4.0,83.333333,0.067227
GB,Other,1.0,1.0,40.0,0.0,0.0,1.0,40.0,118.75,0.008403
HOU,CB,52.0,32.0,465.0,2.0,0.0,0.615385,8.942308,103.445513,0.368794
HOU,S,61.0,42.0,511.0,3.0,1.0,0.688525,8.377049,103.927596,0.432624
HOU,LB,20.0,16.0,134.0,1.0,0.0,0.8,6.7,111.25,0.141844
HOU,Edge/DL,8.0,3.0,9.0,0.0,0.0,0.375,1.125,45.833333,0.056738
IND,CB,68.0,38.0,557.0,2.0,0.0,0.558824,8.191176,92.585784,0.489209
IND,S,30.0,13.0,341.0,4.0,0.0,0.433333,11.366667,125.138889,0.215827
IND,LB,29.0,26.0,305.0,1.0,1.0,0.896552,10.517241,107.614943,0.208633
IND,Edge/DL,11.0,6.0,80.0,0.0,0.0,0.545455,7.272727,77.840909,0.079137
IND,Other,1.0,0.0,0.0,0.0,0.0,0.0,0.0,39.583333,0.007194
JAX,CB,81.0,47.0,673.0,2.0,4.0,0.580247,8.308642,72.710905,0.543624
JAX,S,23.0,15.0,276.0,1.0,0.0,0.652174,12.0,120.923913,0.154362
JAX,LB,41.0,30.0,323.0,0.0,2.0,0.731707,7.878049,75.558943,0.275168
JAX,Edge/DL,4.0,2.0,24.0,0.0,0.0,0.5,6.0,68.75,0.026846
KC,CB,77.0,51.0,515.0,2.0,2.0,0.662338,6.688312,82.981602,0.546099
KC,S,27.0,15.0,228.0,2.0,1.0,0.555556,8.444444,92.824074,0.191489
KC,LB,28.0,16.0,139.0,0.0,0.0,0.571429,4.964286,70.386905,0.198582
KC,Edge/DL,9.0,8.0,45.0,0.0,1.0,0.888889,5.0,47.916667,0.06383
LA,CB,47.0,21.0,224.0,3.0,2.0,0.446809,4.765957,62.721631,0.385246
LA,S,43.0,28.0,275.0,3.0,1.0,0.651163,6.395349,96.560078,0.352459
LA,LB,28.0,16.0,100.0,1.0,0.0,0.571429,3.571429,76.488095,0.229508
LA,Edge/DL,4.0,3.0,16.0,0.0,0.0,0.75,4.0,81.25,0.032787
LAC,CB,42.0,26.0,406.0,2.0,1.0,0.619048,9.666667,99.900794,0.371681
LAC,S,37.0,23.0,282.0,3.0,2.0,0.621622,7.621622,90.146396,0.327434
LAC,LB,28.0,22.0,185.0,1.0,0.0,0.785714,6.607143,106.10119,0.247788
LAC,Edge/DL,6.0,4.0,29.0,0.0,1.0,0.666667,4.833333,38.194444,0.053097
LV,CB,64.0,30.0,434.0,2.0,3.0,0.46875,6.78125,60.286458,0.520325
LV,S,25.0,17.0,275.0,4.0,1.0,0.68,11.0,127.5,0.203252
LV,LB,28.0,22.0,170.0,1.0,0.0,0.785714,6.071429,103.869048,0.227642
LV,Edge/DL,6.0,5.0,43.0,0.0,0.0,0.833333,7.166667,96.527778,0.04878
MIA,CB,40.0,31.0,311.0,3.0,0.0,0.775,7.775,124.0625,0.330579
MIA,S,24.0,15.0,271.0,2.0,2.0,0.625,11.291667,94.270833,0.198347
MIA,LB,47.0,36.0,420.0,3.0,1.0,0.765957,8.93617,115.558511,0.38843
MIA,Edge/DL,10.0,6.0,32.0,1.0,0.0,0.6,3.2,98.75,0.082645
MIN,CB,57.0,30.0,396.0,0.0,3.0,0.526316,6.947368,52.960526,0.463415
MIN,S,35.0,19.0,325.0,3.0,0.0,0.542857,9.285714,114.583333,0.284553
MIN,LB,29.0,17.0,157.0,0.0,1.0,0.586207,5.413793,59.123563,0.235772
MIN,Edge/DL,2.0,2.0,3.0,0.0,0.0,1.0,1.5,79.166667,0.01626
NE,CB,71.0,43.0,467.0,2.0,1.0,0.605634,6.577465,83.480047,0.550388
NE,S,25.0,15.0,208.0,3.0,1.0,0.6,8.32,109.666667,0.193798
NE,LB,30.0,22.0,248.0,1.0,0.0,0.733333,8.266667,108.75,0.232558
NE,Edge/DL,3.0,2.0,16.0,0.0,1.0,0.666667,5.333333,40.277778,0.023256
NO,CB,39.0,20.0,312.0,3.0,0.0,0.512821,8.0,103.792735,0.348214
NO,S,34.0,24.0,216.0,5.0,1.0,0.705882,6.352941,114.705882,0.303571
NO,LB,36.0,24.0,261.0,0.0,0.0,0.666667,7.25,87.847222,0.321429
NO,Edge/DL,3.0,1.0,-3.0,0.0,0.0,0.333333,-1.0,42.361111,0.026786
NYG,CB,71.0,42.0,395.0,6.0,2.0,0.591549,5.56338,90.991784,0.525926
NYG,S,31.0,14.0,269.0,1.0,3.0,0.451613,8.677419,47.043011,0.22963
NYG,LB,33.0,30.0,200.0,2.0,1.0,0.909091,6.060606,99.494949,0.244444
NYJ,CB,60.0,35.0,326.0,4.0,0.0,0.583333,5.433333,95.555556,0.444444
NYJ,S,32.0,19.0,271.0,0.0,1.0,0.59375,8.46875,73.828125,0.237037
NYJ,LB,37.0,27.0,296.0,1.0,0.0,0.72973,8.0,105.236486,0.274074
NYJ,Edge/DL,6.0,4.0,44.0,0.0,0.0,0.666667,7.333333,88.194444,0.044444
PHI,CB,68.0,42.0,438.0,3.0,1.0,0.617647,6.441176,88.970588,0.511278
PHI,S,14.0,11.0,216.0,1.0,1.0,0.785714,15.428571,112.797619,0.105263
PHI,LB,46.0,31.0,300.0,0.0,0.0,0.673913,6.521739,85.416667,0.345865
PHI,Edge/DL,5.0,3.0,25.0,0.0,0.0,0.6,5.0,72.916667,0.037594
PIT,CB,65.0,41.0,669.0,6.0,0.0,0.630769,10.292308,128.301282,0.492424
PIT,S,27.0,14.0,251.0,0.0,2.0,0.518519,9.296296,53.16358,0.204545
PIT,LB,36.0,20.0,195.0,0.0,1.0,0.555556,5.416667,59.375,0.272727
PIT,Edge/DL,4.0,2.0,14.0,0.0,1.0,0.5,3.5,18.75,0.030303
SEA,CB,50.0,32.0,253.0,1.0,2.0,0.64,5.06,66.5,0.378788
SEA,S,33.0,17.0,177.0,1.0,2.0,0.515152,5.363636,52.209596,0.25
SEA,LB,45.0,27.0,239.0,2.0,2.0,0.6,5.311111,70.509259,0.340909
SEA,Edge/DL,4.0,1.0,9.0,1.0,0.0,0.25,2.25,79.166667,0.030303
SF,CB,80.0,51.0,557.0,4.0,1.0,0.6375,6.9625,95.677083,0.536913
SF,S,22.0,9.0,107.0,0.0,0.0,0.409091,4.863636,56.439394,0.147651
SF,LB,42.0,30.0,211.0,1.0,0.0,0.714286,5.02381,90.47619,0.281879
SF,Edge/DL,5.0,4.0,48.0,0.0,0.0,0.8,9.6,106.666667,0.033557
TB,CB,67.0,44.0,436.0,3.0,1.0,0.656716,6.507463,92.630597,0.51145
TB,S,24.0,13.0,229.0,3.0,0.0,0.541667,9.541667,126.5625,0.183206
TB,LB,37.0,27.0,315.0,2.0,1.0,0.72973,8.513514,105.123874,0.282443
TB,Edge/DL,3.0,2.0,15.0,0.0,1.0,0.666667,5.0,38.888889,0.022901
TEN,CB,45.0,35.0,376.0,1.0,1.0,0.777778,8.355556,99.62963,0.412844
TEN,S,25.0,16.0,249.0,1.0,1.0,0.64,9.96,93.583333,0.229358
TEN,LB,37.0,27.0,276.0,2.0,0.0,0.72973,7.459459,111.993243,0.33945
TEN,Edge/DL,2.0,2.0,0.0,0.0,0.0,1.0,0.0,79.166667,0.018349
WAS,CB,65.0,41.0,487.0,6.0,1.0,0.630769,7.492308,110.224359,0.454545
WAS,S,26.0,17.0,319.0,5.0,0.0,0.653846,12.269231,147.275641,0.181818
WAS,LB,50.0,32.0,332.0,0.0,2.0,0.64,6.64,66.416667,0.34965
WAS,Edge/DL,1.0,0.0,0.0,0.0,0.0,0.0,0.0,39.583333,0.006993
WAS,Other,1.0,0.0,0.0,0.0,0.0,0.0,0.0,39.583333,0.006993
