team,bl,mean,size
ARI,False,0.131,113
ARI,True,-0.392,49
ATL,False,-0.411,67
ATL,True,0.119,45
BAL,False,0.332,82
BAL,True,0.392,39
BUF,False,0.262,96
BUF,True,0.28,42
CAR,False,0.25,135
CAR,True,0.165,42
CHI,False,0.196,78
CHI,True,0.255,72
CIN,False,0.214,125
CIN,True,-0.134,46
CLE,False,0.147,90
CLE,True,0.143,51
DAL,False,0.321,116
DAL,True,0.134,52
DEN,False,0.133,95
DEN,True,-0.297,50
DET,False,0.193,117
DET,True,0.344,57
GB,False,0.2,96
GB,True,-0.222,66
HOU,False,-0.032,133
HOU,True,0.471,34
IND,False,-0.215,94
IND,True,-0.187,50
JAX,False,0.428,81
JAX,True,-0.104,33
KC,False,0.121,103
KC,True,0.423,40
LA,False,0.189,129
LA,True,-0.326,44
LAC,False,-0.096,110
LAC,True,-0.324,35
LV,False,0.15,111
LV,True,0.201,41
MIA,False,0.011,82
MIA,True,-0.339,45
MIN,False,-0.036,82
MIN,True,-0.114,50
NE,False,0.055,104
NE,True,-0.062,45
NO,False,0.116,137
NO,True,-0.189,61
NYG,False,0.276,89
NYG,True,-0.551,38
NYJ,False,0.144,103
NYJ,True,0.123,35
PHI,False,-0.023,85
PHI,True,-0.213,53
PIT,False,-0.059,125
PIT,True,-0.387,46
SEA,False,0.19,75
SEA,True,0.199,52
SF,False,0.315,82
SF,True,1.081,40
TB,False,-0.231,96
TB,True,-0.18,62
TEN,False,-0.174,106
TEN,True,0.141,30
WAS,False,0.099,126
WAS,True,-0.246,31
