team,week,player_display_name,attempts,completions,pass_yards,pass_touchdowns,interceptions,passer_rating,avg_time_to_throw,aggressiveness,avg_intended_air_yards,avg_air_yards_to_sticks,completion_percentage_above_expectation,jersey
ARI,0,Jacoby Brissett,117,82,652,4,1,91.542,2.621,14.53,6.377,-2.127,4.264,7
ARI,1,Jacoby Brissett,37,27,277,1,0,103.097,2.558,21.622,7.84,-1.214,7.669,7
ARI,2,Jacoby Brissett,28,17,95,1,1,63.839,2.705,14.286,4.041,-3.305,-1.941,7
ARI,3,Jacoby Brissett,52,38,280,2,0,98.237,2.622,9.615,6.51,-2.19,5.182,7
ATL,0,Cooper Rush,39,22,229,1,4,42.521,2.45,7.692,5.364,-4.952,-16.544,13
ATL,1,Cooper Rush,22,12,143,1,2,51.894,2.653,4.545,4.487,-8.132,-21.278,13
ATL,2,Cooper Rush,17,10,86,0,2,32.598,2.186,11.765,6.448,-1.023,-10.417,13
ATL,2,Jack Strand,15,8,59,0,1,35.139,2.541,13.333,2.406,-6.237,-18.318,18
ATL,3,Michael Penix Jr.,25,18,256,1,1,101.417,2.273,4.0,7.007,-2.037,6.036,9
BAL,0,Lamar Jackson,76,53,745,4,1,113.103,3.139,13.158,10.165,1.083,6.486,8
BAL,1,Lamar Jackson,25,17,324,1,0,124.167,3.304,16.0,10.758,0.591,6.382,8
BAL,2,Lamar Jackson,31,21,235,1,1,87.433,3.091,16.129,10.211,0.729,8.323,8
BAL,3,Lamar Jackson,20,15,186,2,0,136.667,3.012,5.0,9.386,2.186,3.77,8
BUF,0,Josh Allen,86,56,786,5,2,104.118,2.982,10.465,9.993,1.542,1.647,17
BUF,1,Josh Allen,29,20,334,2,0,130.532,3.114,6.897,12.612,3.184,9.67,17
BUF,2,Josh Allen,31,20,248,3,0,121.438,2.836,6.452,7.86,-0.033,-2.609,17
BUF,3,Josh Allen,26,16,204,0,2,54.006,3.008,19.231,9.47,1.47,-2.227,17
CAR,0,Bryce Young,121,72,939,7,2,96.402,3.023,12.397,10.237,1.097,3.99,9
CAR,1,Bryce Young,37,23,361,3,1,110.304,3.025,16.216,10.042,1.951,4.672,9
CAR,2,Bryce Young,36,23,287,3,0,116.319,2.939,19.444,10.335,0.46,11.463,9
CAR,3,Bryce Young,48,26,291,1,1,70.747,3.086,4.167,10.316,0.911,-2.141,9
CHI,0,Caleb Williams,55,36,407,2,1,92.008,3.417,14.545,7.368,-2.713,3.304,18
CHI,0,Case Keenum,34,24,247,2,0,110.784,2.414,14.706,6.39,-1.051,1.07,11
CHI,1,Caleb Williams,29,21,269,2,0,124.066,3.157,13.793,10.415,1.531,11.417,18
CHI,2,Caleb Williams,26,15,138,0,1,56.25,3.707,15.385,3.923,-7.511,-5.745,18
CHI,3,Case Keenum,34,24,247,2,0,110.784,2.414,14.706,6.39,-1.051,1.07,11
CIN,0,Joe Burrow,103,73,743,6,1,106.574,2.536,11.65,6.582,-1.899,2.529,9
CIN,1,Joe Burrow,35,25,254,1,1,89.464,2.542,14.286,6.818,-1.594,5.241,9
CIN,2,Joe Burrow,31,20,207,2,0,105.175,2.479,9.677,5.862,-3.138,-4.859,9
CIN,3,Joe Burrow,37,28,282,3,0,123.93,2.578,10.811,6.968,-1.14,6.152,9
CLE,0,Deshaun Watson,82,56,587,5,1,104.065,2.909,12.195,6.553,-3.319,-3.785,4
CLE,1,Deshaun Watson,22,16,205,1,1,97.727,3.043,13.636,10.83,-0.715,3.558,4
CLE,2,Deshaun Watson,30,24,238,2,0,121.944,2.553,13.333,3.737,-5.297,2.955,4
CLE,3,Deshaun Watson,30,16,144,2,0,88.75,3.168,10.0,6.219,-3.263,-15.91,4
DAL,0,Dak Prescott,105,73,730,7,1,107.242,2.693,18.095,7.88,-0.307,5.876,4
DAL,1,Dak Prescott,34,22,175,2,1,84.804,2.747,14.706,8.26,0.453,4.752,4
DAL,2,Dak Prescott,31,26,279,4,0,143.75,2.659,16.129,8.168,0.135,17.731,4
DAL,3,Dak Prescott,40,25,276,1,0,91.25,2.672,22.5,7.362,-1.238,-2.358,4
DEN,0,Bo Nix,93,56,605,4,3,80.264,2.919,13.978,6.906,-2.151,-3.906,10
DEN,1,Bo Nix,28,17,131,1,1,69.196,2.984,10.714,4.334,-5.481,-9.098,10
DEN,2,Bo Nix,31,22,288,1,1,97.245,2.738,9.677,9.396,0.292,7.45,10
DEN,3,Bo Nix,34,17,186,2,1,73.897,3.03,20.588,6.817,-1.537,-9.984,10
DET,0,Jared Goff,109,77,802,8,0,116.074,2.825,22.018,7.221,-1.677,3.732,16
DET,1,Jared Goff,39,26,206,2,0,96.741,2.659,15.385,6.033,-3.198,-3.19,16
DET,2,Jared Goff,38,26,327,4,0,130.044,2.942,28.947,9.041,-0.222,6.675,16
DET,3,Jared Goff,32,25,269,2,0,122.526,2.888,21.875,6.485,-1.547,8.674,16
GB,0,Jordan Love,124,65,844,6,2,83.535,2.49,15.323,9.11,0.069,-8.952,10
GB,1,Jordan Love,42,21,387,2,1,88.095,2.562,9.524,11.055,1.68,-9.024,10
GB,2,Jordan Love,29,16,145,2,0,91.882,2.298,20.69,7.594,-2.026,-9.787,10
GB,3,Jordan Love,53,28,312,2,1,75.354,2.538,16.981,8.447,-0.004,-8.438,10
HOU,0,C.J. Stroud,120,72,794,3,0,87.986,2.975,20.0,9.303,0.499,2.969,7
HOU,1,C.J. Stroud,38,26,274,2,0,106.689,2.787,21.053,7.818,-1.236,8.587,7
HOU,2,C.J. Stroud,55,30,353,0,0,74.28,2.983,16.364,9.397,0.637,-3.524,7
HOU,3,C.J. Stroud,27,16,167,1,0,89.583,3.222,25.926,11.312,2.792,8.288,7
IND,0,Daniel Jones,98,65,611,3,3,80.782,2.796,17.347,6.536,-2.241,2.147,17
IND,1,Daniel Jones,31,19,166,1,1,72.782,2.844,12.903,6.57,-2.12,-2.431,17
IND,2,Daniel Jones,31,22,210,1,1,86.761,2.796,25.806,5.236,-3.364,9.493,17
IND,3,Daniel Jones,36,24,235,1,1,82.523,2.756,13.889,7.623,-1.377,-0.238,17
JAX,0,Trevor Lawrence,81,54,616,7,2,107.845,2.822,13.58,9.451,0.048,7.133,16
JAX,1,Trevor Lawrence,23,18,245,4,0,150.634,2.981,13.043,11.211,2.068,16.185,16
JAX,2,Trevor Lawrence,29,17,189,0,1,63.721,2.805,13.793,10.794,0.898,-0.581,16
JAX,3,Trevor Lawrence,29,19,182,3,1,102.945,2.709,13.793,6.638,-2.436,7.669,16
KC,0,Patrick Mahomes,98,67,812,7,2,108.886,2.6,5.102,5.846,-2.692,-0.052,15
KC,1,Patrick Mahomes,27,15,184,2,1,86.034,2.271,3.704,4.682,-3.078,-12.309,15
KC,2,Patrick Mahomes,47,32,382,3,0,113.963,2.786,4.255,6.196,-2.315,1.752,15
KC,3,Patrick Mahomes,24,20,246,2,1,119.792,2.609,8.333,6.457,-2.978,10.203,15
LA,0,Matthew Stafford,111,67,872,6,4,88.119,2.768,16.216,10.027,0.911,1.723,9
LA,1,Matthew Stafford,25,15,155,0,1,61.25,2.865,20.0,8.993,0.91,2.532,9
LA,2,Matthew Stafford,31,22,327,4,1,131.317,2.626,12.903,10.633,1.466,4.254,9
LA,3,Matthew Stafford,55,30,390,2,2,74.053,2.802,16.364,10.163,0.571,-0.071,9
LAC,0,Justin Herbert,88,52,627,3,4,73.438,2.841,13.636,9.529,0.041,-3.753,10
LAC,1,Justin Herbert,27,17,209,1,1,83.719,2.735,18.519,10.811,-1.189,-1.403,10
LAC,2,Justin Herbert,27,15,192,1,2,59.491,2.858,7.407,9.539,0.923,-4.296,10
LAC,3,Justin Herbert,34,20,226,1,1,76.348,2.911,14.706,8.473,0.352,-5.189,10
LV,0,Kirk Cousins,92,62,661,9,3,107.201,2.809,14.13,8.695,0.02,3.193,8
LV,1,Kirk Cousins,30,21,160,3,2,88.194,2.897,10.0,7.649,-1.11,3.881,8
LV,2,Kirk Cousins,29,19,253,3,1,113.147,2.853,17.241,9.431,0.293,-0.496,8
LV,3,Kirk Cousins,33,22,248,3,0,119.255,2.69,15.152,8.985,0.823,5.81,8
MIA,0,Malik Willis,86,49,627,1,2,74.128,2.926,20.93,10.301,0.429,-2.718,2
MIA,1,Malik Willis,27,15,220,0,1,66.898,3.211,22.222,12.049,1.16,-0.397,2
MIA,2,Malik Willis,23,14,197,1,0,102.989,2.977,8.696,6.439,-4.213,-7.086,2
MIA,3,Malik Willis,36,20,210,0,1,61.111,2.679,27.778,11.458,2.847,-1.669,2
MIN,0,Carson Wentz,39,23,276,3,0,106.357,2.612,12.821,8.25,-0.013,-8.024,11
MIN,0,Kyler Murray,34,18,186,1,2,54.289,2.797,14.706,9.521,-1.307,1.019,1
MIN,1,Carson Wentz,19,12,133,3,0,123.465,2.758,10.526,8.263,0.526,-6.703,11
MIN,2,Carson Wentz,20,11,143,0,0,77.708,2.474,15.0,8.237,-0.552,-9.278,11
MIN,3,Kyler Murray,29,15,168,1,1,66.451,2.862,10.345,10.044,-0.876,-0.728,1
NE,0,Drake Maye,80,51,585,1,6,58.594,3.041,11.25,9.177,-0.139,2.388,10
NE,1,Drake Maye,33,23,178,1,3,54.861,2.823,6.061,6.373,-3.369,3.151,10
NE,2,Drake Maye,22,14,208,0,1,75.568,2.94,9.091,9.844,1.273,3.225,10
NE,3,Drake Maye,25,14,199,0,2,48.583,3.419,20.0,12.215,2.798,0.644,10
NO,0,Tyler Shough,132,91,917,8,3,99.211,2.661,14.394,7.544,-1.246,3.543,6
NO,1,Tyler Shough,56,35,410,3,2,87.649,2.602,14.286,8.837,0.01,-0.475,6
NO,2,Tyler Shough,34,27,252,1,0,107.353,2.734,20.588,5.421,-3.86,12.134,6
NO,3,Tyler Shough,42,29,255,4,1,106.746,2.679,9.524,7.562,-0.788,1.946,6
NYG,0,Jameis Winston,49,25,229,0,1,55.57,2.72,24.49,8.172,-2.203,-9.133,19
NYG,0,Jaxson Dart,34,26,250,3,0,125.858,2.63,20.588,8.563,-0.173,9.872,6
NYG,1,Jaxson Dart,29,23,230,3,0,134.195,2.639,17.241,8.557,-0.271,10.925,6
NYG,2,Jameis Winston,27,11,111,0,1,37.731,2.857,33.333,10.12,0.12,-11.542,19
NYG,3,Jameis Winston,22,14,118,0,0,77.462,2.552,13.636,5.668,-5.19,-6.177,19
NYJ,0,Geno Smith,102,77,783,4,0,110.049,2.943,18.627,7.599,-2.098,12.897,7
NYJ,1,Geno Smith,24,19,215,0,0,103.993,3.042,12.5,6.72,-2.759,9.368,7
NYJ,2,Geno Smith,41,27,247,1,0,90.193,2.934,14.634,7.338,-2.857,7.549,7
NYJ,3,Geno Smith,37,31,321,3,0,129.842,2.888,27.027,8.401,-0.95,21.112,7
PHI,0,Jalen Hurts,87,56,620,5,3,90.206,3.257,8.046,8.655,-0.617,-0.134,1
PHI,1,Jalen Hurts,25,14,203,3,0,122.167,3.264,8.0,10.162,0.98,-2.145,1
PHI,2,Jalen Hurts,37,26,264,2,2,85.867,3.502,8.108,8.841,-0.331,4.226,1
PHI,3,Jalen Hurts,25,16,153,0,1,64.25,2.885,8.0,7.002,-2.498,-4.575,1
PIT,0,Aaron Rodgers,113,66,700,4,2,80.992,2.891,14.159,8.286,-0.373,-2.037,8
PIT,1,Aaron Rodgers,40,24,221,1,0,83.438,2.951,15.0,9.512,0.863,-0.808,8
PIT,2,Aaron Rodgers,39,23,187,0,1,60.524,2.579,17.949,4.696,-3.138,-1.891,8
PIT,3,Aaron Rodgers,34,19,292,3,1,101.593,3.19,8.824,10.841,1.278,-3.649,8
SEA,0,Drew Lock,48,35,422,4,0,127.257,2.77,16.667,7.686,-1.252,8.813,2
SEA,0,Sam Darnold,47,32,392,4,2,104.211,3.241,17.021,7.115,-2.016,6.353,14
SEA,1,Drew Lock,22,16,187,1,0,113.258,2.769,13.636,5.981,-3.064,5.008,2
SEA,2,Drew Lock,26,19,235,3,0,139.103,2.77,19.231,9.128,0.282,12.033,2
SEA,3,Sam Darnold,45,31,379,4,2,105.694,3.294,17.778,7.09,-2.092,6.98,14
SF,0,Brock Purdy,83,60,789,9,1,133.057,2.961,14.458,7.404,-0.719,7.549,13
SF,1,Brock Purdy,34,25,205,3,1,105.637,2.688,17.647,4.577,-2.247,7.401,13
SF,2,Brock Purdy,22,20,287,2,0,149.053,3.038,0.0,8.585,-0.224,16.725,13
SF,3,Brock Purdy,27,15,297,4,0,133.796,3.241,22.222,10.148,0.879,0.257,13
TB,0,Baker Mayfield,96,61,615,2,2,79.991,2.989,12.5,8.852,-0.879,0.135,6
TB,1,Baker Mayfield,28,23,216,0,0,98.81,2.884,10.714,4.69,-3.755,15.406,6
TB,2,Baker Mayfield,34,21,182,1,1,73.407,2.988,17.647,12.538,3.083,3.787,6
TB,3,Baker Mayfield,34,17,217,1,1,67.892,3.076,8.824,8.573,-2.488,-16.094,6
TEN,0,Cam Ward,88,55,504,2,1,80.871,2.865,6.818,6.281,-2.944,-1.828,1
TEN,1,Cam Ward,32,19,140,1,0,80.208,2.903,6.25,5.73,-2.484,-5.584,1
TEN,2,Cam Ward,20,13,183,0,0,94.375,3.072,5.0,6.584,-4.534,3.4,1
TEN,3,Cam Ward,36,23,181,1,1,73.958,2.717,8.333,6.574,-2.54,-1.394,1
WAS,0,Jayden Daniels,51,29,260,3,0,90.319,3.245,15.686,9.342,0.409,-2.781,5
WAS,0,Marcus Mariota,47,30,294,4,0,109.707,2.913,14.894,9.115,0.637,1.757,8
WAS,1,Jayden Daniels,34,18,164,2,0,85.907,3.415,14.706,8.642,-0.599,-4.785,5
WAS,2,Jayden Daniels,17,11,96,1,0,99.142,2.906,17.647,10.611,2.236,1.228,5
WAS,2,Marcus Mariota,16,11,111,1,0,109.115,3.194,18.75,11.973,4.161,7.711,8
WAS,3,Marcus Mariota,31,19,183,3,0,110.013,2.768,12.903,7.59,-1.243,-1.316,8
