team,player,position,de,def_pct,tgt,cmp,yds,td,prs,mtkl,rating_allowed,def_tackles_solo,def_tackle_assists,def_tackles_for_loss,def_sacks,def_qb_hits,def_interceptions,def_pass_defended,def_fumbles_forced,jersey
ARI,Budda Baker,S,246,1.0,16.0,8.0,200.0,2.0,2.0,2.0,109.375,14.0,11.0,1.0,1.5,2.0,1.0,3.0,0.0,3
ARI,Mack Wilson,LB,239,0.971545,12.0,7.0,115.0,1.0,0.0,3.0,118.402778,12.0,16.0,1.0,0.0,0.0,0.0,1.0,1.0,1
ARI,Jack Gibbens,LB,234,0.95122,12.0,7.0,111.0,1.0,3.0,2.0,117.013889,13.0,19.0,1.0,0.5,3.0,0.0,1.0,0.0,50
ARI,Denzel Burke,CB,213,0.865854,15.0,10.0,114.0,2.0,0.0,0.0,101.111111,8.0,1.0,0.0,0.0,0.0,1.0,3.0,0.0,29
ARI,Andrew Wingard,S,182,0.739837,8.0,5.0,103.0,0.0,0.0,3.0,66.666667,10.0,13.0,3.0,0.0,0.0,1.0,1.0,1.0,28
ARI,Max Melton,CB,157,0.638211,17.0,10.0,137.0,1.0,0.0,1.0,104.289216,6.0,5.0,1.0,0.0,0.0,0.0,3.0,0.0,16
ARI,Walter Nolen,DL,150,0.609756,0.0,0.0,0.0,0.0,5.0,0.0,,2.0,5.0,2.0,1.0,3.0,0.0,0.0,0.0,97
ARI,Dante Stills,DL,146,0.593496,2.0,2.0,29.0,1.0,3.0,0.0,158.333333,3.0,8.0,1.0,1.0,3.0,0.0,1.0,0.0,55
ARI,Roy Lopez,DL,138,0.560976,0.0,0.0,0.0,0.0,1.0,0.0,,5.0,9.0,1.0,0.0,0.0,0.0,0.0,0.0,51
ARI,Josh Sweat,LB,123,0.5,1.0,1.0,2.0,0.0,5.0,0.0,79.166667,4.0,2.0,2.0,1.0,2.0,0.0,0.0,0.0,10
ARI,Baron Browning,LB,119,0.48374,2.0,1.0,10.0,1.0,1.0,0.0,104.166667,3.0,1.0,1.0,0.0,1.0,0.0,0.0,0.0,5
ARI,Zaven Collins,LB,112,0.455285,5.0,2.0,20.0,0.0,1.0,0.0,52.083333,9.0,5.0,2.0,1.0,1.0,0.0,2.0,1.0,25
ARI,Will Johnson,CB,111,0.45122,14.0,7.0,105.0,1.0,0.0,0.0,98.809524,3.0,5.0,0.0,0.0,0.0,0.0,1.0,0.0,2
ARI,Jordan Burch,LB,108,0.439024,0.0,0.0,0.0,0.0,2.0,0.0,,6.0,2.0,2.0,1.0,1.0,0.0,0.0,0.0,52
ARI,L.J. Collier,DL,96,0.390244,,,,,,,,1.0,3.0,0.0,0.0,0.0,0.0,0.0,0.0,91
ARI,Darius Robinson,DL,87,0.353659,1.0,1.0,-10.0,0.0,3.0,0.0,79.166667,5.0,7.0,2.0,1.0,1.0,0.0,0.0,0.0,56
ARI,Wydett Williams,S,80,0.325203,5.0,3.0,86.0,1.0,0.0,1.0,143.75,4.0,3.0,0.0,0.0,0.0,0.0,0.0,0.0,31
ARI,Garrett Williams,CB,52,0.211382,6.0,4.0,21.0,0.0,0.0,0.0,72.222222,3.0,1.0,0.0,0.0,0.0,0.0,1.0,0.0,21
ARI,Eku Leota,LB,39,0.158537,0.0,0.0,0.0,0.0,1.0,0.0,,0.0,4.0,0.0,0.0,1.0,0.0,0.0,0.0,54
ARI,Kei'Trel Clark,CB,38,0.154472,4.0,1.0,9.0,0.0,0.0,0.0,39.583333,2.0,1.0,0.0,0.0,0.0,0.0,1.0,0.0,13
ATL,Xavier Watts,S,267,0.978022,13.0,9.0,126.0,1.0,1.0,1.0,93.75,16.0,8.0,0.0,0.5,1.0,1.0,1.0,1.0,31
ATL,Jessie Bates III,S,255,0.934066,12.0,6.0,95.0,4.0,0.0,0.0,116.319444,8.0,9.0,0.0,0.0,0.0,0.0,2.0,0.0,3
ATL,Divine Deablo,LB,247,0.904762,9.0,8.0,101.0,0.0,2.0,1.0,113.425926,8.0,6.0,1.0,0.0,2.0,0.0,1.0,0.0,0
ATL,Mike Hughes,CB,237,0.868132,21.0,13.0,221.0,3.0,0.0,3.0,137.103175,13.0,5.0,1.0,0.0,0.0,0.0,3.0,0.0,21
ATL,C.J. Henderson,CB,192,0.703297,22.0,11.0,116.0,1.0,0.0,0.0,80.871212,22.0,1.0,1.0,0.0,0.0,0.0,6.0,1.0,26
ATL,Cameron Thomas,DE,164,0.600733,1.0,1.0,14.0,0.0,7.0,0.0,118.75,6.0,6.0,1.0,1.5,8.0,0.0,1.0,1.0,99
ATL,Brandon Dorlus,DL,151,0.553114,0.0,0.0,0.0,0.0,5.0,1.0,,4.0,2.0,0.0,0.0,6.0,0.0,0.0,0.0,54
ATL,Gervon Dexter,DT,150,0.549451,0.0,0.0,0.0,0.0,4.0,0.0,,2.0,7.0,0.0,0.5,3.0,0.0,1.0,0.0,95
ATL,Harold Perkins,LB,144,0.527473,11.0,5.0,34.0,0.0,0.0,0.0,52.840909,10.0,6.0,0.0,0.5,1.0,0.0,1.0,0.0,56
ATL,Maason Smith,DL,141,0.516484,0.0,0.0,0.0,0.0,3.0,0.0,,1.0,3.0,1.0,0.0,1.0,0.0,1.0,0.0,92
ATL,Kendal Daniels,LB,140,0.512821,9.0,6.0,40.0,0.0,0.0,3.0,76.157407,8.0,5.0,2.0,0.0,0.0,0.0,0.0,0.0,53
ATL,Samson Ebukam,DE,101,0.369963,2.0,1.0,17.0,0.0,5.0,0.0,79.166667,1.0,3.0,1.0,1.5,7.0,0.0,0.0,0.0,52
ATL,LaCale London,DL,100,0.3663,0.0,0.0,0.0,0.0,2.0,0.0,,3.0,6.0,0.0,0.0,0.0,0.0,0.0,0.0,94
ATL,Avieon Terrell,CB,98,0.358974,9.0,3.0,38.0,0.0,0.0,0.0,47.453704,2.0,1.0,0.0,0.0,0.0,0.0,0.0,0.0,12
ATL,Billy Bowman,CB,96,0.351648,8.0,3.0,39.0,0.0,0.0,2.0,53.645833,3.0,0.0,0.0,0.0,0.0,0.0,2.0,0.0,33
ATL,Sydney Brown,DB,87,0.318681,5.0,5.0,28.0,0.0,0.0,0.0,90.0,8.0,5.0,1.0,0.0,0.0,0.0,1.0,0.0,29
ATL,Yasir Abdullah,LB,84,0.307692,0.0,0.0,0.0,0.0,0.0,0.0,,2.0,0.0,0.0,0.0,4.0,0.0,1.0,0.0,22
ATL,Za'Darius Smith,DE,78,0.285714,1.0,0.0,0.0,0.0,6.0,0.0,39.583333,3.0,2.0,4.0,2.5,3.0,0.0,1.0,0.0,55
ATL,Zach Harrison,DL,75,0.274725,,,,,,,,2.0,1.0,1.0,0.0,1.0,0.0,0.0,0.0,96
ATL,AJ Terrell,CB,68,0.249084,8.0,3.0,57.0,0.0,0.0,0.0,63.020833,3.0,3.0,0.0,0.0,0.0,0.0,2.0,0.0,24
ATL,Jared Ivey,LB,50,0.18315,,,,,,,,0.0,2.0,0.0,0.0,0.0,0.0,0.0,0.0,51
ATL,Bralen Trice,DE,35,0.128205,1.0,1.0,10.0,0.0,0.0,1.0,108.333333,1.0,0.0,0.0,0.0,0.0,0.0,1.0,0.0,48
ATL,DeMarcco Hellams,S,18,0.065934,,,,,,,,2.0,1.0,1.0,0.0,0.0,0.0,1.0,0.0,23
BAL,Roquan Smith,LB,260,1.0,17.0,8.0,89.0,0.0,2.0,1.0,38.602941,11.0,23.0,1.0,1.0,2.0,1.0,1.0,1.0,0
BAL,Nate Wiggins,CB,254,0.976923,22.0,12.0,94.0,0.0,1.0,3.0,65.340909,9.0,5.0,0.0,0.0,0.0,0.0,2.0,0.0,2
BAL,Malaki Starks,S,254,0.976923,10.0,9.0,151.0,1.0,2.0,2.0,152.083333,15.0,8.0,1.0,1.0,2.0,0.0,0.0,0.0,24
BAL,Kyle Hamilton,S,252,0.969231,18.0,11.0,152.0,0.0,1.0,2.0,88.194444,19.0,13.0,3.0,0.0,1.0,0.0,3.0,1.0,14
BAL,Jaylinn Hawkins,S,222,0.853846,12.0,7.0,130.0,1.0,0.0,1.0,123.611111,11.0,8.0,0.0,0.0,0.0,0.0,0.0,0.0,21
BAL,Tavius Robinson,LB,201,0.773077,1.0,1.0,25.0,0.0,7.0,1.0,118.75,5.0,4.0,2.0,2.0,6.0,0.0,1.0,0.0,95
BAL,Marlon Humphrey,CB,187,0.719231,23.0,15.0,215.0,1.0,0.0,0.0,109.873188,13.0,3.0,0.0,0.0,0.0,0.0,3.0,1.0,44
BAL,Trenton Simpson,LB,156,0.6,11.0,8.0,27.0,0.0,0.0,1.0,37.310606,14.0,11.0,5.0,0.0,0.0,1.0,1.0,0.0,32
BAL,Travis Jones,DL,144,0.553846,0.0,0.0,0.0,0.0,0.0,2.0,,6.0,2.0,4.0,0.0,0.0,0.0,1.0,1.0,98
BAL,Calais Campbell,DL,132,0.507692,0.0,0.0,0.0,0.0,3.0,2.0,,1.0,6.0,0.0,0.0,3.0,0.0,0.0,0.0,93
BAL,Trey Hendrickson,LB,121,0.465385,0.0,0.0,0.0,0.0,3.0,1.0,,4.0,0.0,1.0,1.0,3.0,0.0,0.0,0.0,91
BAL,Mike Green,LB,112,0.430769,1.0,0.0,19.0,0.0,6.0,1.0,79.166667,4.0,3.0,2.0,1.0,5.0,0.0,0.0,0.0,15
BAL,Nnamdi Madubuike,DL,93,0.357692,0.0,0.0,0.0,0.0,1.0,0.0,,4.0,3.0,0.0,0.0,2.0,0.0,0.0,0.0,92
BAL,Broderick Washington Jr.,DL,93,0.357692,,,,,,,,2.0,3.0,0.0,0.0,0.0,0.0,1.0,0.0,96
BAL,Zion Young,LB,86,0.330769,0.0,0.0,0.0,0.0,0.0,1.0,,3.0,5.0,0.0,0.0,0.0,0.0,0.0,0.0,9
BAL,Chandler Rivers,CB,85,0.326923,12.0,8.0,55.0,1.0,1.0,1.0,104.513889,8.0,1.0,2.0,0.0,0.0,0.0,0.0,0.0,29
BAL,Chidobe Awuzie,CB,78,0.3,8.0,6.0,52.0,0.0,0.0,0.0,91.666667,5.0,2.0,0.0,0.0,0.0,0.0,1.0,0.0,3
BAL,John Jenkins,NT,55,0.211538,0.0,0.0,0.0,0.0,1.0,0.0,,2.0,3.0,0.0,0.0,0.0,0.0,0.0,0.0,94
BAL,Keyon Martin,CB,24,0.092308,3.0,3.0,23.0,1.0,0.0,0.0,138.194444,2.0,0.0,0.0,0.0,0.0,0.0,0.0,0.0,38
BAL,Aeneas Peebles,DL,18,0.069231,0.0,0.0,0.0,0.0,1.0,0.0,,0.0,0.0,0.0,0.0,1.0,0.0,0.0,0.0,90
BAL,Ethan Burke,LB,16,0.061538,0.0,0.0,0.0,0.0,1.0,0.0,,1.0,1.0,1.0,1.0,1.0,0.0,0.0,0.0,97
BUF,C.J. Gardner-Johnson,S,288,0.99654,10.0,5.0,104.0,0.0,0.0,4.0,47.5,12.0,6.0,0.0,0.0,0.0,1.0,2.0,0.0,22
BUF,Cole Bishop,S,282,0.975779,15.0,10.0,110.0,1.0,0.0,3.0,110.416667,15.0,10.0,0.0,0.0,0.0,0.0,0.0,0.0,24
BUF,Terrel Bernard,LB,278,0.961938,16.0,11.0,112.0,0.0,1.0,5.0,88.541667,16.0,12.0,2.0,0.0,0.0,0.0,1.0,0.0,8
BUF,Maxwell Hairston,CB,245,0.847751,20.0,9.0,133.0,2.0,0.0,2.0,100.625,6.0,3.0,0.0,0.0,0.0,0.0,2.0,0.0,1
BUF,Bradley Chubb,LB,224,0.775087,0.0,0.0,0.0,0.0,10.0,2.0,,4.0,11.0,2.0,1.5,7.0,0.0,0.0,0.0,9
BUF,Gregory Rousseau,LB,224,0.775087,4.0,3.0,0.0,0.0,22.0,1.0,77.083333,14.0,5.0,8.0,6.0,16.0,0.0,3.0,3.0,15
BUF,Deone Walker,DL,202,0.698962,2.0,2.0,-1.0,1.0,7.0,2.0,118.75,6.0,6.0,3.0,1.0,4.0,0.0,4.0,0.0,96
BUF,Christian Benford,CB,195,0.67474,20.0,12.0,147.0,2.0,0.0,2.0,116.041667,10.0,6.0,0.0,0.0,0.0,0.0,3.0,0.0,47
BUF,Dorian Williams,LB,194,0.67128,11.0,9.0,61.0,2.0,0.0,3.0,129.356061,15.0,15.0,3.0,0.0,0.0,0.0,1.0,0.0,42
BUF,Dee Alford,CB,146,0.50519,20.0,11.0,175.0,1.0,0.0,4.0,80.208333,2.0,11.0,0.0,0.0,0.0,1.0,2.0,0.0,23
BUF,Davison Igbinosun,CB,133,0.460208,16.0,9.0,130.0,1.0,1.0,0.0,103.645833,11.0,7.0,0.0,0.0,0.0,0.0,3.0,0.0,21
BUF,DeWayne Carter,DL,127,0.439446,0.0,0.0,0.0,0.0,2.0,1.0,,6.0,4.0,1.0,0.0,0.0,0.0,0.0,0.0,90
BUF,Ed Oliver,DL,117,0.404844,0.0,0.0,0.0,0.0,6.0,0.0,,3.0,6.0,1.0,0.5,4.0,0.0,0.0,0.0,91
BUF,Landon Jackson,DL,112,0.387543,0.0,0.0,0.0,0.0,1.0,0.0,,3.0,6.0,0.0,0.0,0.0,0.0,1.0,0.0,94
BUF,Michael Hoecht,LB,90,0.311419,0.0,0.0,0.0,0.0,1.0,0.0,,1.0,7.0,0.0,0.5,1.0,0.0,1.0,0.0,55
BUF,Greg Gaines,DL,86,0.297578,0.0,0.0,0.0,0.0,0.0,1.0,,2.0,5.0,0.0,0.0,0.0,0.0,0.0,0.0,97
BUF,Damar Hamlin,S,80,0.276817,4.0,3.0,74.0,0.0,1.0,0.0,116.666667,3.0,4.0,0.0,0.0,0.0,0.0,0.0,0.0,3
BUF,T.J. Parker,LB,60,0.207612,1.0,1.0,8.0,0.0,1.0,0.0,100.0,3.0,5.0,0.0,0.5,0.0,0.0,0.0,1.0,99
BUF,Kaleb Elarms-Orr,LB,45,0.155709,6.0,4.0,56.0,0.0,0.0,0.0,96.527778,2.0,7.0,0.0,0.0,0.0,0.0,0.0,0.0,52
BUF,Javon Solomon,LB,29,0.100346,0.0,0.0,0.0,0.0,0.0,1.0,,2.0,2.0,0.0,0.0,0.0,0.0,0.0,0.0,56
CAR,Tre'von Moehrig,S,275,0.964912,15.0,7.0,66.0,0.0,0.0,3.0,59.305556,8.0,9.0,1.0,0.0,0.0,0.0,0.0,0.0,7
CAR,Bobby Okereke,LB,239,0.838596,14.0,9.0,53.0,1.0,4.0,0.0,65.47619,14.0,12.0,1.0,0.0,1.0,1.0,2.0,1.0,58
CAR,Will Lee,CB,199,0.698246,25.0,13.0,181.0,0.0,0.0,0.0,75.583333,11.0,7.0,0.0,0.0,0.0,0.0,4.0,0.0,24
CAR,Jaelan Phillips,LB,198,0.694737,2.0,0.0,0.0,0.0,8.0,0.0,39.583333,3.0,5.0,2.0,2.0,4.0,0.0,0.0,0.0,5
CAR,Devin Lloyd,LB,194,0.680702,25.0,15.0,166.0,1.0,5.0,1.0,59.75,20.0,10.0,3.0,1.0,2.0,2.0,3.0,0.0,55
CAR,Derrick Brown,DT,193,0.677193,0.0,0.0,0.0,0.0,2.0,1.0,,8.0,3.0,0.0,0.0,1.0,0.0,3.0,0.0,95
CAR,Jaycee Horn,CB,188,0.659649,12.0,6.0,106.0,1.0,0.0,3.0,108.333333,4.0,2.0,0.0,0.0,0.0,0.0,2.0,0.0,8
CAR,Lathan Ransom,S,156,0.547368,11.0,2.0,88.0,0.0,0.0,4.0,60.416667,9.0,9.0,0.0,0.0,0.0,0.0,2.0,0.0,22
CAR,Michael Jackson,CB,149,0.522807,6.0,4.0,33.0,0.0,0.0,1.0,80.555556,4.0,2.0,0.0,0.0,0.0,0.0,0.0,0.0,2
CAR,Nick Scott,S,147,0.515789,10.0,5.0,81.0,0.0,0.0,0.0,77.5,8.0,3.0,0.0,0.0,0.0,0.0,0.0,0.0,21
CAR,Princely Umanmielen,LB,130,0.45614,2.0,2.0,22.0,0.0,9.0,1.0,112.5,8.0,3.0,3.0,3.0,4.0,0.0,0.0,0.0,3
CAR,Zakee Wheatley,S,126,0.442105,8.0,5.0,124.0,1.0,0.0,0.0,145.833333,11.0,3.0,0.0,0.0,0.0,0.0,0.0,1.0,20
CAR,Akayleb Evans,CB,117,0.410526,20.0,14.0,226.0,1.0,1.0,1.0,124.166667,12.0,6.0,0.0,0.0,0.0,0.0,2.0,0.0,29
CAR,Aaron Hall,DT,113,0.396491,1.0,1.0,-2.0,0.0,4.0,0.0,79.166667,3.0,7.0,1.0,0.0,2.0,0.0,0.0,0.0,94
CAR,Trevis Gipson,LB,112,0.392982,3.0,2.0,27.0,0.0,3.0,0.0,95.138889,3.0,1.0,2.0,1.0,1.0,0.0,0.0,0.0,52
CAR,Lee Hunter,DT,108,0.378947,0.0,0.0,0.0,0.0,1.0,0.0,,5.0,6.0,0.0,0.0,0.0,0.0,0.0,0.0,92
CAR,Patrick Jones II,LB,96,0.336842,1.0,0.0,0.0,0.0,3.0,1.0,39.583333,3.0,2.0,1.0,0.0,1.0,0.0,0.0,0.0,91
CAR,TeRah Edwards,DT,92,0.322807,0.0,0.0,0.0,0.0,1.0,0.0,,2.0,5.0,0.0,0.0,1.0,0.0,0.0,0.0,93
CAR,Bobby Brown,DT,90,0.315789,0.0,0.0,0.0,0.0,1.0,0.0,,0.0,3.0,0.0,0.0,0.0,0.0,1.0,0.0,97
CAR,Jeremiah Moon,LB,41,0.14386,,,,,,,,5.0,2.0,0.0,0.0,0.0,0.0,1.0,0.0,56
CAR,Tyrel Dodson,LB,38,0.133333,3.0,3.0,15.0,1.0,0.0,0.0,127.083333,1.0,6.0,0.0,0.0,0.0,0.0,0.0,0.0,33
CAR,Cam Jackson,DT,37,0.129825,,,,,,,,2.0,0.0,0.0,0.0,0.0,0.0,0.0,0.0,99
CAR,Chau Smith-Wade,CB,37,0.129825,0.0,0.0,0.0,0.0,0.0,2.0,,0.0,3.0,0.0,0.0,0.0,0.0,0.0,0.0,26
CAR,Thomas Incoom,LB,36,0.126316,0.0,0.0,0.0,0.0,1.0,0.0,,3.0,3.0,0.0,0.0,0.0,0.0,0.0,0.0,48
CAR,Jackson Kuwatch,LB,18,0.063158,0.0,0.0,0.0,0.0,1.0,0.0,,0.0,3.0,0.0,0.0,0.0,0.0,0.0,0.0,46
CHI,Dillon Thieneman,DB,202,1.0,12.0,4.0,50.0,0.0,1.0,0.0,12.5,15.0,15.0,0.0,0.0,1.0,1.0,3.0,0.0,31
CHI,T.J. Edwards,LB,202,1.0,15.0,10.0,86.0,0.0,1.0,5.0,53.75,4.0,7.0,1.0,0.0,1.0,1.0,3.0,0.0,53
CHI,Jaylon Johnson,DB,199,0.985149,18.0,15.0,248.0,0.0,1.0,3.0,118.75,10.0,2.0,1.0,0.0,0.0,0.0,0.0,1.0,1
CHI,Devin Bush Jr.,LB,192,0.950495,9.0,3.0,50.0,0.0,3.0,0.0,53.009259,10.0,9.0,3.0,1.0,2.0,0.0,1.0,0.0,12
CHI,Malik Muhammad,DB,162,0.80198,18.0,8.0,119.0,0.0,2.0,2.0,43.518519,7.0,6.0,1.0,1.0,2.0,1.0,3.0,0.0,24
CHI,Cameron Lewis,DB,144,0.712871,5.0,5.0,52.0,1.0,0.0,1.0,149.583333,10.0,4.0,0.0,0.0,0.0,0.0,0.0,0.0,21
CHI,Grady Jarrett,DL,143,0.707921,0.0,0.0,0.0,0.0,4.0,1.0,,1.0,8.0,0.0,0.0,1.0,0.0,0.0,0.0,50
CHI,Montez Sweat,DL,139,0.688119,0.0,0.0,0.0,0.0,7.0,0.0,,2.0,5.0,2.0,2.0,3.0,0.0,0.0,0.0,98
CHI,Tyrique Stevenson,DB,135,0.668317,15.0,9.0,192.0,3.0,0.0,1.0,143.75,11.0,6.0,2.0,0.0,0.0,0.0,1.0,0.0,29
CHI,Dayo Odeyingbo,DL,125,0.618812,0.0,0.0,0.0,0.0,9.0,0.0,,4.0,3.0,3.0,3.0,3.0,0.0,1.0,0.0,55
CHI,Austin Booker,DL,109,0.539604,0.0,0.0,0.0,0.0,6.0,0.0,,6.0,3.0,2.0,2.0,4.0,0.0,0.0,1.0,94
CHI,Kentavius Street,DL,90,0.445545,0.0,0.0,0.0,0.0,1.0,0.0,,2.0,3.0,1.0,1.0,1.0,0.0,0.0,0.0,93
CHI,Xavier Woods,DB,81,0.40099,4.0,3.0,18.0,0.0,0.0,0.0,83.333333,3.0,7.0,0.0,0.0,0.0,0.0,0.0,0.0,32
CHI,Neville Gallimore,DL,71,0.351485,0.0,0.0,0.0,0.0,1.0,0.0,,4.0,1.0,0.0,0.0,0.0,0.0,0.0,0.0,90
CHI,D'Marco Jackson,LB,69,0.341584,1.0,0.0,0.0,0.0,0.0,1.0,39.583333,1.0,9.0,0.0,0.0,0.0,0.0,0.0,0.0,48
CHI,James Lynch,DL,68,0.336634,0.0,0.0,0.0,0.0,2.0,0.0,,4.0,7.0,0.0,0.0,0.0,0.0,0.0,0.0,97
CHI,Jordan van den Berg,DL,48,0.237624,0.0,0.0,0.0,0.0,1.0,1.0,,1.0,0.0,0.0,0.0,1.0,0.0,0.0,0.0,96
CHI,Elijah Hicks,DB,21,0.10396,1.0,1.0,4.0,0.0,1.0,0.0,83.333333,4.0,2.0,0.0,0.0,1.0,0.0,0.0,0.0,22
CIN,Barrett Carter,LB,260,1.0,23.0,14.0,172.0,0.0,2.0,6.0,83.967391,13.0,16.0,3.0,0.5,2.0,0.0,2.0,1.0,49
CIN,Daxton Hill,CB,259,0.996154,23.0,11.0,146.0,0.0,0.0,2.0,68.387681,15.0,8.0,0.0,0.0,0.0,0.0,5.0,1.0,23
CIN,DJ Turner,CB,259,0.996154,19.0,10.0,114.0,1.0,0.0,2.0,88.486842,9.0,3.0,0.0,0.0,0.0,0.0,4.0,0.0,0
CIN,Jordan Battle,S,259,0.996154,19.0,12.0,197.0,1.0,0.0,5.0,93.530702,16.0,9.0,0.0,0.0,0.0,1.0,2.0,0.0,27
CIN,Demetrius Knight,LB,224,0.861538,21.0,16.0,188.0,1.0,3.0,3.0,118.75,14.0,20.0,1.0,0.0,1.0,0.0,0.0,0.0,44
CIN,Boye Mafe,DE,191,0.734615,3.0,2.0,38.0,0.0,6.0,1.0,109.722222,4.0,4.0,4.0,2.0,2.0,0.0,0.0,1.0,53
CIN,Dexter Lawrence,DT,182,0.7,0.0,0.0,0.0,0.0,8.0,0.0,,6.0,4.0,4.0,3.0,6.0,0.0,0.0,0.0,97
CIN,Jonathan Allen,DT,174,0.669231,0.0,0.0,0.0,0.0,8.0,3.0,,4.0,5.0,4.0,2.0,6.0,0.0,0.0,0.0,93
CIN,Myles Murphy,DE,165,0.634615,2.0,2.0,20.0,0.0,6.0,1.0,108.333333,3.0,2.0,1.0,1.5,3.0,0.0,0.0,1.0,99
CIN,Bryan Cook,S,158,0.607692,7.0,3.0,66.0,0.0,0.0,2.0,77.083333,9.0,3.0,0.0,0.0,0.0,0.0,0.0,1.0,6
CIN,Jalen Davis,CB,123,0.473077,15.0,8.0,126.0,1.0,0.0,1.0,103.75,5.0,5.0,1.0,0.0,0.0,0.0,2.0,0.0,35
CIN,Cashius Howell,DE,108,0.415385,2.0,2.0,29.0,0.0,7.0,0.0,118.75,1.0,2.0,0.0,0.0,3.0,0.0,0.0,0.0,55
CIN,Tedarrell Slaton,DT,89,0.342308,,,,,,,,3.0,4.0,0.0,0.0,0.0,0.0,0.0,0.0,98
CIN,Kris Jenkins,DT,75,0.288462,0.0,0.0,0.0,0.0,3.0,0.0,,3.0,2.0,2.0,2.0,2.0,0.0,0.0,0.0,90
CIN,Cedric Johnson,DE,68,0.261538,0.0,0.0,0.0,0.0,2.0,1.0,,4.0,4.0,2.0,2.0,2.0,0.0,0.0,0.0,52
CIN,DJ Ivey,CB,58,0.223077,4.0,1.0,24.0,0.0,0.0,0.0,52.083333,3.0,3.0,0.0,0.0,0.0,0.0,1.0,0.0,38
CIN,Tacario Davis,CB,55,0.211538,8.0,5.0,53.0,0.0,0.0,0.0,81.770833,8.0,2.0,0.0,0.0,0.0,0.0,1.0,0.0,20
CIN,Kyle Dugger,S,41,0.157692,4.0,0.0,22.0,0.0,0.0,2.0,50.0,5.0,5.0,0.0,0.0,0.0,0.0,1.0,0.0,29
CIN,PJ Jules,S,40,0.153846,2.0,2.0,34.0,0.0,0.0,0.0,118.75,4.0,3.0,0.0,0.0,0.0,0.0,0.0,0.0,37
CIN,B.J. Hill,DT,24,0.092308,,,,,,,,0.0,0.0,0.0,0.0,0.0,0.0,0.0,0.0,92
CIN,Russ Yeast,S,21,0.080769,1.0,1.0,15.0,0.0,0.0,0.0,118.75,2.0,1.0,0.0,0.0,0.0,0.0,0.0,0.0,22
CIN,Oren Burks,LB,17,0.065385,1.0,1.0,15.0,0.0,0.0,0.0,118.75,5.0,2.0,0.0,0.0,0.0,0.0,0.0,0.0,42
CLE,Carson Schwesinger,LB,271,1.0,12.0,7.0,122.0,1.0,1.0,2.0,120.833333,10.0,23.0,2.0,0.0,1.0,0.0,0.0,0.0,49
CLE,Denzel Ward,CB,270,0.99631,26.0,10.0,142.0,3.0,1.0,2.0,79.326923,11.0,6.0,0.0,0.0,1.0,1.0,2.0,2.0,21
CLE,Grant Delpit,S,269,0.99262,20.0,10.0,140.0,0.0,1.0,1.0,52.083333,12.0,6.0,0.0,1.0,1.0,1.0,2.0,0.0,9
CLE,Ronnie Hickman,S,268,0.98893,17.0,11.0,150.0,3.0,1.0,3.0,107.843137,8.0,16.0,0.0,1.0,1.0,1.0,2.0,0.0,33
CLE,Quincy Williams,LB,259,0.95572,15.0,11.0,50.0,0.0,3.0,3.0,77.083333,11.0,11.0,2.0,0.0,1.0,0.0,1.0,0.0,5
CLE,Myles Harden,CB,179,0.660517,25.0,15.0,230.0,2.0,1.0,1.0,100.416667,7.0,6.0,0.0,0.0,0.0,1.0,3.0,0.0,26
CLE,Tyson Campbell,CB,177,0.653137,12.0,9.0,179.0,0.0,0.0,5.0,116.666667,12.0,6.0,1.0,0.0,0.0,0.0,1.0,0.0,7
CLE,Maliek Collins,DT,173,0.638376,0.0,0.0,0.0,0.0,4.0,2.0,,2.0,6.0,2.0,1.0,4.0,0.0,0.0,0.0,96
CLE,Jared Verse,DE,172,0.634686,2.0,2.0,0.0,0.0,2.0,3.0,79.166667,7.0,3.0,3.0,0.0,2.0,0.0,0.0,0.0,8
CLE,Isaiah McGuire,DE,163,0.601476,1.0,1.0,9.0,0.0,4.0,2.0,104.166667,6.0,5.0,4.0,2.0,2.0,0.0,0.0,0.0,57
CLE,Mason Graham,DT,138,0.509225,1.0,1.0,0.0,0.0,5.0,1.0,79.166667,7.0,7.0,6.0,4.0,5.0,0.0,0.0,0.0,94
CLE,Michael Hall,DT,123,0.453875,0.0,0.0,0.0,0.0,1.0,1.0,,3.0,1.0,1.0,1.0,1.0,0.0,0.0,0.0,51
CLE,Adin Huntington,DE,117,0.431734,0.0,0.0,0.0,0.0,2.0,1.0,,1.0,8.0,1.0,1.0,3.0,0.0,0.0,0.0,98
CLE,Sam Williams,DE,99,0.365314,0.0,0.0,0.0,0.0,2.0,3.0,,4.0,7.0,1.0,1.0,2.0,0.0,1.0,0.0,54
CLE,Derek Barnett,DE,99,0.365314,1.0,0.0,0.0,0.0,3.0,1.0,39.583333,2.0,0.0,1.0,0.0,2.0,0.0,1.0,0.0,97
CLE,Mekhi Blackmon,CB,93,0.343173,17.0,8.0,91.0,0.0,0.0,1.0,63.602941,9.0,2.0,0.0,0.0,0.0,0.0,2.0,0.0,29
CLE,Emmanuel McNeil-Warren,S,80,0.295203,7.0,1.0,19.0,1.0,0.0,0.0,79.166667,5.0,10.0,0.0,0.0,0.0,0.0,2.0,0.0,28
CLE,Easton Mascarenas-Arnold,LB,20,0.073801,0.0,0.0,0.0,0.0,0.0,0.0,,1.0,6.0,0.0,0.0,0.0,0.0,0.0,0.0,42
DAL,DaRon Bland,CB,255,0.984556,21.0,15.0,182.0,2.0,0.0,1.0,129.464286,11.0,6.0,1.0,0.0,0.0,0.0,1.0,0.0,26
DAL,Caleb Downs,DB,251,0.969112,9.0,8.0,71.0,1.0,1.0,1.0,136.574074,18.0,9.0,0.0,1.0,1.0,0.0,1.0,2.0,13
DAL,Quinnen Williams,DT,189,0.72973,0.0,0.0,0.0,0.0,5.0,0.0,,7.0,5.0,4.0,1.0,3.0,0.0,0.0,1.0,92
DAL,Donovan Ezeiruaku,LB,182,0.702703,1.0,1.0,10.0,0.0,7.0,2.0,108.333333,10.0,10.0,1.0,0.5,2.0,0.0,0.0,1.0,6
DAL,Dee Winters,LB,181,0.698842,12.0,11.0,107.0,0.0,1.0,1.0,103.819444,17.0,8.0,2.0,0.0,1.0,0.0,0.0,0.0,53
DAL,Kenny Clark,DT,179,0.69112,0.0,0.0,0.0,0.0,2.0,0.0,,5.0,6.0,0.0,0.0,2.0,0.0,0.0,0.0,97
DAL,Rashan Gary,LB,173,0.667954,1.0,1.0,5.0,0.0,5.0,0.0,87.5,6.0,2.0,1.0,1.0,3.0,0.0,0.0,0.0,7
DAL,Jaishawn Barham,LB,168,0.648649,11.0,11.0,80.0,1.0,0.0,2.0,127.272727,12.0,9.0,4.0,0.0,0.0,0.0,0.0,1.0,55
DAL,Jalen Thompson,S,167,0.644788,4.0,3.0,32.0,0.0,0.0,1.0,97.916667,8.0,9.0,0.0,0.0,1.0,0.0,0.0,0.0,34
DAL,Otito Ogbonnia,DT,126,0.486486,0.0,0.0,0.0,0.0,3.0,0.0,,8.0,4.0,0.0,0.0,2.0,0.0,0.0,0.0,91
DAL,Markquese Bell,S,111,0.428571,4.0,3.0,58.0,1.0,0.0,0.0,156.25,11.0,5.0,0.0,0.0,0.0,0.0,0.0,0.0,14
DAL,Shavon Revel,CB,105,0.405405,15.0,7.0,79.0,0.0,0.0,2.0,62.916667,7.0,2.0,0.0,0.0,0.0,0.0,1.0,0.0,28
DAL,Malachi Lawrence,LB,90,0.34749,1.0,1.0,7.0,0.0,3.0,2.0,95.833333,5.0,5.0,0.0,0.0,1.0,0.0,0.0,0.0,57
DAL,Cobie Durant,CB,87,0.335907,5.0,1.0,18.0,0.0,0.0,1.0,42.083333,2.0,1.0,0.0,0.0,0.0,0.0,2.0,1.0,2
DAL,Shemar James,LB,86,0.332046,,,,,,,,3.0,2.0,0.0,0.0,0.0,0.0,0.0,0.0,50
DAL,LT Overton,DT,68,0.262548,1.0,0.0,0.0,0.0,1.0,0.0,39.583333,2.0,4.0,0.0,0.0,0.0,0.0,1.0,0.0,99
DAL,Jonathan Bullard,DT,64,0.247104,0.0,0.0,0.0,0.0,2.0,0.0,,0.0,3.0,0.0,0.5,2.0,0.0,0.0,0.0,90
DAL,Von Miller,LB,62,0.239382,1.0,1.0,0.0,0.0,1.0,0.0,79.166667,1.0,1.0,0.0,0.0,0.0,0.0,0.0,0.0,40
DAL,Malik Hooker,S,52,0.200772,6.0,4.0,54.0,0.0,0.0,0.0,95.138889,6.0,2.0,0.0,0.0,0.0,0.0,2.0,0.0,24
DAL,DeMarvion Overshown,LB,51,0.196911,4.0,4.0,38.0,1.0,0.0,2.0,145.833333,1.0,6.0,0.0,0.0,0.0,0.0,0.0,0.0,0
DAL,Reddy Steward,CB,41,0.158301,7.0,6.0,142.0,1.0,0.0,0.0,158.333333,5.0,1.0,0.0,0.0,0.0,0.0,0.0,0.0,27
DAL,Ameer Speed,CB,31,0.119691,1.0,1.0,8.0,0.0,0.0,0.0,100.0,2.0,1.0,0.0,0.0,0.0,0.0,0.0,0.0,23
DAL,P.J. Locke,S,31,0.119691,2.0,2.0,27.0,1.0,0.0,0.0,158.333333,2.0,1.0,0.0,0.0,0.0,0.0,0.0,0.0,1
DAL,Alijah Clark,S,28,0.108108,2.0,1.0,31.0,0.0,0.0,0.0,95.833333,4.0,2.0,0.0,0.0,0.0,0.0,1.0,0.0,11
DAL,Joey Porter Jr.,CB,25,0.096525,,,,,,,,,,,,,,,,25
DAL,Caelen Carson,CB,17,0.065637,2.0,1.0,2.0,1.0,0.0,0.0,95.833333,0.0,1.0,0.0,0.0,0.0,0.0,0.0,0.0,21
DEN,Alex Singleton,LB,279,0.996429,23.0,15.0,153.0,0.0,1.0,6.0,84.148551,21.0,24.0,1.0,0.0,1.0,0.0,1.0,0.0,49
DEN,Talanoa Hufanga,S,277,0.989286,13.0,5.0,54.0,0.0,1.0,6.0,11.858974,11.0,10.0,2.0,1.0,1.0,2.0,3.0,0.0,9
DEN,Brandon Jones,S,274,0.978571,12.0,9.0,161.0,1.0,1.0,8.0,109.722222,21.0,10.0,1.0,0.0,1.0,1.0,2.0,0.0,22
DEN,Riley Moss,CB,247,0.882143,22.0,11.0,145.0,3.0,0.0,5.0,91.856061,9.0,6.0,0.0,0.0,0.0,1.0,5.0,0.0,21
DEN,Patrick Surtain II,CB,243,0.867857,18.0,9.0,107.0,0.0,0.0,0.0,68.518519,12.0,9.0,0.0,0.0,0.0,0.0,1.0,0.0,2
DEN,Justin Strnad,LB,223,0.796429,12.0,6.0,92.0,0.0,0.0,2.0,75.694444,9.0,9.0,2.0,0.0,0.0,0.0,1.0,0.0,40
DEN,Zach Allen,DL,193,0.689286,0.0,0.0,0.0,0.0,13.0,0.0,,7.0,6.0,3.0,3.0,12.0,0.0,0.0,0.0,99
DEN,Jonah Elliss,LB,174,0.621429,2.0,1.0,2.0,0.0,2.0,2.0,56.25,3.0,5.0,0.0,0.0,1.0,0.0,1.0,0.0,52
DEN,Nik Bonitto,LB,173,0.617857,3.0,2.0,12.0,0.0,5.0,1.0,74.305556,4.0,3.0,1.0,1.0,5.0,0.0,0.0,0.0,15
DEN,Ja'Quan McMillian,CB,164,0.585714,15.0,9.0,156.0,0.0,0.0,5.0,95.416667,4.0,2.0,0.0,0.0,0.0,0.0,2.0,0.0,29
DEN,Malcolm Roach,DT,162,0.578571,2.0,1.0,19.0,0.0,4.0,3.0,83.333333,9.0,4.0,3.0,1.0,3.0,0.0,3.0,0.0,97
DEN,Eyioma Uwazurike,DL,146,0.521429,0.0,0.0,0.0,0.0,1.0,1.0,,4.0,2.0,1.0,1.0,1.0,0.0,0.0,0.0,96
DEN,D.J. Jones,DT,137,0.489286,0.0,0.0,0.0,0.0,1.0,4.0,,3.0,3.0,0.0,0.0,1.0,0.0,1.0,0.0,93
DEN,Quandarrius Robinson,LB,129,0.460714,2.0,1.0,14.0,0.0,2.0,0.0,72.916667,7.0,7.0,1.0,1.0,2.0,0.0,0.0,0.0,51
DEN,Dondrea Tillman,LB,77,0.275,3.0,2.0,7.0,1.0,2.0,0.0,109.722222,5.0,4.0,1.0,0.0,2.0,0.0,0.0,0.0,92
DEN,Jahdae Barron,CB,70,0.25,5.0,4.0,39.0,0.0,0.0,0.0,99.166667,6.0,2.0,1.0,0.0,0.0,0.0,1.0,0.0,23
DEN,Kris Abrams-Draine,CB,34,0.121429,3.0,3.0,18.0,1.0,0.0,0.0,131.25,4.0,0.0,0.0,0.0,0.0,0.0,0.0,0.0,31
DEN,Sai'vion Jones,DE,34,0.121429,0.0,0.0,0.0,0.0,1.0,0.0,,,,,,,,,,95
DEN,Jordan Jackson,DL,31,0.110714,,,,,,,,1.0,0.0,0.0,0.0,0.0,0.0,0.0,0.0,94
DET,Jack Campbell,LB,305,1.0,28.0,18.0,228.0,2.0,3.0,1.0,113.392857,17.0,16.0,1.0,0.0,2.0,0.0,0.0,0.0,46
DET,D.J. Reed,CB,297,0.97377,21.0,13.0,248.0,2.0,1.0,2.0,134.623016,19.0,11.0,0.0,0.0,0.0,0.0,2.0,0.0,4
DET,Aidan Hutchinson,DE,272,0.891803,1.0,1.0,6.0,0.0,13.0,0.0,91.666667,8.0,5.0,3.0,3.5,9.0,0.0,0.0,1.0,97
DET,Alim McNeill,DL,259,0.84918,0.0,0.0,0.0,0.0,8.0,0.0,,6.0,2.0,4.0,3.0,6.0,0.0,0.0,0.0,54
DET,Derrick Barnes,LB,253,0.829508,18.0,9.0,157.0,0.0,2.0,0.0,56.944444,14.0,8.0,3.0,2.0,2.0,1.0,2.0,0.0,55
DET,Chuck Clark,S,246,0.806557,16.0,7.0,117.0,0.0,2.0,2.0,42.96875,13.0,15.0,1.0,1.0,2.0,1.0,1.0,1.0,36
DET,Roger McCreary,CB,196,0.642623,15.0,11.0,164.0,1.0,1.0,0.0,130.972222,9.0,3.0,1.0,1.0,1.0,0.0,1.0,1.0,21
DET,D.J. Wonnum,DE,176,0.577049,0.0,0.0,0.0,0.0,5.0,1.0,,5.0,3.0,2.0,3.0,4.0,0.0,1.0,0.0,98
DET,Rock Ya-Sin,CB,172,0.563934,19.0,13.0,96.0,1.0,1.0,0.0,97.697368,14.0,1.0,0.0,0.0,0.0,0.0,0.0,0.0,23
DET,Christian Izien,DB,163,0.534426,17.0,12.0,91.0,1.0,1.0,1.0,102.818627,17.0,7.0,4.0,1.0,0.0,0.0,1.0,0.0,5
DET,Tyleik Williams,DL,162,0.531148,0.0,0.0,0.0,0.0,2.0,0.0,,7.0,7.0,0.0,0.0,1.0,0.0,0.0,0.0,91
DET,Skyler Gill-Howard,DL,136,0.445902,0.0,0.0,0.0,0.0,5.0,0.0,,1.0,5.0,0.0,0.5,3.0,0.0,0.0,0.0,50
DET,Avonte Maddox,DB,112,0.367213,11.0,6.0,158.0,2.0,1.0,0.0,139.204545,5.0,5.0,0.0,0.0,0.0,0.0,2.0,0.0,29
DET,Tyler Lacy,DL,103,0.337705,0.0,0.0,0.0,0.0,1.0,1.0,,2.0,3.0,1.0,0.0,1.0,0.0,0.0,0.0,93
DET,Thomas Harper,S,87,0.285246,8.0,5.0,128.0,1.0,1.0,0.0,145.833333,5.0,0.0,0.0,0.0,0.0,0.0,2.0,0.0,12
DET,Malcolm Rodriguez,LB,82,0.268852,2.0,2.0,4.0,1.0,1.0,0.0,118.75,3.0,7.0,0.0,0.0,1.0,0.0,0.0,0.0,44
DET,Trevor Nowaske,LB,82,0.268852,6.0,2.0,25.0,0.0,1.0,0.0,47.222222,9.0,4.0,0.0,0.0,1.0,0.0,0.0,0.0,53
DET,Ennis Rakestraw,CB,54,0.177049,8.0,5.0,79.0,0.0,0.0,1.0,95.3125,3.0,1.0,0.0,0.0,0.0,0.0,2.0,1.0,2
DET,Derrick Moore,DE,52,0.170492,0.0,0.0,0.0,0.0,2.0,0.0,,0.0,0.0,0.0,0.0,2.0,0.0,0.0,0.0,8
DET,Devin White,LB,51,0.167213,6.0,4.0,53.0,0.0,0.0,0.0,94.444444,4.0,5.0,0.0,0.0,0.0,0.0,0.0,0.0,45
DET,Levi Onwuzurike,DL,43,0.140984,,,,,,,,0.0,1.0,0.0,0.0,0.0,0.0,0.0,0.0,95
DET,Keith Abney,CB,25,0.081967,1.0,1.0,-2.0,0.0,0.0,0.0,79.166667,2.0,0.0,1.0,0.0,0.0,0.0,0.0,0.0,6
GB,Zaire Franklin,LB,273,1.0,8.0,5.0,53.0,1.0,1.0,4.0,121.354167,10.0,19.0,1.0,0.0,1.0,0.0,0.0,0.0,44
GB,Evan Williams,S,273,1.0,14.0,6.0,55.0,1.0,5.0,1.0,48.214286,19.0,14.0,2.0,1.0,3.0,1.0,4.0,0.0,33
GB,Xavier McKinney,S,273,1.0,11.0,8.0,109.0,1.0,1.0,2.0,96.401515,11.0,6.0,1.0,1.0,1.0,1.0,1.0,0.0,29
GB,Keisean Nixon,CB,272,0.996337,29.0,19.0,175.0,0.0,2.0,2.0,67.456897,16.0,9.0,2.0,0.5,2.0,1.0,3.0,0.0,25
GB,Brandon Cisse,CB,247,0.904762,14.0,10.0,181.0,2.0,1.0,2.0,153.27381,14.0,5.0,0.0,0.5,1.0,0.0,1.0,0.0,2
GB,Edgerrin Cooper,LB,227,0.831502,15.0,10.0,136.0,0.0,3.0,2.0,67.638889,15.0,12.0,6.0,3.0,3.0,1.0,1.0,0.0,56
GB,Javon Bullard,S,197,0.721612,15.0,9.0,63.0,0.0,2.0,1.0,69.583333,9.0,13.0,3.0,0.0,0.0,0.0,2.0,0.0,7
GB,Lukas Van Ness,DE,192,0.703297,2.0,2.0,8.0,0.0,8.0,2.0,83.333333,12.0,8.0,4.0,2.5,6.0,0.0,0.0,0.0,90
GB,Karl Brooks,DT,165,0.604396,0.0,0.0,0.0,0.0,1.0,1.0,,1.0,7.0,0.0,0.0,0.0,0.0,0.0,0.0,94
GB,Devonte Wyatt,DT,136,0.498168,1.0,0.0,0.0,0.0,1.0,0.0,39.583333,6.0,5.0,0.0,0.0,0.0,0.0,0.0,0.0,95
GB,Barryn Sorrell,DE,133,0.487179,0.0,0.0,0.0,0.0,4.0,0.0,,6.0,7.0,0.0,0.5,1.0,0.0,0.0,0.0,99
GB,Chris McClellan,DT,115,0.421245,,,,,,,,1.0,4.0,0.0,0.0,0.0,0.0,0.0,0.0,55
GB,Dani Dennis-Sutton,DE,114,0.417582,1.0,1.0,4.0,0.0,4.0,1.0,83.333333,2.0,8.0,0.0,0.5,2.0,0.0,0.0,0.0,51
GB,Brenton Cox,DE,106,0.388278,3.0,3.0,15.0,0.0,4.0,0.0,87.5,6.0,6.0,2.0,0.0,2.0,0.0,0.0,0.0,57
GB,Jonathan Ford,DT,100,0.3663,0.0,0.0,0.0,0.0,1.0,0.0,,3.0,2.0,0.0,0.5,1.0,0.0,0.0,0.0,96
GB,Javon Hargrave,DT,92,0.336996,1.0,1.0,5.0,0.0,2.0,0.0,87.5,2.0,3.0,0.0,0.0,1.0,0.0,1.0,0.0,98
GB,Isaiah McDuffie,LB,44,0.161172,1.0,1.0,3.0,0.0,1.0,0.0,79.166667,2.0,8.0,1.0,0.0,0.0,0.0,0.0,0.0,58
GB,Carrington Valentine,CB,27,0.098901,3.0,3.0,16.0,1.0,0.0,1.0,128.472222,1.0,0.0,0.0,0.0,0.0,0.0,0.0,0.0,24
HOU,Kamari Lassiter,CB,267,1.0,27.0,20.0,251.0,1.0,0.0,1.0,114.891975,17.0,7.0,3.0,0.0,0.0,0.0,3.0,0.0,3
HOU,Derek Stingley Jr.,CB,267,1.0,24.0,11.0,198.0,1.0,0.0,2.0,88.541667,7.0,1.0,0.0,0.0,0.0,0.0,3.0,1.0,24
HOU,Jalen Pitre,S,265,0.992509,17.0,9.0,88.0,1.0,2.0,2.0,87.377451,14.0,7.0,1.0,0.0,0.0,0.0,3.0,0.0,5
HOU,Calen Bullock,S,262,0.981273,19.0,14.0,176.0,0.0,0.0,2.0,102.083333,14.0,7.0,1.0,0.0,0.0,0.0,1.0,0.0,2
HOU,Reed Blankenship,S,245,0.917603,23.0,17.0,241.0,2.0,1.0,1.0,118.206522,17.0,15.0,0.0,0.0,1.0,1.0,2.0,0.0,6
HOU,Will Anderson,DE,217,0.812734,2.0,1.0,4.0,0.0,12.0,0.0,56.25,12.0,10.0,7.0,4.5,11.0,0.0,1.0,1.0,51
HOU,Danielle Hunter,DE,211,0.790262,2.0,1.0,3.0,0.0,8.0,1.0,56.25,3.0,6.0,1.0,2.0,4.0,0.0,3.0,1.0,55
HOU,Jake Hansen,LB,205,0.76779,8.0,6.0,49.0,0.0,1.0,2.0,90.104167,12.0,14.0,2.0,1.0,1.0,0.0,0.0,0.0,35
HOU,Sheldon Rankins,DT,186,0.696629,2.0,1.0,2.0,0.0,5.0,0.0,56.25,5.0,5.0,3.0,2.0,5.0,0.0,1.0,0.0,98
HOU,Tommy Togiai,DT,172,0.644195,1.0,0.0,0.0,0.0,1.0,1.0,39.583333,5.0,14.0,0.0,0.0,0.0,0.0,1.0,0.0,72
HOU,Azeez Al-Shaair,LB,172,0.644195,10.0,8.0,74.0,0.0,0.0,2.0,97.5,13.0,18.0,1.0,0.0,0.0,0.0,0.0,0.0,0
HOU,Logan Hall,DE,101,0.378277,0.0,0.0,0.0,0.0,4.0,2.0,,3.0,5.0,1.0,1.0,3.0,0.0,0.0,0.0,96
HOU,Kenneth Murray,LB,64,0.2397,1.0,1.0,5.0,0.0,0.0,0.0,87.5,1.0,3.0,0.0,0.0,0.0,0.0,0.0,0.0,50
HOU,Mario Edwards,DT,56,0.209738,0.0,0.0,0.0,0.0,2.0,1.0,,1.0,5.0,0.0,1.0,2.0,0.0,0.0,0.0,97
HOU,Henry To'oTo'o,LB,51,0.191011,,,,,,,,1.0,1.0,0.0,0.0,0.0,0.0,0.0,0.0,39
HOU,Jadeveon Clowney,DE,50,0.187266,0.0,0.0,0.0,0.0,4.0,1.0,,3.0,2.0,2.0,1.5,4.0,0.0,0.0,0.0,90
HOU,Dominique Robinson,DE,44,0.164794,1.0,0.0,0.0,0.0,0.0,0.0,39.583333,2.0,1.0,0.0,0.0,0.0,0.0,0.0,0.0,94
HOU,Jaden Crumedy,DT,40,0.149813,0.0,0.0,0.0,0.0,2.0,0.0,,0.0,1.0,0.0,0.5,1.0,0.0,0.0,0.0,95
HOU,Wade Woodaz,LB,21,0.078652,1.0,1.0,6.0,1.0,0.0,0.0,131.25,2.0,1.0,0.0,0.0,0.0,0.0,0.0,0.0,30
HOU,Kamari Ramsey,S,17,0.06367,2.0,2.0,6.0,0.0,0.0,0.0,79.166667,2.0,1.0,1.0,0.0,0.0,0.0,0.0,0.0,27
HOU,Sabastian Harsh,DE,17,0.06367,0.0,0.0,0.0,0.0,1.0,0.0,,3.0,3.0,0.0,0.5,1.0,0.0,0.0,0.0,54
IND,Camryn Bynum,S,266,1.0,12.0,7.0,122.0,1.0,1.0,0.0,120.833333,14.0,5.0,0.0,0.0,1.0,0.0,1.0,0.0,0
IND,Sauce Gardner,CB,257,0.966165,20.0,12.0,235.0,1.0,0.0,3.0,117.708333,11.0,3.0,0.0,0.0,0.0,0.0,4.0,0.0,1
IND,Akeem Davis-Gaither,LB,255,0.958647,13.0,13.0,122.0,0.0,0.0,2.0,105.769231,20.0,17.0,1.0,0.0,0.0,0.0,1.0,0.0,51
IND,Charvarius Ward,CB,217,0.815789,16.0,5.0,87.0,0.0,0.0,0.0,50.78125,10.0,3.0,0.0,0.0,0.0,0.0,4.0,0.0,7
IND,DeForest Buckner,DT,214,0.804511,0.0,0.0,0.0,0.0,7.0,1.0,,5.0,13.0,3.0,3.0,7.0,0.0,2.0,0.0,99
IND,A.J. Haulcy,S,195,0.733083,16.0,4.0,188.0,2.0,0.0,2.0,115.625,8.0,7.0,0.0,0.0,0.0,0.0,1.0,0.0,25
IND,Laiatu Latu,DE,193,0.725564,5.0,3.0,46.0,0.0,6.0,0.0,90.416667,9.0,6.0,0.0,1.0,5.0,0.0,0.0,0.0,97
IND,Justin Walley,CB,188,0.706767,27.0,19.0,227.0,1.0,1.0,4.0,108.101852,15.0,7.0,1.0,1.0,1.0,0.0,3.0,0.0,27
IND,Arden Key,DE,171,0.642857,0.0,0.0,0.0,0.0,4.0,2.0,,3.0,5.0,0.0,0.5,3.0,0.0,0.0,1.0,98
IND,Grover Stewart,DT,160,0.601504,0.0,0.0,0.0,0.0,3.0,0.0,,2.0,8.0,2.0,0.5,2.0,0.0,1.0,0.0,90
IND,Jaylon Carlies,LB,159,0.597744,9.0,7.0,128.0,0.0,2.0,3.0,79.166667,6.0,7.0,0.0,0.0,0.0,1.0,1.0,0.0,57
IND,Jerry Tillery,DT,116,0.43609,2.0,1.0,18.0,0.0,1.0,2.0,81.25,3.0,8.0,2.0,1.0,1.0,0.0,0.0,0.0,94
IND,JT Tuimoloau,DE,112,0.421053,1.0,0.0,0.0,0.0,1.0,3.0,39.583333,3.0,4.0,0.0,0.0,1.0,0.0,1.0,0.0,91
IND,Adetomiwa Adebawore,DT,86,0.323308,1.0,0.0,0.0,0.0,5.0,0.0,39.583333,2.0,6.0,1.0,2.0,5.0,0.0,0.0,0.0,95
IND,Bryce Boettcher,LB,79,0.296992,6.0,5.0,50.0,1.0,0.0,2.0,140.972222,6.0,13.0,0.0,0.0,0.0,0.0,0.0,0.0,50
IND,Hunter Wohler,S,66,0.24812,2.0,2.0,31.0,1.0,0.0,0.0,158.333333,4.0,8.0,0.0,0.0,0.0,0.0,0.0,0.0,30
IND,Cam Taylor-Britt,CB,39,0.146617,3.0,1.0,10.0,0.0,0.0,0.0,43.75,1.0,4.0,0.0,0.0,0.0,0.0,1.0,0.0,29
IND,Micheal Clemons,DE,38,0.142857,1.0,1.0,6.0,0.0,0.0,1.0,91.666667,,,,,,,,,72
IND,Tim Smith,DT,36,0.135338,,,,,,,,2.0,2.0,0.0,0.0,0.0,0.0,0.0,0.0,93
IND,Caden Curry,DE,34,0.12782,1.0,1.0,10.0,0.0,0.0,0.0,108.333333,4.0,4.0,0.0,0.0,0.0,0.0,0.0,0.0,55
IND,Austin Ajiake,LB,17,0.06391,,,,,,,,4.0,3.0,0.0,0.0,0.0,0.0,0.0,0.0,58
JAX,Antonio Johnson,S,237,0.940476,11.0,8.0,129.0,0.0,2.0,1.0,111.55303,11.0,9.0,1.0,0.0,0.0,0.0,0.0,0.0,6
JAX,Foyesade Oluokun,LB,222,0.880952,18.0,14.0,108.0,0.0,3.0,2.0,52.083333,16.0,8.0,0.0,0.0,3.0,2.0,2.0,1.0,23
JAX,Jarrian Jones,CB,198,0.785714,31.0,17.0,256.0,0.0,0.0,1.0,68.75,11.0,2.0,1.0,0.0,0.0,1.0,5.0,0.0,4
JAX,Josh Hines-Allen,DE,193,0.765873,3.0,1.0,15.0,0.0,8.0,2.0,50.694444,5.0,10.0,1.0,1.5,5.0,0.0,0.0,1.0,41
JAX,Travon Walker,DE,192,0.761905,0.0,0.0,0.0,0.0,6.0,0.0,,3.0,7.0,1.0,1.5,4.0,0.0,1.0,0.0,44
JAX,Eric Murray,S,191,0.757937,2.0,1.0,25.0,0.0,0.0,3.0,95.833333,8.0,4.0,0.0,0.0,0.0,0.0,0.0,0.0,29
JAX,Travis Hunter,WR,187,0.742063,19.0,12.0,142.0,0.0,0.0,1.0,63.925439,9.0,4.0,0.0,0.0,0.0,1.0,4.0,0.0,12
JAX,Ventrell Miller,LB,177,0.702381,14.0,11.0,111.0,0.0,3.0,2.0,99.702381,17.0,13.0,3.0,1.0,2.0,0.0,1.0,1.0,51
JAX,Jourdan Lewis,CB,170,0.674603,18.0,10.0,108.0,1.0,0.0,0.0,52.314815,8.0,4.0,0.0,0.0,0.0,2.0,2.0,0.0,2
JAX,Arik Armstead,DT,164,0.650794,0.0,0.0,0.0,0.0,3.0,0.0,,5.0,2.0,2.0,1.0,1.0,0.0,0.0,0.0,91
JAX,Montaric Brown,CB,117,0.464286,13.0,8.0,167.0,1.0,0.0,1.0,131.089744,8.0,2.0,1.0,0.0,0.0,0.0,1.0,0.0,1
JAX,DaVon Hamilton,DT,114,0.452381,0.0,0.0,0.0,0.0,3.0,1.0,,5.0,7.0,0.0,0.5,3.0,0.0,0.0,1.0,52
JAX,Ruke Orhorhoro,DT,101,0.400794,0.0,0.0,0.0,0.0,3.0,0.0,,3.0,6.0,0.0,1.0,1.0,0.0,0.0,0.0,99
JAX,Dennis Gardeck,LB,93,0.369048,4.0,1.0,50.0,0.0,4.0,1.0,79.166667,7.0,2.0,1.0,0.0,4.0,0.0,0.0,0.0,47
JAX,Matt Dickerson,DT,76,0.301587,0.0,0.0,0.0,0.0,1.0,0.0,,2.0,2.0,0.0,0.0,1.0,0.0,0.0,0.0,93
JAX,Danny Striggow,DE,64,0.253968,1.0,1.0,9.0,0.0,1.0,2.0,104.166667,4.0,2.0,1.0,1.0,1.0,0.0,0.0,0.0,92
JAX,Caleb Ransaw,S,59,0.234127,2.0,0.0,21.0,0.0,0.0,1.0,70.833333,6.0,4.0,0.0,0.0,0.0,0.0,0.0,0.0,27
JAX,Rayuan Lane,S,58,0.230159,8.0,6.0,101.0,1.0,0.0,0.0,156.25,7.0,4.0,0.0,0.0,0.0,0.0,1.0,0.0,25
JAX,Branson Combs,LB,53,0.210317,3.0,2.0,29.0,0.0,1.0,0.0,97.916667,6.0,5.0,1.0,1.0,1.0,0.0,0.0,0.0,50
JAX,Bryan Thomas Jr.,DE,45,0.178571,0.0,0.0,0.0,0.0,1.0,0.0,,0.0,1.0,0.0,0.5,1.0,0.0,0.0,0.0,57
JAX,Albert Regis,DT,22,0.087302,,,,,,,,0.0,2.0,0.0,0.0,0.0,0.0,0.0,0.0,98
JAX,Jahlani Tavai,LB,16,0.063492,2.0,2.0,25.0,0.0,0.0,2.0,118.75,4.0,2.0,0.0,0.0,0.0,0.0,0.0,0.0,31
JAX,Christian Braswell,CB,15,0.059524,,,,,,,,,,,,,,,,21
KC,Nick Bolton,LB,273,1.0,12.0,9.0,72.0,0.0,1.0,4.0,89.583333,20.0,17.0,2.0,0.0,0.0,0.0,2.0,0.0,32
KC,Alohi Gilman,S,265,0.970696,11.0,6.0,86.0,1.0,1.0,1.0,110.416667,7.0,10.0,0.0,0.0,0.0,0.0,1.0,0.0,17
KC,Nohl Williams,DB,254,0.930403,17.0,8.0,107.0,0.0,1.0,2.0,67.52451,10.0,5.0,2.0,1.0,1.0,0.0,4.0,0.0,20
KC,George Karlaftis III,DE,234,0.857143,7.0,7.0,39.0,0.0,13.0,2.0,50.297619,6.0,9.0,2.0,0.0,10.0,1.0,2.0,0.0,56
KC,Drue Tranquill,LB,230,0.842491,11.0,4.0,45.0,0.0,4.0,1.0,49.431818,13.0,15.0,5.0,0.0,1.0,0.0,2.0,0.0,23
KC,Jaden Hicks,DB,218,0.798535,13.0,7.0,112.0,1.0,1.0,3.0,108.49359,9.0,14.0,1.0,0.0,0.0,0.0,1.0,0.0,21
KC,L'Jarius Sneed,CB,211,0.772894,33.0,26.0,247.0,1.0,1.0,1.0,107.954545,16.0,9.0,0.0,0.0,0.0,0.0,2.0,1.0,38
KC,Chris Jones,DT,191,0.699634,0.0,0.0,0.0,0.0,5.0,1.0,,5.0,6.0,1.0,0.0,2.0,0.0,2.0,0.0,95
KC,Mansoor Delane,CB,153,0.56044,18.0,12.0,117.0,1.0,0.0,1.0,80.092593,14.0,6.0,2.0,0.0,0.0,1.0,3.0,0.0,5
KC,R Mason Thomas,DE,145,0.531136,0.0,0.0,0.0,0.0,8.0,0.0,,1.0,3.0,1.0,1.0,3.0,0.0,0.0,0.0,51
KC,Felix Anudike-Uzomah,DE,131,0.479853,1.0,0.0,0.0,0.0,4.0,0.0,39.583333,2.0,2.0,2.0,1.0,3.0,0.0,0.0,1.0,91
KC,Peter Woods,DL,126,0.461538,,,,,,,,2.0,7.0,0.0,0.0,0.0,0.0,1.0,0.0,99
KC,Khyiris Tonga,NT,119,0.435897,0.0,0.0,0.0,0.0,0.0,2.0,,1.0,2.0,0.0,0.0,0.0,0.0,0.0,0.0,92
KC,Kristian Fulton,CB,115,0.421245,7.0,3.0,13.0,0.0,0.0,0.0,10.714286,3.0,4.0,1.0,0.0,0.0,1.0,1.0,0.0,8
KC,Ashton Gillotte,DE,113,0.413919,,,,,,,,4.0,6.0,0.0,0.0,0.0,0.0,0.0,0.0,97
KC,Jack Cochrane,LB,67,0.245421,4.0,2.0,17.0,0.0,0.0,0.0,61.458333,4.0,6.0,1.0,0.0,0.0,0.0,0.0,0.0,43
KC,Chamarri Conner,DB,63,0.230769,2.0,2.0,30.0,0.0,0.0,2.0,118.75,3.0,3.0,0.0,0.0,0.0,0.0,1.0,0.0,27
KC,Christian Roland-Wallace,CB,55,0.201465,2.0,2.0,31.0,0.0,0.0,0.0,118.75,3.0,1.0,0.0,0.0,0.0,0.0,0.0,0.0,30
KC,Jeffrey Bassa,LB,18,0.065934,1.0,1.0,5.0,0.0,0.0,0.0,87.5,1.0,6.0,0.0,0.0,0.0,0.0,0.0,1.0,31
LA,Quentin Lake,S,251,1.0,24.0,14.0,101.0,1.0,0.0,3.0,64.756944,18.0,11.0,0.0,0.0,0.0,1.0,7.0,1.0,37
LA,Trent McDuffie,CB,250,0.996016,21.0,7.0,42.0,0.0,0.0,0.0,22.519841,11.0,2.0,1.0,0.0,0.0,1.0,7.0,0.0,22
LA,Nathan Landman,LB,229,0.912351,16.0,10.0,51.0,1.0,1.0,1.0,88.28125,13.0,15.0,1.0,0.0,1.0,0.0,1.0,0.0,53
LA,Kamren Curl,S,215,0.856574,10.0,6.0,59.0,0.0,0.0,1.0,76.666667,11.0,3.0,0.0,0.0,0.0,0.0,2.0,0.0,3
LA,Byron Young,LB,201,0.800797,1.0,1.0,5.0,0.0,11.0,0.0,87.5,7.0,9.0,3.0,3.5,6.0,0.0,0.0,1.0,0
LA,Kobie Turner,DE,166,0.661355,0.0,0.0,0.0,0.0,2.0,0.0,,7.0,10.0,0.0,0.0,1.0,0.0,2.0,0.0,91
LA,Josh Wallace,CB,162,0.645418,8.0,4.0,45.0,0.0,0.0,1.0,27.604167,8.0,1.0,0.0,0.0,0.0,1.0,2.0,0.0,30
LA,Josaiah Stewart,LB,158,0.629482,1.0,1.0,6.0,0.0,2.0,0.0,91.666667,2.0,8.0,0.0,0.0,1.0,0.0,0.0,0.0,10
LA,Jaylen Watson,CB,140,0.557769,13.0,8.0,131.0,2.0,0.0,1.0,134.935897,6.0,4.0,1.0,0.0,0.0,0.0,3.0,0.0,35
LA,Braden Fiske,DE,138,0.549801,1.0,1.0,5.0,0.0,4.0,0.0,87.5,3.0,3.0,0.0,0.0,3.0,0.0,0.0,0.0,55
LA,Omar Speights,LB,113,0.450199,8.0,4.0,34.0,0.0,3.0,1.0,61.458333,9.0,9.0,1.0,2.0,2.0,0.0,1.0,1.0,48
LA,Poona Ford,NT,98,0.390438,0.0,0.0,0.0,0.0,1.0,0.0,,4.0,5.0,1.0,0.0,1.0,0.0,1.0,0.0,97
LA,Jaylen McCollough,S,97,0.386454,4.0,4.0,69.0,0.0,1.0,0.0,118.75,3.0,6.0,0.0,0.0,1.0,0.0,0.0,0.0,2
LA,Tyler Davis,DE,97,0.386454,1.0,1.0,6.0,0.0,0.0,1.0,91.666667,3.0,8.0,1.0,0.0,0.0,0.0,0.0,0.0,90
LA,Kamren Kinchens,S,95,0.378486,5.0,4.0,46.0,2.0,1.0,0.0,144.583333,6.0,9.0,0.0,0.5,1.0,0.0,1.0,0.0,5
LA,Aaron Donald,DE,68,0.270916,1.0,0.0,0.0,0.0,1.0,0.0,39.583333,1.0,3.0,1.0,0.0,1.0,0.0,0.0,0.0,99
LA,Emmanuel Forbes,CB,67,0.266932,5.0,2.0,6.0,1.0,0.0,0.0,87.5,1.0,2.0,0.0,0.0,0.0,0.0,1.0,0.0,1
LA,Wesley Bailey,LB,61,0.243028,3.0,1.0,9.0,0.0,1.0,0.0,42.361111,3.0,1.0,0.0,1.0,1.0,0.0,0.0,0.0,47
LA,Desjuan Johnson,LB,44,0.175299,0.0,0.0,0.0,0.0,2.0,0.0,,0.0,4.0,0.0,0.0,1.0,0.0,0.0,0.0,94
LA,Ty Hamilton,NT,40,0.159363,,,,,,,,1.0,3.0,0.0,0.0,0.0,0.0,0.0,0.0,57
LA,Myles Garrett,LB,40,0.159363,0.0,0.0,0.0,0.0,1.0,0.0,,,,,,,,,,95
LA,Shaun Dolac,LB,19,0.075697,0.0,0.0,0.0,0.0,0.0,1.0,,5.0,5.0,0.0,0.0,0.0,0.0,0.0,0.0,56
LAC,Tarheeb Still,CB,238,0.901515,11.0,5.0,71.0,1.0,0.0,2.0,97.159091,3.0,5.0,0.0,0.0,0.0,0.0,2.0,1.0,4
LAC,Daiyan Henley,LB,232,0.878788,11.0,8.0,97.0,0.0,3.0,1.0,99.431818,10.0,14.0,1.0,0.5,2.0,0.0,0.0,1.0,0
LAC,Cam Hart,CB,227,0.859848,16.0,10.0,167.0,0.0,0.0,2.0,71.614583,11.0,6.0,0.0,0.0,0.0,1.0,4.0,0.0,20
LAC,Tuli Tuipulotu,LB,205,0.776515,3.0,1.0,11.0,0.0,8.0,2.0,5.555556,10.0,7.0,2.0,2.0,7.0,1.0,2.0,1.0,45
LAC,Derwin James,S,193,0.731061,11.0,7.0,43.0,1.0,1.0,3.0,101.704545,12.0,9.0,0.0,0.0,0.0,0.0,1.0,0.0,3
LAC,Khalil Mack,LB,182,0.689394,0.0,0.0,0.0,0.0,10.0,1.0,,8.0,6.0,5.0,3.0,5.0,0.0,0.0,0.0,52
LAC,Tony Jefferson,S,168,0.636364,8.0,5.0,67.0,1.0,0.0,1.0,128.645833,8.0,6.0,1.0,0.0,0.0,0.0,2.0,0.0,23
LAC,Del'Shawn Phillips,LB,164,0.621212,9.0,9.0,59.0,1.0,1.0,3.0,131.018519,12.0,11.0,0.0,0.0,1.0,0.0,0.0,0.0,53
LAC,Justin Eboigbe,DL,164,0.621212,0.0,0.0,0.0,0.0,2.0,1.0,,5.0,8.0,0.0,0.5,2.0,0.0,0.0,1.0,92
LAC,Jamaree Caldwell,DL,155,0.587121,1.0,1.0,1.0,0.0,1.0,2.0,79.166667,4.0,5.0,1.0,0.0,1.0,0.0,0.0,0.0,99
LAC,Genesis Smith,S,144,0.545455,9.0,5.0,94.0,1.0,0.0,0.0,89.351852,7.0,5.0,0.0,0.0,0.0,2.0,3.0,0.0,22
LAC,Teair Tart,DL,140,0.530303,2.0,2.0,17.0,0.0,3.0,2.0,102.083333,5.0,4.0,1.0,0.0,4.0,0.0,0.0,0.0,93
LAC,Akheem Mesidor,LB,127,0.481061,2.0,1.0,2.0,0.0,2.0,0.0,56.25,5.0,9.0,1.0,1.5,3.0,0.0,0.0,0.0,90
LAC,Donte Jackson,CB,113,0.42803,9.0,6.0,69.0,0.0,1.0,0.0,89.583333,5.0,2.0,1.0,0.0,0.0,0.0,2.0,1.0,26
LAC,Elijah Molden,DB,84,0.318182,6.0,3.0,56.0,0.0,0.0,0.0,82.638889,5.0,4.0,1.0,0.0,0.0,0.0,0.0,0.0,2
LAC,R.J. Mickens,S,78,0.295455,3.0,3.0,22.0,0.0,1.0,1.0,97.222222,6.0,2.0,0.0,0.0,1.0,0.0,0.0,0.0,27
LAC,Bud Dupree,LB,71,0.268939,0.0,0.0,0.0,0.0,1.0,0.0,,1.0,3.0,0.0,0.0,1.0,0.0,0.0,0.0,48
LAC,Dalvin Tomlinson,DL,65,0.246212,0.0,0.0,0.0,0.0,1.0,0.0,,0.0,8.0,0.0,0.5,1.0,0.0,0.0,0.0,94
LAC,Troy Dye,LB,56,0.212121,6.0,4.0,27.0,0.0,2.0,1.0,76.388889,12.0,7.0,2.0,1.5,2.0,0.0,1.0,1.0,43
LAC,Nick Barrett,DL,56,0.212121,0.0,0.0,0.0,0.0,2.0,0.0,,4.0,2.0,0.0,0.5,2.0,0.0,0.0,0.0,91
LAC,Rodney Shelley,CB,31,0.117424,6.0,5.0,99.0,1.0,0.0,2.0,158.333333,5.0,0.0,0.0,0.0,0.0,0.0,0.0,0.0,24
LV,Jeremy Chinn,S,258,1.0,8.0,7.0,74.0,1.0,1.0,1.0,144.791667,16.0,6.0,1.0,1.0,1.0,0.0,0.0,2.0,11
LV,Quay Walker,LB,258,1.0,14.0,9.0,55.0,0.0,2.0,2.0,72.02381,13.0,17.0,2.0,1.0,1.0,0.0,0.0,0.0,7
LV,Eric Stokes,CB,258,1.0,22.0,11.0,151.0,1.0,2.0,1.0,87.5,8.0,5.0,1.0,1.0,0.0,0.0,1.0,1.0,5
LV,Nakobe Dean,LB,254,0.984496,13.0,12.0,114.0,0.0,3.0,7.0,103.205128,25.0,7.0,3.0,1.5,3.0,0.0,1.0,3.0,17
LV,Maxx Crosby,DE,224,0.868217,1.0,1.0,7.0,0.0,18.0,1.0,95.833333,3.0,5.0,1.0,2.0,11.0,0.0,1.0,1.0,98
LV,Taron Johnson,CB,214,0.829457,16.0,8.0,117.0,0.0,3.0,0.0,74.21875,11.0,4.0,1.0,0.0,1.0,0.0,2.0,1.0,3
LV,Hezekiah Masses,CB,192,0.744186,20.0,9.0,126.0,1.0,0.0,2.0,42.916667,11.0,7.0,1.0,0.0,0.0,3.0,6.0,0.0,35
LV,Tonka Hemingway,DT,160,0.620155,1.0,1.0,2.0,0.0,4.0,1.0,79.166667,3.0,10.0,1.0,0.0,2.0,0.0,3.0,0.0,97
LV,Kwity Paye,DE,148,0.573643,1.0,0.0,0.0,0.0,7.0,1.0,39.583333,2.0,8.0,2.0,2.0,5.0,0.0,0.0,0.0,95
LV,Treydan Stukes,S,147,0.569767,10.0,4.0,112.0,1.0,0.0,2.0,75.833333,7.0,5.0,0.0,0.0,0.0,1.0,1.0,0.0,31
LV,Malcolm Koonce,DE,117,0.453488,1.0,1.0,12.0,0.0,6.0,1.0,116.666667,5.0,2.0,1.0,2.5,5.0,0.0,0.0,2.0,51
LV,Isaiah Pola-Mao,S,112,0.434109,7.0,6.0,89.0,2.0,0.0,1.0,158.333333,6.0,5.0,0.0,0.0,0.0,0.0,0.0,0.0,20
LV,Folorunso Fatukasi,DT,108,0.418605,0.0,0.0,0.0,0.0,3.0,0.0,,2.0,7.0,0.0,0.5,2.0,0.0,1.0,0.0,94
LV,Adam Butler,DT,106,0.410853,0.0,0.0,0.0,0.0,2.0,1.0,,0.0,8.0,1.0,0.5,1.0,0.0,0.0,0.0,69
LV,Thomas Booker,DT,85,0.329457,2.0,2.0,22.0,0.0,1.0,0.0,112.5,5.0,2.0,1.0,0.0,1.0,0.0,0.0,0.0,99
LV,Jonah Laulu,DT,60,0.232558,0.0,0.0,0.0,0.0,2.0,0.0,,1.0,0.0,0.0,0.0,2.0,0.0,0.0,0.0,96
LV,Darien Porter,CB,49,0.189922,5.0,1.0,25.0,0.0,0.0,0.0,47.916667,1.0,2.0,0.0,0.0,0.0,0.0,2.0,0.0,26
LV,Tommy Eichenberg,LB,48,0.186047,1.0,1.0,1.0,1.0,0.0,1.0,118.75,2.0,4.0,0.0,0.0,0.0,0.0,0.0,0.0,44
LV,Jermod McCoy,CB,18,0.069767,1.0,1.0,15.0,0.0,0.0,0.0,118.75,1.0,1.0,0.0,0.0,0.0,0.0,0.0,0.0,28
LV,Patrick Johnson,DE,16,0.062016,0.0,0.0,0.0,0.0,2.0,0.0,,2.0,1.0,0.0,0.0,1.0,0.0,0.0,0.0,93
MIA,Jacob Rodriguez,LB,246,0.984,24.0,17.0,188.0,1.0,1.0,2.0,90.277778,20.0,25.0,3.0,0.0,1.0,1.0,1.0,0.0,10
MIA,Jordyn Brooks,LB,241,0.964,16.0,12.0,129.0,1.0,1.0,0.0,119.010417,16.0,19.0,0.0,0.0,1.0,0.0,1.0,0.0,20
MIA,Chris Johnson,CB,240,0.96,19.0,13.0,151.0,3.0,0.0,3.0,131.798246,11.0,13.0,2.0,0.0,0.0,0.0,2.0,0.0,3
MIA,Michael Taaffe,S,225,0.9,14.0,9.0,178.0,1.0,1.0,2.0,101.785714,12.0,14.0,0.0,0.0,0.0,1.0,1.0,0.0,16
MIA,Jason Marshall,CB,208,0.832,13.0,11.0,108.0,0.0,0.0,1.0,101.282051,8.0,5.0,2.0,0.0,0.0,0.0,0.0,0.0,4
MIA,Zach Sieler,DL,187,0.748,2.0,1.0,3.0,0.0,4.0,0.0,56.25,7.0,3.0,5.0,2.0,3.0,0.0,0.0,0.0,92
MIA,Dante Trader,S,176,0.704,5.0,4.0,72.0,0.0,0.0,1.0,79.166667,9.0,10.0,0.0,0.0,0.0,1.0,2.0,0.0,11
MIA,Julius Brents,CB,163,0.652,8.0,7.0,52.0,0.0,0.0,2.0,93.75,7.0,8.0,1.0,0.0,0.0,0.0,0.0,0.0,8
MIA,Jordan Phillips,DL,153,0.612,0.0,0.0,0.0,0.0,2.0,1.0,,3.0,5.0,1.0,0.0,1.0,0.0,0.0,0.0,94
MIA,Joshua Uche,DE,152,0.608,3.0,2.0,11.0,0.0,4.0,0.0,72.916667,7.0,11.0,2.0,1.0,4.0,0.0,0.0,1.0,9
MIA,Zeek Biggers,DL,150,0.6,2.0,0.0,0.0,0.0,3.0,1.0,39.583333,4.0,7.0,0.0,0.0,2.0,0.0,0.0,0.0,93
MIA,Chop Robinson,DE,129,0.516,3.0,3.0,18.0,1.0,9.0,0.0,131.25,2.0,3.0,1.0,1.0,4.0,0.0,0.0,0.0,44
MIA,Willie Gay Jr.,LB,123,0.492,7.0,7.0,103.0,1.0,0.0,0.0,158.333333,3.0,5.0,0.0,0.0,0.0,0.0,0.0,0.0,40
MIA,Malik Herring,DE,102,0.408,0.0,0.0,0.0,0.0,1.0,0.0,,3.0,4.0,2.0,0.0,0.0,0.0,0.0,0.0,90
MIA,Zayne Anderson,S,95,0.38,5.0,2.0,21.0,1.0,0.0,0.0,92.5,8.0,2.0,1.0,0.0,0.0,0.0,1.0,0.0,23
MIA,Clelin Ferrell,DE,40,0.16,,,,,,,,1.0,2.0,0.0,0.0,0.0,0.0,0.0,0.0,98
MIA,Robert Beal,DE,34,0.136,,,,,,,,1.0,0.0,0.0,0.0,0.0,0.0,0.0,0.0,51
MIA,Keith Cooper Jr.,DL,29,0.116,,,,,,,,0.0,1.0,0.0,0.0,0.0,0.0,0.0,0.0,97
MIA,Julius Wood,S,17,0.068,,,,,,,,0.0,1.0,0.0,0.0,0.0,0.0,0.0,0.0,25
MIN,Josh Metellus,S,250,1.0,22.0,12.0,196.0,1.0,1.0,0.0,99.810606,14.0,11.0,0.0,0.5,1.0,0.0,3.0,0.0,44
MIN,Byron Murphy,CB,241,0.964,26.0,18.0,231.0,0.0,0.0,2.0,80.769231,12.0,6.0,0.0,0.0,0.0,1.0,3.0,0.0,7
MIN,Isaiah Rodgers,CB,239,0.956,19.0,7.0,115.0,0.0,0.0,2.0,36.074561,7.0,6.0,0.0,0.0,0.0,1.0,3.0,0.0,2
MIN,Blake Cashman,LB,236,0.944,9.0,5.0,55.0,0.0,9.0,0.0,73.842593,15.0,16.0,3.0,2.5,6.0,0.0,1.0,0.0,51
MIN,Eric Wilson,LB,235,0.94,11.0,9.0,77.0,0.0,6.0,3.0,95.833333,11.0,13.0,2.0,1.5,4.0,0.0,1.0,0.0,55
MIN,Dallas Turner,LB,211,0.844,1.0,1.0,3.0,0.0,22.0,2.0,79.166667,10.0,3.0,3.0,5.5,14.0,0.0,0.0,2.0,15
MIN,Andrew Van Ginkel,LB,206,0.824,9.0,3.0,25.0,0.0,9.0,1.0,2.777778,6.0,5.0,2.0,3.0,7.0,1.0,1.0,1.0,43
MIN,Jalen Redmond,DL,200,0.8,0.0,0.0,0.0,0.0,3.0,0.0,,8.0,4.0,0.0,0.0,0.0,0.0,2.0,1.0,61
MIN,Theo Jackson,S,160,0.64,3.0,3.0,98.0,2.0,0.0,0.0,158.333333,6.0,3.0,0.0,0.0,0.0,0.0,1.0,0.0,26
MIN,Levi Drake Rodriguez,DL,142,0.568,0.0,0.0,0.0,0.0,4.0,0.0,,2.0,4.0,1.0,1.0,2.0,0.0,0.0,0.0,50
MIN,Tyrion Ingram-Dawkins,DL,123,0.492,0.0,0.0,0.0,0.0,3.0,0.0,,3.0,3.0,1.0,0.0,0.0,0.0,2.0,0.0,90
MIN,Harrison Smith,S,111,0.444,9.0,4.0,31.0,0.0,2.0,0.0,53.472222,5.0,2.0,0.0,0.0,1.0,0.0,2.0,0.0,22
MIN,James Pierre,CB,89,0.356,12.0,5.0,50.0,0.0,0.0,0.0,19.444444,11.0,3.0,0.0,0.0,0.0,1.0,3.0,0.0,23
MIN,Kyle Van Noy,LB,81,0.324,0.0,0.0,0.0,0.0,3.0,0.0,,5.0,2.0,6.0,1.5,2.0,0.0,0.0,0.0,17
MIN,Caleb Banks,DL,75,0.3,,,,,,,,3.0,5.0,1.0,0.0,0.0,0.0,0.0,0.0,95
MIN,Domonique Orange,DL,73,0.292,1.0,1.0,0.0,0.0,0.0,0.0,79.166667,2.0,2.0,1.0,0.0,0.0,0.0,0.0,0.0,97
MIN,Ivan Pace,LB,45,0.18,0.0,0.0,0.0,0.0,2.0,1.0,,3.0,8.0,1.0,0.5,2.0,0.0,0.0,0.0,0
MIN,Jacob Thomas,S,19,0.076,1.0,0.0,0.0,0.0,0.0,0.0,39.583333,2.0,3.0,0.0,0.0,1.0,0.0,0.0,0.0,29
NE,Kevin Byard,S,238,0.987552,8.0,6.0,70.0,1.0,0.0,1.0,140.625,9.0,7.0,0.0,0.0,0.0,0.0,1.0,0.0,31
NE,Robert Spillane,LB,238,0.987552,12.0,9.0,91.0,0.0,2.0,2.0,96.180556,17.0,12.0,0.0,0.0,1.0,0.0,0.0,1.0,14
NE,Christian Elliss,LB,235,0.975104,18.0,13.0,157.0,1.0,4.0,1.0,117.12963,14.0,10.0,1.0,1.0,2.0,0.0,0.0,1.0,53
NE,Marcus Jones,CB,188,0.780083,20.0,11.0,125.0,1.0,0.0,1.0,69.791667,11.0,4.0,0.0,0.0,0.0,1.0,4.0,0.0,25
NE,Elijah Ponder,LB,185,0.767635,2.0,2.0,16.0,0.0,7.0,0.0,100.0,7.0,6.0,4.0,2.5,6.0,0.0,0.0,0.0,91
NE,Christian Gonzalez,CB,172,0.713693,18.0,8.0,43.0,0.0,0.0,1.0,51.62037,7.0,1.0,0.0,0.0,0.0,0.0,5.0,0.0,0
NE,Milton Williams,DT,164,0.680498,0.0,0.0,0.0,0.0,1.0,0.0,,5.0,4.0,0.0,0.0,1.0,0.0,0.0,0.0,97
NE,Carlton Davis,CB,162,0.672199,18.0,13.0,121.0,0.0,0.0,1.0,90.277778,13.0,3.0,1.0,0.0,0.0,0.0,1.0,0.0,7
NE,Craig Woodson,S,155,0.643154,9.0,3.0,77.0,1.0,1.0,1.0,62.962963,10.0,5.0,0.0,0.0,0.0,1.0,2.0,0.0,4
NE,Gabe Jacas,LB,142,0.589212,0.0,0.0,0.0,0.0,4.0,2.0,,6.0,8.0,2.0,1.5,4.0,1.0,1.0,0.0,50
NE,Cory Durden,DT,128,0.53112,0.0,0.0,0.0,0.0,1.0,0.0,,1.0,5.0,0.0,0.0,1.0,0.0,0.0,0.0,94
NE,Charles Woods,CB,108,0.448133,14.0,10.0,156.0,1.0,0.0,2.0,131.845238,14.0,4.0,0.0,0.0,0.0,0.0,1.0,0.0,22
NE,Dre'Mont Jones,LB,104,0.431535,1.0,0.0,0.0,0.0,5.0,0.0,39.583333,1.0,2.0,1.0,1.0,4.0,0.0,0.0,0.0,5
NE,Christian Barmore,DT,94,0.390041,0.0,0.0,0.0,0.0,3.0,0.0,,3.0,1.0,1.0,1.0,3.0,0.0,0.0,1.0,90
NE,Jaylen Reed,S,80,0.33195,5.0,3.0,35.0,1.0,0.0,1.0,120.833333,2.0,2.0,0.0,0.0,0.0,0.0,1.0,0.0,23
NE,Joshua Farmer,DT,73,0.302905,0.0,0.0,0.0,0.0,2.0,1.0,,2.0,3.0,1.0,1.0,1.0,0.0,0.0,0.0,92
NE,DaQuan Jones,DT,51,0.211618,,,,,,,,2.0,1.0,0.0,0.0,0.0,0.0,0.0,0.0,99
NE,Leonard Taylor,DL,27,0.112033,0.0,0.0,0.0,0.0,1.0,0.0,,,,,,,,,,93
NE,Dell Pettus,S,20,0.082988,3.0,3.0,26.0,0.0,0.0,1.0,102.777778,2.0,0.0,0.0,0.0,0.0,0.0,0.0,0.0,24
NE,Darius Muasau,LB,16,0.06639,0.0,0.0,0.0,0.0,0.0,1.0,,3.0,2.0,1.0,0.0,0.0,0.0,0.0,0.0,54
NE,Quintayvious Hutchins,LB,16,0.06639,0.0,0.0,0.0,0.0,1.0,0.0,,0.0,3.0,0.0,0.0,0.0,0.0,0.0,0.0,45
NO,Julian Blackmon,S,262,1.0,7.0,4.0,61.0,3.0,0.0,1.0,86.011905,11.0,10.0,0.0,0.0,0.0,1.0,1.0,0.0,23
NO,Kool-Aid McKinstry,CB,262,1.0,20.0,10.0,149.0,1.0,0.0,0.0,91.458333,11.0,6.0,0.0,0.0,0.0,0.0,4.0,0.0,1
NO,Justin Reid,S,262,1.0,12.0,9.0,63.0,1.0,0.0,4.0,114.236111,14.0,5.0,1.0,0.0,0.0,0.0,0.0,0.0,21
NO,Quincy Riley,CB,245,0.935115,15.0,6.0,89.0,2.0,0.0,1.0,99.722222,6.0,4.0,0.0,0.0,0.0,0.0,2.0,0.0,29
NO,Kaden Elliss,LB,205,0.782443,12.0,8.0,103.0,0.0,6.0,0.0,93.402778,10.0,13.0,2.0,0.0,5.0,0.0,1.0,0.0,55
NO,Chase Young,DE,190,0.725191,0.0,0.0,0.0,0.0,6.0,0.0,,5.0,3.0,3.0,3.5,5.0,0.0,2.0,1.0,99
NO,Nathan Shepherd,DL,175,0.667939,0.0,0.0,0.0,0.0,3.0,3.0,,3.0,9.0,0.0,0.5,3.0,0.0,0.0,0.0,93
NO,Jonas Sanker,S,166,0.633588,15.0,11.0,92.0,1.0,1.0,0.0,110.972222,17.0,9.0,1.0,0.0,0.0,0.0,0.0,0.0,7
NO,Pete Werner,LB,157,0.599237,16.0,11.0,97.0,0.0,2.0,0.0,84.635417,13.0,11.0,3.0,1.0,2.0,0.0,1.0,0.0,20
NO,Vernon Broughton,DL,155,0.591603,0.0,0.0,0.0,0.0,4.0,1.0,,1.0,5.0,0.0,0.0,2.0,0.0,0.0,1.0,91
NO,Carl Granderson,DE,134,0.51145,2.0,1.0,-3.0,0.0,4.0,0.0,56.25,5.0,6.0,2.0,1.0,1.0,0.0,0.0,0.0,96
NO,Danny Stutsman,LB,130,0.496183,7.0,4.0,41.0,0.0,0.0,3.0,74.107143,10.0,12.0,0.0,0.0,0.0,0.0,0.0,0.0,28
NO,Davon Godchaux,DL,107,0.408397,,,,,,,,4.0,7.0,1.0,0.0,0.0,0.0,0.0,0.0,92
NO,Cameron Jordan,DE,96,0.366412,0.0,0.0,0.0,0.0,0.0,1.0,,1.0,3.0,0.0,0.0,0.0,0.0,0.0,0.0,94
NO,Colby Wooden,DL,77,0.293893,1.0,0.0,0.0,0.0,1.0,1.0,39.583333,2.0,5.0,0.0,0.0,1.0,0.0,0.0,0.0,50
NO,Khristian Boyd,DL,71,0.270992,0.0,0.0,0.0,0.0,1.0,0.0,,3.0,3.0,2.0,1.0,1.0,0.0,0.0,0.0,97
NO,Tyree Wilson,DE,54,0.206107,0.0,0.0,0.0,0.0,0.0,1.0,,4.0,4.0,1.0,1.0,1.0,0.0,0.0,0.0,98
NO,Anfernee Jennings,DE,53,0.20229,0.0,0.0,0.0,0.0,1.0,0.0,,3.0,4.0,0.0,0.0,0.0,0.0,1.0,1.0,33
NO,Christen Miller,DL,25,0.09542,,,,,,,,0.0,0.0,0.0,0.0,0.0,0.0,0.0,0.0,52
NO,Fadil Diggs,DE,18,0.068702,,,,,,,,1.0,3.0,0.0,0.0,0.0,0.0,1.0,0.0,40
NO,Martin Emerson,CB,17,0.064885,4.0,4.0,74.0,0.0,0.0,0.0,118.75,4.0,1.0,0.0,0.0,0.0,0.0,0.0,0.0,22
NYG,Tremaine Edmunds,LB,246,1.0,15.0,14.0,114.0,1.0,2.0,1.0,120.555556,21.0,11.0,2.0,1.0,2.0,0.0,2.0,0.0,49
NYG,Jevon Holland,S,246,1.0,10.0,3.0,79.0,1.0,0.0,1.0,53.75,11.0,8.0,0.0,0.0,0.0,3.0,4.0,2.0,8
NYG,Arvell Reese,LB,243,0.987805,15.0,14.0,65.0,1.0,2.0,1.0,79.166667,26.0,7.0,3.0,0.0,1.0,1.0,4.0,0.0,52
NYG,Greg Newsome II,CB,238,0.96748,24.0,13.0,153.0,0.0,0.0,2.0,56.423611,11.0,7.0,0.0,0.0,0.0,1.0,5.0,0.0,20
NYG,Abdul Carter,LB,230,0.934959,0.0,0.0,0.0,0.0,6.0,1.0,,2.0,7.0,1.0,1.0,5.0,0.0,0.0,0.0,3
NYG,Tyler Nubin,S,171,0.695122,16.0,7.0,138.0,0.0,0.0,3.0,74.479167,12.0,3.0,0.0,0.0,0.0,0.0,3.0,0.0,27
NYG,Andru Phillips,CB,170,0.691057,14.0,8.0,56.0,0.0,0.0,2.0,66.369048,11.0,3.0,0.0,0.0,0.0,0.0,2.0,0.0,22
NYG,Kayvon Thibodeaux,LB,162,0.658537,3.0,2.0,21.0,0.0,2.0,1.0,86.805556,1.0,4.0,0.0,0.0,1.0,0.0,0.0,0.0,5
NYG,D.J. Reader,DL,132,0.536585,0.0,0.0,0.0,0.0,1.0,1.0,,6.0,2.0,0.0,0.0,1.0,0.0,0.0,0.0,98
NYG,Chauncey Golston,DL,127,0.51626,0.0,0.0,0.0,0.0,0.0,1.0,,9.0,3.0,0.0,0.0,0.0,0.0,0.0,0.0,57
NYG,Colton Hood,CB,125,0.50813,13.0,10.0,102.0,3.0,0.0,1.0,138.461538,5.0,2.0,0.0,0.0,0.0,0.0,0.0,0.0,12
NYG,Shelby Harris,DL,118,0.479675,,,,,,,,3.0,4.0,1.0,0.0,0.0,0.0,1.0,0.0,93
NYG,Brian Burns,LB,116,0.471545,0.0,0.0,0.0,0.0,5.0,1.0,,4.0,0.0,0.0,0.0,2.0,0.0,0.0,0.0,0
NYG,Deonte Banks,CB,114,0.463415,16.0,8.0,52.0,3.0,0.0,2.0,70.833333,5.0,3.0,0.0,0.0,0.0,1.0,6.0,0.0,2
NYG,Darius Alexander,DL,77,0.313008,0.0,0.0,0.0,0.0,1.0,0.0,,1.0,1.0,0.0,0.0,1.0,0.0,0.0,0.0,91
NYG,Jason Pinnock,S,62,0.252033,2.0,1.0,11.0,0.0,0.0,0.0,66.666667,3.0,0.0,1.0,0.0,0.0,0.0,0.0,0.0,25
NYG,CJ Okoye,DL,51,0.207317,0.0,0.0,0.0,0.0,1.0,0.0,,,,,,,,,,99
NYG,Josh Tupou,DL,26,0.105691,0.0,0.0,0.0,0.0,0.0,1.0,,,,,,,,,,94
NYG,Ar'Darius Washington,S,18,0.073171,3.0,3.0,41.0,0.0,0.0,0.0,118.75,2.0,1.0,0.0,0.0,0.0,0.0,0.0,0.0,24
NYJ,Demario Davis,LB,267,1.0,18.0,12.0,133.0,0.0,3.0,2.0,88.425926,18.0,13.0,3.0,2.0,2.0,0.0,1.0,0.0,56
NYJ,Dane Belton,S,267,1.0,13.0,7.0,78.0,0.0,0.0,1.0,71.955128,15.0,14.0,0.0,0.0,0.0,0.0,2.0,0.0,6
NYJ,Azareye'h Thomas,CB,267,1.0,24.0,17.0,139.0,2.0,0.0,4.0,113.020833,13.0,5.0,2.0,0.0,0.0,0.0,2.0,0.0,1
NYJ,Brandon Stephens,CB,263,0.985019,22.0,10.0,131.0,0.0,0.0,0.0,64.772727,9.0,2.0,1.0,0.0,0.0,0.0,1.0,0.0,21
NYJ,Jamien Sherwood,LB,252,0.94382,19.0,15.0,163.0,1.0,2.0,2.0,119.95614,12.0,17.0,2.0,0.0,0.0,0.0,2.0,1.0,44
NYJ,David Bailey,DE,195,0.730337,3.0,2.0,28.0,0.0,5.0,2.0,96.527778,12.0,6.0,3.0,2.0,3.0,0.0,1.0,1.0,31
NYJ,Andre Cisco,S,171,0.640449,13.0,7.0,85.0,0.0,2.0,1.0,74.198718,16.0,2.0,2.0,1.0,2.0,0.0,1.0,1.0,8
NYJ,Harrison Phillips,DL,155,0.580524,0.0,0.0,0.0,0.0,4.0,0.0,,3.0,9.0,0.0,0.0,3.0,0.0,0.0,0.0,97
NYJ,Jarvis Brownlee,DB,151,0.565543,14.0,8.0,56.0,2.0,0.0,0.0,105.952381,5.0,2.0,0.0,0.0,0.0,0.0,0.0,0.0,2
NYJ,Jowon Briggs,DL,146,0.546816,0.0,0.0,0.0,0.0,2.0,1.0,,2.0,10.0,1.0,1.0,1.0,0.0,0.0,1.0,91
NYJ,Will McDonald,DE,138,0.516854,0.0,0.0,0.0,0.0,3.0,1.0,,4.0,3.0,1.0,1.0,1.0,0.0,0.0,0.0,9
NYJ,T'Vondre Sweat,DL,131,0.490637,,,,,,,,1.0,9.0,0.0,0.0,0.0,0.0,0.0,0.0,99
NYJ,Kingsley Enagbare,DE,111,0.41573,2.0,1.0,9.0,0.0,3.0,2.0,62.5,5.0,3.0,2.0,2.0,2.0,0.0,0.0,1.0,52
NYJ,Minkah Fitzpatrick,S,99,0.370787,6.0,5.0,108.0,0.0,0.0,0.0,79.166667,8.0,8.0,0.0,0.0,0.0,1.0,1.0,0.0,29
NYJ,Darrell Jackson Jr.,DL,85,0.318352,,,,,,,,4.0,4.0,0.0,0.0,0.0,0.0,0.0,0.0,95
NYJ,Joseph Ossai,DE,85,0.318352,1.0,1.0,7.0,0.0,0.0,0.0,95.833333,5.0,4.0,0.0,0.0,0.0,0.0,0.0,0.0,46
NYJ,Braiden McGregor,DE,49,0.183521,,,,,,,,2.0,5.0,0.0,0.0,0.0,0.0,0.0,0.0,55
NYJ,David Onyemata,DL,48,0.179775,0.0,0.0,0.0,0.0,3.0,0.0,,0.0,0.0,0.0,0.0,1.0,0.0,0.0,0.0,93
NYJ,Jack Heflin,DT,24,0.089888,,,,,,,,,,,,,,,,96
NYJ,D'Angelo Ponds,CB,20,0.074906,0.0,0.0,0.0,0.0,0.0,0.0,,1.0,2.0,0.0,0.0,0.0,0.0,0.0,0.0,23
PHI,Andrew Mukuba,S,278,0.996416,7.0,5.0,107.0,1.0,0.0,6.0,113.690476,8.0,12.0,0.0,0.0,0.0,1.0,1.0,0.0,24
PHI,Cooper DeJean,DB,276,0.989247,17.0,12.0,108.0,2.0,1.0,5.0,102.083333,11.0,12.0,0.0,0.0,1.0,1.0,4.0,0.0,33
PHI,Jihaad Campbell,LB,263,0.942652,21.0,14.0,172.0,0.0,2.0,2.0,91.765873,24.0,13.0,1.0,1.0,1.0,0.0,0.0,1.0,11
PHI,Quinyon Mitchell,CB,231,0.827957,20.0,13.0,140.0,0.0,0.0,1.0,85.416667,17.0,2.0,2.0,0.0,0.0,0.0,2.0,0.0,27
PHI,Jalen Carter,DT,228,0.817204,0.0,0.0,0.0,0.0,3.0,1.0,,3.0,4.0,2.0,1.0,2.0,0.0,0.0,1.0,98
PHI,Jalyx Hunt,LB,211,0.756272,3.0,1.0,19.0,0.0,7.0,2.0,56.25,9.0,3.0,1.0,0.0,4.0,0.0,1.0,0.0,58
PHI,Riq Woolen,CB,206,0.738351,20.0,12.0,160.0,1.0,0.0,0.0,102.083333,13.0,3.0,0.0,0.0,0.0,0.0,2.0,0.0,2
PHI,Nolan Smith,LB,196,0.702509,3.0,1.0,8.0,0.0,4.0,1.0,42.361111,5.0,3.0,3.0,2.0,2.0,0.0,1.0,0.0,3
PHI,Moro Ojomo,DT,190,0.681004,1.0,1.0,1.0,0.0,4.0,1.0,79.166667,5.0,7.0,2.0,0.0,2.0,0.0,0.0,0.0,97
PHI,Zack Baun,LB,189,0.677419,12.0,7.0,51.0,0.0,1.0,5.0,68.402778,11.0,11.0,4.0,0.0,0.0,0.0,3.0,0.0,53
PHI,Jordan Davis,DT,128,0.458781,1.0,1.0,5.0,0.0,0.0,0.0,87.5,8.0,8.0,0.0,0.0,0.0,0.0,0.0,0.0,90
PHI,Marcus Epps,S,119,0.426523,7.0,6.0,109.0,0.0,0.0,4.0,118.75,10.0,4.0,0.0,0.0,0.0,0.0,0.0,0.0,29
PHI,Michael Carter II,DB,106,0.379928,6.0,3.0,17.0,0.0,0.0,1.0,56.25,4.0,5.0,0.0,0.0,0.0,0.0,3.0,0.0,35
PHI,Arnold Ebiketie,LB,93,0.333333,0.0,0.0,0.0,0.0,0.0,2.0,,2.0,4.0,0.0,0.0,0.0,0.0,0.0,0.0,17
PHI,Jeremiah Trotter Jr.,LB,90,0.322581,9.0,8.0,62.0,0.0,0.0,2.0,95.37037,14.0,5.0,0.0,0.0,0.0,0.0,1.0,0.0,54
PHI,Byron Young,DT,60,0.215054,,,,,,,,1.0,3.0,0.0,0.0,0.0,0.0,0.0,0.0,94
PHI,Jonathan Jones,CB,50,0.179211,4.0,2.0,13.0,0.0,0.0,1.0,57.291667,2.0,1.0,0.0,0.0,0.0,0.0,1.0,0.0,31
PHI,Jonathan Greenard,LB,37,0.132616,1.0,1.0,7.0,0.0,1.0,0.0,95.833333,1.0,0.0,0.0,0.0,1.0,0.0,0.0,1.0,52
PHI,A.J. Epenesa,LB,23,0.082437,0.0,0.0,0.0,0.0,0.0,1.0,,1.0,2.0,0.0,0.0,0.0,0.0,0.0,0.0,57
PHI,Ty Robinson,DT,21,0.075269,,,,,,,,0.0,2.0,0.0,0.0,0.0,0.0,0.0,0.0,95
PIT,Patrick Queen,LB,236,1.0,20.0,9.0,87.0,0.0,0.0,3.0,36.875,9.0,18.0,1.0,0.0,0.0,1.0,2.0,0.0,6
PIT,Jaquan Brisker,S,235,0.995763,16.0,9.0,135.0,0.0,0.0,5.0,58.072917,12.0,15.0,0.0,0.0,0.0,1.0,1.0,0.0,3
PIT,Jalen Ramsey,CB,235,0.995763,18.0,12.0,119.0,3.0,1.0,2.0,124.768519,9.0,8.0,1.0,0.0,0.0,0.0,1.0,1.0,5
PIT,Asante Samuel Jr.,CB,214,0.90678,19.0,10.0,242.0,2.0,0.0,5.0,133.114035,7.0,4.0,0.0,0.0,0.0,0.0,3.0,0.0,22
PIT,Payton Wilson,LB,192,0.813559,14.0,9.0,107.0,0.0,3.0,5.0,87.5,16.0,18.0,4.0,1.0,1.0,0.0,1.0,0.0,41
PIT,Jamel Dean,CB,169,0.716102,18.0,12.0,160.0,0.0,0.0,1.0,94.675926,8.0,6.0,0.0,0.0,0.0,0.0,2.0,2.0,35
PIT,T.J. Watt,LB,160,0.677966,2.0,0.0,0.0,0.0,8.0,0.0,0.0,10.0,3.0,6.0,4.5,7.0,1.0,2.0,1.0,90
PIT,Alex Highsmith,LB,160,0.677966,1.0,1.0,4.0,0.0,5.0,1.0,83.333333,4.0,2.0,5.0,3.0,5.0,0.0,1.0,0.0,56
PIT,Cameron Heyward,DT,156,0.661017,0.0,0.0,0.0,0.0,4.0,0.0,,6.0,8.0,0.0,0.0,4.0,0.0,4.0,1.0,97
PIT,Keeanu Benton,DT,142,0.601695,1.0,1.0,10.0,0.0,1.0,0.0,108.333333,4.0,5.0,0.0,0.0,1.0,0.0,0.0,0.0,95
PIT,Rayshawn Jenkins,S,126,0.533898,6.0,2.0,90.0,0.0,0.0,3.0,81.944444,10.0,6.0,0.0,0.0,0.0,0.0,0.0,0.0,20
PIT,Nick Herbig,LB,123,0.521186,2.0,2.0,1.0,0.0,1.0,4.0,79.166667,5.0,5.0,3.0,0.0,1.0,0.0,0.0,1.0,51
PIT,Daylen Everette,CB,87,0.368644,9.0,6.0,141.0,1.0,0.0,0.0,146.759259,5.0,0.0,0.0,0.0,0.0,0.0,2.0,0.0,23
PIT,Derrick Harmon,DT,85,0.360169,0.0,0.0,0.0,0.0,2.0,0.0,,3.0,9.0,1.0,1.5,2.0,0.0,0.0,1.0,99
PIT,Yahya Black,DL,83,0.351695,,,,,,,,3.0,6.0,0.0,0.0,0.0,0.0,0.0,0.0,94
PIT,Jack Sawyer,LB,66,0.279661,0.0,0.0,0.0,0.0,1.0,0.0,,3.0,5.0,0.0,0.0,1.0,0.0,1.0,0.0,33
PIT,Sebastian Joseph-Day,DT,42,0.177966,0.0,0.0,0.0,0.0,1.0,0.0,,2.0,3.0,1.0,0.0,1.0,0.0,0.0,0.0,69
PIT,Robert Spears-Jennings,S,38,0.161017,5.0,3.0,26.0,0.0,0.0,1.0,34.166667,10.0,5.0,0.0,0.0,0.0,1.0,2.0,0.0,28
PIT,Brandin Echols,CB,15,0.063559,1.0,1.0,7.0,0.0,0.0,0.0,95.833333,2.0,0.0,0.0,0.0,0.0,0.0,0.0,0.0,26
SEA,Rodney Thomas II,S,259,0.992337,14.0,7.0,62.0,0.0,1.0,1.0,62.202381,9.0,3.0,0.0,0.0,0.0,0.0,3.0,0.0,24
SEA,Ernest Jones,LB,259,0.992337,24.0,14.0,137.0,0.0,1.0,1.0,57.118056,21.0,20.0,1.0,1.0,1.0,1.0,2.0,0.0,13
SEA,Josh Jobe,CB,258,0.988506,15.0,10.0,63.0,1.0,0.0,1.0,69.583333,12.0,4.0,1.0,0.0,0.0,1.0,1.0,0.0,29
SEA,Devon Witherspoon,CB,258,0.988506,23.0,15.0,97.0,0.0,1.0,1.0,74.003623,17.0,11.0,2.0,0.0,1.0,0.0,0.0,0.0,21
SEA,Drake Thomas,LB,231,0.885057,16.0,10.0,83.0,1.0,4.0,4.0,70.572917,18.0,12.0,4.0,1.0,2.0,1.0,1.0,0.0,32
SEA,Julian Love,S,190,0.727969,9.0,4.0,56.0,0.0,0.0,0.0,25.462963,10.0,4.0,2.0,0.0,0.0,2.0,4.0,0.0,20
SEA,Leonard Williams,DT,181,0.693487,0.0,0.0,0.0,0.0,8.0,2.0,,7.0,4.0,5.0,3.0,6.0,0.0,0.0,0.0,99
SEA,Byron Murphy,DE,173,0.662835,0.0,0.0,0.0,0.0,3.0,0.0,,5.0,7.0,2.0,1.0,2.0,0.0,0.0,0.0,91
SEA,DeMarcus Lawrence,LB,159,0.609195,1.0,0.0,0.0,0.0,8.0,3.0,39.583333,5.0,5.0,3.0,0.0,5.0,0.0,1.0,0.0,0
SEA,Derick Hall,LB,150,0.574713,2.0,0.0,0.0,0.0,6.0,0.0,39.583333,4.0,5.0,2.0,2.0,6.0,0.0,0.0,0.0,58
SEA,Nehemiah Pritchett,CB,147,0.563218,12.0,7.0,93.0,0.0,0.0,1.0,48.263889,7.0,4.0,0.0,0.0,0.0,1.0,3.0,0.0,28
SEA,Uchenna Nwosu,LB,129,0.494253,4.0,2.0,17.0,0.0,6.0,2.0,61.458333,6.0,5.0,2.0,1.0,3.0,0.0,2.0,1.0,7
SEA,Jarran Reed,DE,126,0.482759,1.0,1.0,9.0,1.0,4.0,0.0,143.75,2.0,7.0,1.0,1.0,3.0,0.0,0.0,0.0,90
SEA,Nick Emmanwori,S,101,0.386973,6.0,3.0,28.0,0.0,2.0,0.0,63.194444,11.0,1.0,2.0,1.0,2.0,0.0,1.0,0.0,3
SEA,AJ Finley,S,71,0.272031,4.0,3.0,31.0,1.0,0.0,0.0,136.458333,3.0,2.0,0.0,0.0,0.0,0.0,0.0,0.0,30
SEA,Rylie Mills,DT,66,0.252874,0.0,0.0,0.0,0.0,1.0,1.0,,3.0,3.0,1.0,0.0,0.0,0.0,0.0,0.0,98
SEA,Dante Fowler,LB,60,0.229885,0.0,0.0,0.0,0.0,1.0,1.0,,1.0,0.0,0.0,0.0,0.0,0.0,0.0,0.0,56
SEA,Tyrice Knight,LB,21,0.08046,,,,,,,,,,,,,,,,48
SF,Renardo Green,CB,263,0.96337,20.0,12.0,131.0,1.0,0.0,0.0,75.208333,13.0,8.0,0.0,0.0,0.0,1.0,2.0,0.0,0
SF,Ji'Ayir Brown,S,258,0.945055,11.0,6.0,82.0,0.0,0.0,2.0,78.598485,11.0,16.0,1.0,0.0,0.0,0.0,1.0,0.0,27
SF,Deommodore Lenoir,DB,254,0.930403,22.0,14.0,90.0,0.0,0.0,0.0,72.159091,11.0,8.0,0.0,0.0,0.0,0.0,1.0,0.0,2
SF,Fred Warner,LB,254,0.930403,18.0,12.0,104.0,0.0,2.0,3.0,81.712963,17.0,23.0,1.0,0.5,2.0,0.0,3.0,2.0,54
SF,Marques Sigle,S,237,0.868132,7.0,2.0,17.0,0.0,1.0,0.0,39.583333,13.0,13.0,1.0,1.0,1.0,0.0,0.0,0.0,36
SF,Osa Odighizuwa,DL,199,0.728938,0.0,0.0,0.0,0.0,7.0,1.0,,1.0,6.0,0.0,0.0,5.0,0.0,1.0,0.0,92
SF,Dre Greenlaw,LB,199,0.728938,16.0,14.0,79.0,0.0,2.0,5.0,87.239583,16.0,18.0,0.0,0.0,0.0,0.0,0.0,1.0,57
SF,Keion White,DL,171,0.626374,2.0,2.0,34.0,0.0,6.0,1.0,118.75,2.0,4.0,2.0,2.0,3.0,0.0,0.0,0.0,56
SF,Upton Stout,CB,161,0.589744,23.0,16.0,234.0,1.0,2.0,3.0,116.938406,8.0,7.0,1.0,0.5,2.0,0.0,1.0,0.0,20
SF,Gracen Halton,DL,118,0.432234,1.0,0.0,0.0,0.0,2.0,0.0,39.583333,5.0,6.0,2.0,0.0,0.0,0.0,1.0,0.0,93
SF,Ogbonnia Okoronkwo,DL,107,0.391941,1.0,1.0,8.0,0.0,4.0,0.0,100.0,2.0,0.0,0.0,1.0,3.0,0.0,0.0,0.0,59
SF,Khalid Kareem,DL,103,0.377289,0.0,0.0,0.0,0.0,1.0,0.0,,5.0,3.0,0.0,0.0,0.0,0.0,0.0,0.0,47
SF,Jaden Dugger,LB,100,0.3663,4.0,2.0,12.0,0.0,0.0,1.0,56.25,3.0,5.0,0.0,0.0,0.0,0.0,0.0,0.0,53
SF,Romello Height,DL,99,0.362637,1.0,1.0,6.0,0.0,1.0,0.0,91.666667,3.0,0.0,0.0,1.0,0.0,0.0,0.0,0.0,94
SF,Nick Bosa,DL,76,0.278388,0.0,0.0,0.0,0.0,4.0,0.0,,3.0,4.0,2.0,0.0,1.0,0.0,0.0,0.0,97
SF,Jack Jones,CB,60,0.21978,15.0,9.0,102.0,2.0,0.0,2.0,120.0,4.0,2.0,0.0,0.0,0.0,0.0,3.0,0.0,25
SF,Sebastian Valdez,DL,57,0.208791,0.0,0.0,0.0,0.0,2.0,0.0,,2.0,3.0,0.0,0.0,1.0,0.0,0.0,0.0,55
SF,Garret Wallow,LB,55,0.201465,4.0,2.0,16.0,1.0,0.0,2.0,100.0,5.0,2.0,0.0,0.0,0.0,0.0,0.0,0.0,49
SF,CJ West,DL,49,0.179487,0.0,0.0,0.0,0.0,1.0,2.0,,1.0,4.0,0.0,0.0,1.0,0.0,0.0,0.0,99
SF,Malik Mustapha,S,49,0.179487,4.0,1.0,8.0,0.0,1.0,0.0,39.583333,4.0,5.0,0.0,0.0,0.0,0.0,1.0,0.0,6
SF,James Thompson,DL,42,0.153846,,,,,,,,1.0,3.0,0.0,0.0,0.0,0.0,0.0,0.0,96
SF,Naquan Jones,DL,33,0.120879,,,,,,,,0.0,2.0,0.0,0.0,0.0,0.0,0.0,0.0,50
SF,Kevin Givens,DL,21,0.076923,0.0,0.0,0.0,0.0,1.0,0.0,,0.0,1.0,0.0,0.0,1.0,0.0,0.0,0.0,90
TB,Alex Anzalone,LB,241,1.0,19.0,15.0,212.0,2.0,1.0,6.0,148.245614,8.0,14.0,1.0,1.0,1.0,0.0,0.0,0.0,34
TB,Zyon McCollum,CB,240,0.995851,20.0,14.0,152.0,1.0,0.0,3.0,108.75,15.0,1.0,1.0,0.0,0.0,0.0,4.0,0.0,27
TB,Tykee Smith,S,235,0.975104,17.0,9.0,159.0,3.0,1.0,1.0,124.754902,14.0,6.0,3.0,0.0,1.0,0.0,1.0,1.0,23
TB,Antoine Winfield Jr.,S,234,0.970954,7.0,4.0,70.0,0.0,1.0,1.0,91.369048,15.0,9.0,0.0,0.0,1.0,0.0,0.0,1.0,31
TB,Vita Vea,NT,174,0.721992,0.0,0.0,0.0,0.0,3.0,0.0,,1.0,7.0,0.0,0.0,3.0,0.0,2.0,0.0,50
TB,Josiah Trotter,LB,156,0.647303,12.0,8.0,72.0,0.0,2.0,3.0,47.916667,17.0,16.0,2.0,1.0,1.0,1.0,1.0,0.0,45
TB,YaYa Diaby,LB,153,0.634855,4.0,2.0,22.0,0.0,2.0,1.0,66.666667,5.0,3.0,2.0,0.0,1.0,0.0,1.0,0.0,0
TB,Calijah Kancey,DL,151,0.626556,1.0,1.0,6.0,0.0,2.0,1.0,91.666667,3.0,0.0,0.0,0.0,1.0,0.0,0.0,0.0,94
TB,Keionte Scott,DB,142,0.589212,14.0,11.0,73.0,1.0,0.0,5.0,112.202381,16.0,1.0,0.0,0.0,0.0,0.0,1.0,0.0,22
TB,Jacob Parrish,CB,138,0.572614,16.0,8.0,123.0,1.0,0.0,1.0,70.572917,11.0,1.0,1.0,0.0,0.0,1.0,3.0,0.0,25
TB,A'Shawn Robinson,DL,122,0.506224,0.0,0.0,0.0,0.0,3.0,1.0,,5.0,10.0,1.0,1.0,2.0,1.0,1.0,0.0,91
TB,Al-Quadin Muhammad,LB,121,0.502075,0.0,0.0,0.0,0.0,3.0,0.0,,2.0,2.0,0.0,0.0,2.0,0.0,0.0,0.0,97
TB,Benjamin Morrison,CB,102,0.423237,17.0,11.0,88.0,0.0,0.0,2.0,77.573529,9.0,2.0,1.0,0.0,0.0,0.0,2.0,0.0,21
TB,Anthony Nelson,LB,85,0.352697,0.0,0.0,0.0,0.0,1.0,0.0,,4.0,1.0,1.0,1.0,1.0,0.0,0.0,0.0,98
TB,Rueben Bain,LB,76,0.315353,0.0,0.0,0.0,0.0,0.0,0.0,,1.0,0.0,0.0,0.0,0.0,0.0,0.0,0.0,3
TB,Elijah Roberts,DL,63,0.261411,0.0,0.0,0.0,0.0,1.0,0.0,,3.0,0.0,2.0,0.0,0.0,0.0,0.0,0.0,95
TB,Rakeem Nunez-Roches,DL,56,0.232365,1.0,0.0,5.0,0.0,0.0,0.0,47.916667,1.0,2.0,1.0,0.0,0.0,0.0,0.0,0.0,56
TB,David Walker,LB,52,0.215768,1.0,1.0,4.0,0.0,3.0,0.0,83.333333,6.0,2.0,3.0,2.0,2.0,0.0,0.0,0.0,51
TB,SirVocea Dennis,LB,47,0.195021,0.0,0.0,0.0,0.0,1.0,1.0,,2.0,4.0,0.0,0.0,0.0,0.0,0.0,0.0,8
TB,Christian Rozeboom,LB,37,0.153527,2.0,2.0,9.0,0.0,1.0,1.0,85.416667,2.0,2.0,1.0,0.0,0.0,0.0,0.0,0.0,52
TB,Elijah Simmons,DL,19,0.078838,,,,,,,,2.0,0.0,1.0,0.0,0.0,0.0,0.0,0.0,92
TEN,Anthony Hill,LB,271,1.0,19.0,12.0,132.0,2.0,1.0,1.0,118.75,15.0,27.0,0.0,0.0,0.0,0.0,2.0,0.0,53
TEN,Kevin Winston,S,271,1.0,7.0,3.0,64.0,0.0,0.0,0.0,75.892857,16.0,13.0,0.0,0.0,0.0,0.0,0.0,1.0,23
TEN,Alontae Taylor,CB,270,0.99631,15.0,13.0,104.0,0.0,1.0,1.0,95.555556,15.0,5.0,4.0,1.0,1.0,0.0,0.0,0.0,24
TEN,Amani Hooker,S,268,0.98893,17.0,12.0,180.0,1.0,0.0,3.0,100.122549,19.0,8.0,1.0,0.0,0.0,1.0,2.0,0.0,37
TEN,Jeffery Simmons,DT,232,0.856089,0.0,0.0,0.0,0.0,6.0,1.0,,12.0,12.0,3.0,2.0,5.0,0.0,1.0,0.0,98
TEN,Cody Barton,LB,221,0.815498,10.0,8.0,107.0,0.0,1.0,0.0,111.25,8.0,12.0,0.0,0.0,0.0,0.0,1.0,0.0,50
TEN,Cordale Flott,CB,194,0.715867,9.0,6.0,83.0,0.0,0.0,0.0,96.064815,7.0,4.0,0.0,0.0,0.0,0.0,0.0,0.0,18
TEN,Jermaine Johnson II,DE,166,0.612546,1.0,1.0,-6.0,0.0,4.0,0.0,79.166667,4.0,8.0,2.0,1.0,1.0,0.0,0.0,0.0,11
TEN,Jacob Martin,DE,155,0.571956,1.0,1.0,6.0,0.0,7.0,1.0,91.666667,2.0,1.0,1.0,1.5,5.0,0.0,0.0,0.0,57
TEN,Marcus Harris,CB,152,0.560886,16.0,11.0,117.0,0.0,1.0,2.0,63.802083,13.0,9.0,3.0,0.5,1.0,1.0,1.0,0.0,26
TEN,John Franklin-Myers,DL,145,0.535055,0.0,0.0,0.0,0.0,5.0,1.0,,4.0,5.0,2.0,1.0,2.0,0.0,1.0,0.0,91
TEN,Jordan Elliott,DL,92,0.339483,,,,,,,,0.0,8.0,0.0,0.0,0.0,0.0,0.0,0.0,95
TEN,Cedric Gray,LB,90,0.332103,5.0,4.0,16.0,0.0,0.0,0.0,80.0,7.0,7.0,2.0,0.0,0.0,0.0,0.0,0.0,33
TEN,Keldric Faulk,DE,84,0.309963,0.0,0.0,0.0,0.0,1.0,0.0,,3.0,3.0,2.0,1.0,1.0,0.0,0.0,0.0,15
TEN,Nazir Stackhouse,DT,77,0.284133,0.0,0.0,0.0,0.0,0.0,1.0,,1.0,1.0,1.0,0.0,0.0,0.0,0.0,0.0,93
TEN,Micah Robinson,CB,77,0.284133,5.0,5.0,72.0,1.0,0.0,0.0,158.333333,4.0,6.0,1.0,0.0,0.0,0.0,0.0,0.0,21
TEN,Solomon Thomas,DT,67,0.247232,,,,,,,,1.0,5.0,0.0,0.0,0.0,0.0,0.0,0.0,90
TEN,Oluwafemi Oladejo,DE,60,0.221402,0.0,0.0,0.0,0.0,0.0,1.0,,2.0,4.0,1.0,0.0,0.0,0.0,0.0,0.0,7
TEN,James Williams,LB,28,0.103321,3.0,3.0,21.0,0.0,0.0,2.0,95.833333,0.0,1.0,0.0,0.0,0.0,0.0,0.0,0.0,52
TEN,Tony Adams,S,26,0.095941,1.0,1.0,5.0,0.0,0.0,0.0,87.5,2.0,1.0,0.0,0.0,1.0,0.0,0.0,0.0,29
TEN,Truman Jones,DE,23,0.084871,,,,,,,,2.0,1.0,0.0,0.0,0.0,0.0,0.0,0.0,56
WAS,Amik Robertson,CB,240,0.987654,30.0,18.0,182.0,1.0,0.0,4.0,88.472222,19.0,7.0,0.0,0.0,0.0,0.0,7.0,1.0,2
WAS,Jeremy Reaves,S,221,0.909465,11.0,7.0,155.0,3.0,0.0,0.0,146.780303,16.0,11.0,0.0,0.0,0.0,0.0,1.0,0.0,39
WAS,Sonny Styles,LB,219,0.901235,13.0,6.0,84.0,0.0,5.0,4.0,35.416667,10.0,9.0,2.0,1.0,2.0,1.0,2.0,1.0,52
WAS,Daron Payne,DT,176,0.72428,0.0,0.0,0.0,0.0,7.0,2.0,,5.0,3.0,0.0,0.0,3.0,0.0,0.0,0.0,94
WAS,Quan Martin,S,168,0.691358,8.0,5.0,95.0,0.0,0.0,0.0,103.645833,11.0,4.0,1.0,0.0,0.0,0.0,0.0,0.0,20
WAS,K'Lavon Chaisson,LB,168,0.691358,8.0,6.0,53.0,0.0,7.0,4.0,92.1875,5.0,5.0,2.0,1.5,5.0,0.0,0.0,0.0,45
WAS,Odafe Oweh,LB,166,0.683128,1.0,0.0,0.0,0.0,8.0,0.0,39.583333,5.0,6.0,3.0,2.0,5.0,0.0,0.0,1.0,98
WAS,Javon Kinlaw,DT,156,0.641975,0.0,0.0,0.0,0.0,4.0,1.0,,6.0,3.0,2.0,1.0,2.0,0.0,2.0,0.0,99
WAS,Rasul Douglas,CB,142,0.584362,20.0,11.0,162.0,0.0,0.0,1.0,60.833333,10.0,3.0,0.0,0.0,0.0,1.0,3.0,0.0,29
WAS,Mike Sainristil,CB,130,0.534979,13.0,10.0,136.0,4.0,0.0,0.0,149.358974,9.0,2.0,1.0,0.0,0.0,0.0,0.0,0.0,0
WAS,Charles Omenihu,DE,110,0.452675,0.0,0.0,0.0,0.0,4.0,0.0,,0.0,1.0,0.0,0.0,1.0,0.0,1.0,0.0,90
WAS,Nick Cross,S,109,0.44856,6.0,5.0,57.0,2.0,1.0,1.0,145.833333,8.0,3.0,3.0,0.0,0.0,0.0,0.0,0.0,25
WAS,Frankie Luvu,LB,92,0.378601,6.0,4.0,17.0,0.0,2.0,0.0,70.138889,2.0,7.0,2.0,1.0,1.0,0.0,0.0,0.0,4
WAS,Tim Settle,DT,89,0.366255,0.0,0.0,0.0,0.0,1.0,0.0,,3.0,5.0,0.0,0.5,1.0,0.0,1.0,0.0,97
WAS,Shy Tuttle,DT,88,0.36214,,,,,,,,1.0,1.0,0.0,0.0,0.0,0.0,0.0,0.0,96
WAS,Dorance Armstrong Jr.,LB,85,0.349794,0.0,0.0,0.0,0.0,5.0,0.0,,4.0,2.0,0.0,0.0,2.0,0.0,0.0,0.0,92
WAS,Leo Chenal,LB,84,0.345679,6.0,5.0,27.0,0.0,0.0,2.0,85.416667,9.0,9.0,1.0,0.0,0.0,0.0,0.0,0.0,54
WAS,Kain Medrano,LB,65,0.26749,10.0,7.0,75.0,0.0,1.0,3.0,52.083333,4.0,4.0,0.0,0.0,1.0,1.0,1.0,0.0,56
WAS,Joshua Josephs,LB,53,0.218107,6.0,3.0,69.0,0.0,0.0,0.0,91.666667,2.0,4.0,1.0,0.0,0.0,0.0,0.0,0.0,48
WAS,Fabian Moreau,CB,46,0.1893,2.0,2.0,7.0,1.0,0.0,0.0,120.833333,2.0,0.0,0.0,0.0,0.0,0.0,0.0,0.0,24
WAS,Percy Butler,S,32,0.131687,1.0,0.0,12.0,0.0,0.0,0.0,77.083333,4.0,3.0,0.0,0.0,0.0,0.0,0.0,0.0,35
WAS,Javontae Jean-Baptiste,LB,22,0.090535,1.0,1.0,7.0,0.0,0.0,0.0,95.833333,1.0,2.0,0.0,0.0,0.0,0.0,0.0,0.0,41
