team,name,off_epa,off_sr,off_plays,off_pass_epa,dropbacks,sacks,off_rush_epa,off_rush_sr,def_epa,def_sr,def_pass_epa,def_dropbacks,def_sacks,def_rush_epa,proe,sack_rate,def_sack_rate,pf,pa,w,l,t,gp,pt_diff,pf_pg,pa_pg,off_epa_rk,off_pass_epa_rk,off_rush_epa_rk,off_sr_rk,def_epa_rk,def_pass_epa_rk,def_rush_epa_rk,def_sr_rk,sack_rate_rk,def_sack_rate_rk,pf_pg_rk,pa_pg_rk,proe_rk,dvoa_rank,dvoa_w_l,dvoa_total_dvoa,dvoa_off_dvoa,dvoa_off_rk,dvoa_def_dvoa,dvoa_def_rk,dvoa_st_dvoa,dvoa_st_rk,rush_bt,rec_bt,bt,games,bt_pg,bt_rk,pressure_prs,pressure_db,pressure_rate,pressure_rk,pressures_pg,pressures_pg_rk,rush_ybc,rush_ybc_rk,cov_allowed_tgt,cov_allowed_cmp,cov_allowed_yds,cov_allowed_td,cov_allowed_ints,cov_allowed_cmp_pct,cov_allowed_ypt,cov_allowed_rating,cov_allowed_gp,cov_allowed_rating_rk,cov_allowed_ypt_rk,cov_allowed_cmp_pct_rk,cov_allowed_td_rk,cov_allowed_ints_rk,cov_allowed_yds_rk,ftn_off_pa_rate,ftn_off_motion,ftn_off_int_worthy,ftn_off_drops,ftn_off_blitz_rate,ftn_off_oop,ftn_off_screens,ftn_def_pa_rate,ftn_def_motion,ftn_def_int_worthy,ftn_def_drops,ftn_def_blitz_rate,ftn_def_oop,ftn_def_screens,avg_on_field_RB,avg_on_field_TE,avg_on_field_WR,avg_on_field_DB,avg_on_field_DL,avg_on_field_LB,penalties_n,penalties_yds,penalties_off_n,penalties_def_n,penalties_st_n,penalties_fd,penalties_n_pg,penalties_n_rk,penalties_yds_pg,penalties_yds_rk,penalties_off_n_pg,penalties_off_n_rk,penalties_def_n_pg,penalties_def_n_rk,penalties_st_n_pg,penalties_st_n_rk,penalties_fd_pg,penalties_fd_rk,motion_o_n,motion_o_n_m,motion_o_rate,motion_o_epa_m,motion_o_epa_n,motion_o_ypp_m,motion_o_ypp_n,motion_o_sr_m,motion_o_sr_n,motion_o_pass_n,motion_o_pass_n_m,motion_o_pass_rate,motion_o_pass_epa_m,motion_o_pass_epa_n,motion_o_pass_ypp_m,motion_o_pass_ypp_n,motion_o_pass_sr_m,motion_o_pass_sr_n,motion_o_run_n,motion_o_run_n_m,motion_o_run_rate,motion_o_run_epa_m,motion_o_run_epa_n,motion_o_run_ypp_m,motion_o_run_ypp_n,motion_o_run_sr_m,motion_o_run_sr_n,motion_d_n,motion_d_n_m,motion_d_rate,motion_d_epa_m,motion_d_epa_n,motion_d_ypp_m,motion_d_ypp_n,motion_d_sr_m,motion_d_sr_n,motion_d_pass_n,motion_d_pass_n_m,motion_d_pass_rate,motion_d_pass_epa_m,motion_d_pass_epa_n,motion_d_pass_ypp_m,motion_d_pass_ypp_n,motion_d_pass_sr_m,motion_d_pass_sr_n,motion_d_run_n,motion_d_run_n_m,motion_d_run_rate,motion_d_run_epa_m,motion_d_run_epa_n,motion_d_run_ypp_m,motion_d_run_ypp_n,motion_d_run_sr_m,motion_d_run_sr_n,motion_o_gain,motion_o_pass_gain,motion_o_run_gain,motion_d_gain,motion_d_pass_gain,motion_d_run_gain,motion_o_rate_rk,motion_o_epa_m_rk,motion_o_epa_n_rk,motion_o_ypp_m_rk,motion_o_ypp_n_rk,motion_o_sr_m_rk,motion_o_sr_n_rk,motion_o_pass_rate_rk,motion_o_pass_epa_m_rk,motion_o_pass_epa_n_rk,motion_o_pass_ypp_m_rk,motion_o_pass_ypp_n_rk,motion_o_pass_sr_m_rk,motion_o_pass_sr_n_rk,motion_o_run_rate_rk,motion_o_run_epa_m_rk,motion_o_run_epa_n_rk,motion_o_run_ypp_m_rk,motion_o_run_ypp_n_rk,motion_o_run_sr_m_rk,motion_o_run_sr_n_rk,motion_d_rate_rk,motion_d_epa_m_rk,motion_d_epa_n_rk,motion_d_ypp_m_rk,motion_d_ypp_n_rk,motion_d_sr_m_rk,motion_d_sr_n_rk,motion_d_pass_rate_rk,motion_d_pass_epa_m_rk,motion_d_pass_epa_n_rk,motion_d_pass_ypp_m_rk,motion_d_pass_ypp_n_rk,motion_d_pass_sr_m_rk,motion_d_pass_sr_n_rk,motion_d_run_rate_rk,motion_d_run_epa_m_rk,motion_d_run_epa_n_rk,motion_d_run_ypp_m_rk,motion_d_run_ypp_n_rk,motion_d_run_sr_m_rk,motion_d_run_sr_n_rk,motion_o_gain_rk,motion_o_pass_gain_rk,motion_o_run_gain_rk,motion_d_gain_rk,motion_d_pass_gain_rk,motion_d_run_gain_rk
ARI,Arizona Cardinals,-0.0292,0.4633,259,-0.0272,162,7.0,-0.0326,0.4639,0.0669,0.4298,0.3209,123,8.0,-0.2307,-1.3036,0.0432,0.065,87.0,117.0,1,3,0,4,-30.0,21.75,29.25,19,22,12,11,25,31,2,13,8,12,17,29,17,19,1-3,-6.5,3.1,12,14.7,29,5.1,4,7.0,3.0,10.0,4,2.5,15,36,162.98388391411646,0.22088073455759602,14,6.75,25,2.125,24,120.0,69.0,1052.0,11.0,3.0,0.575,8.7667,106.6667,4.0,30.0,31.0,6.0,30.0,12.0,22.0,0.1543,0.5062,4,4,0.3025,0.1235,0.0556,0.2258,0.629,4,2,0.2339,0.25,0.0645,1.0324,1.5468,2.3561,4.4634,2.5488,3.9878,31,300,13,11,7,8,7.75,19,75.0,28,3.25,10,2.75,19,1.75,25,2.0,15,259,156,0.6023,-0.1095,0.0923,3.9167,5.5437,0.4167,0.534,162,82,0.5062,-0.0864,0.0334,4.0,5.9375,0.439,0.4875,97,74,0.7629,-0.1351,0.2971,3.8243,4.1739,0.3919,0.6957,228,156,0.6842,-0.045,0.3092,5.8974,6.75,0.4295,0.4306,123,77,0.626,0.2032,0.5179,7.8312,8.6087,0.4805,0.4565,105,79,0.7524,-0.2868,-0.06,4.0127,3.4615,0.3797,0.3846,-0.2017,-0.1198,-0.4321,-0.3542,-0.3147,-0.2268,11,28,11,32,16,20,5,23,27,17,32,18,19,10,5,19,2,18,11,15,1,3,8,32,23,30,13,15,8,29,32,30,32,22,15,3,2,12,18,8,15,9,25,20,31,2,2,9
ATL,Atlanta Falcons,-0.028,0.4917,242,-0.2091,111,8.0,0.1255,0.5267,-0.0566,0.381,0.0107,187,7.0,-0.2503,-9.45,0.0721,0.0374,96.0,92.0,2,2,0,4,4.0,24.0,23.0,18,31,2,5,8,11,1,3,23,27,15,15,28,15,2-2,-0.7,-3.7,17,-7.1,8,-4.1,27,8.0,5.0,13.0,3,4.3333,3,17,90.06340579710145,0.18875590867947298,3,12.0,5,2.5961538461538463,12,132.0,75.0,936.0,9.0,1.0,0.5682,7.0909,98.548,3.0,21.0,8.0,5.0,24.0,25.0,13.0,0.2232,0.5982,6,1,0.4018,0.1518,0.1786,0.2032,0.4492,3,6,0.2299,0.1551,0.0588,1.0,1.5875,2.3891,4.8278,3.6703,2.5018,29,288,10,11,8,8,7.25,12,72.0,24,2.5,5,2.75,19,2.0,28,2.0,15,242,152,0.6281,0.0555,-0.169,6.0658,5.8222,0.5066,0.4667,111,66,0.5946,-0.0195,-0.4873,7.5303,5.7111,0.4848,0.4,131,86,0.6565,0.113,0.1493,4.9419,5.9333,0.5233,0.5333,252,121,0.4802,-0.0501,-0.0626,5.314,4.7023,0.4298,0.3359,187,84,0.4492,0.0163,0.0061,6.1429,5.3592,0.4286,0.3786,65,37,0.5692,-0.2009,-0.3155,3.4324,2.2857,0.4324,0.1786,0.2245,0.4678,-0.0363,0.0125,0.0102,0.1146,9,13,28,8,13,3,13,12,23,31,5,22,13,27,10,4,5,6,2,1,7,30,6,10,14,5,14,2,30,10,12,13,6,9,6,23,7,4,4,1,24,1,5,2,16,18,17,23
BAL,Baltimore Ravens,0.1864,0.5172,232,0.3511,121,7.0,0.0068,0.4505,-0.0286,0.4245,-0.0223,154,7.0,-0.0393,-8.9913,0.0579,0.0455,116.0,96.0,3,1,0,4,20.0,29.0,24.0,3,2,6,2,10,7,21,11,17,24,7,19,27,5,3-1,21.3,22.3,3,-2.9,12,-3.9,25,8.0,4.0,12.0,4,3.0,10,24,122.87129522009052,0.1953263368552478,4,7.75,20,2.732283464566929,11,139.0,89.0,1032.0,5.0,2.0,0.6403,7.4245,92.3711,4.0,18.0,15.0,24.0,8.0,20.0,20.0,0.2975,0.6198,3,5,0.3223,0.2645,0.0579,0.1859,0.5256,2,8,0.3077,0.2308,0.0641,1.0,1.7402,2.2165,5.2269,2.0577,3.7154,39,329,24,13,2,12,9.75,30,82.25,31,6.0,31,3.25,26,0.5,3,3.0,29,232,148,0.6379,0.1708,0.2138,6.5,7.4167,0.5,0.5476,121,75,0.6198,0.2029,0.5927,7.8533,10.7174,0.5467,0.6304,111,73,0.6577,0.1378,-0.2448,5.1096,3.4211,0.4521,0.4474,245,135,0.551,-0.0453,-0.0081,5.2,5.0909,0.437,0.4091,154,80,0.5195,-0.0436,0.0007,6.175,5.7973,0.4625,0.4189,91,55,0.6044,-0.0478,-0.0263,3.7818,3.6389,0.4,0.3889,-0.043,-0.3898,0.3827,-0.0372,-0.0443,-0.0215,7,4,5,3,5,4,3,8,9,2,3,1,5,2,8,3,28,4,26,5,13,22,7,13,12,9,17,9,24,4,10,15,11,17,10,17,19,15,13,10,19,11,17,32,2,11,9,19
BUF,Buffalo Bills,0.2003,0.4807,233,0.2855,136,9.0,0.0808,0.5258,0.1021,0.4815,0.1857,166,10.0,-0.0313,-4.3303,0.0662,0.0602,127.0,107.0,3,1,0,4,20.0,31.75,26.75,2,3,4,7,29,26,22,28,19,16,1,25,20,4,3-1,23.8,29.5,2,9.5,26,3.8,7,7.0,6.0,13.0,4,3.25,8,30,136.0871362212651,0.2204469932501392,13,13.75,3,3.5272727272727273,1,149.0,93.0,1160.0,10.0,2.0,0.6242,7.7852,103.3138,4.0,26.0,19.0,15.0,28.0,20.0,26.0,0.2899,0.7174,5,5,0.3043,0.2464,0.0652,0.2695,0.6407,6,3,0.3293,0.1856,0.0539,0.9883,1.7977,2.2062,4.782,2.2284,3.9862,30,250,12,13,5,12,7.5,17,62.5,17,3.0,8,3.25,26,1.25,14,3.0,29,233,155,0.6652,0.114,0.3719,6.2194,7.5128,0.4581,0.5256,136,97,0.7132,0.1913,0.52,6.8041,10.5385,0.4536,0.4359,97,58,0.5979,-0.0153,0.2238,5.2414,4.4872,0.4655,0.6154,270,159,0.5889,0.0655,0.1546,5.2516,5.9099,0.4654,0.5045,166,106,0.6386,0.1264,0.2905,6.1604,7.6333,0.4717,0.5333,104,53,0.5096,-0.0563,-0.0052,3.434,3.8824,0.4528,0.4706,-0.2579,-0.3287,-0.2391,-0.0891,-0.1641,-0.0511,5,7,1,6,4,11,6,3,12,3,13,2,17,20,21,7,3,3,8,4,2,14,24,26,13,21,26,28,7,23,31,14,26,20,27,28,18,18,5,11,31,22,31,31,26,10,6,17
CAR,Carolina Panthers,0.1191,0.4432,264,0.23,177,10.0,-0.1065,0.4023,0.0244,0.4323,0.0628,168,8.0,-0.0413,7.3978,0.0565,0.0476,121.0,109.0,2,2,0,4,12.0,30.25,27.25,8,7,19,14,19,17,20,15,16,22,4,26,3,9,2-2,14.1,9.5,11,-0.1,18,4.4,5,7.0,6.0,13.0,4,3.25,8,60,177.13152042869518,0.33873135540635285,32,11.0,9,2.9157894736842107,5,158.0,88.0,1186.0,6.0,3.0,0.557,7.5063,84.52,4.0,7.0,17.0,2.0,12.0,12.0,28.0,0.2655,0.5367,1,3,0.2373,0.209,0.0452,0.2249,0.432,4,5,0.3609,0.2308,0.0769,1.007,1.479,2.5,4.9123,2.2211,3.8702,35,270,21,8,6,7,8.75,25,67.5,21,5.25,29,2.0,8,1.5,22,1.75,11,264,145,0.5492,0.1625,0.0663,6.1931,6.1597,0.469,0.4118,177,95,0.5367,0.3095,0.138,7.3684,6.7317,0.5158,0.4024,87,50,0.5747,-0.1166,-0.0927,3.96,4.8919,0.38,0.4324,266,138,0.5188,0.0687,-0.0233,6.0435,5.6016,0.442,0.4219,168,73,0.4345,0.0959,0.0373,6.5205,6.1789,0.4932,0.4526,98,65,0.6633,0.0382,-0.1977,5.5077,3.9394,0.3846,0.3333,0.0963,0.1715,-0.0239,0.092,0.0586,0.2359,21,5,12,7,9,9,23,19,3,12,9,12,9,26,23,17,21,14,4,17,15,28,25,12,24,14,19,11,32,19,14,18,14,25,13,9,29,8,31,12,16,6,11,12,14,25,20,29
CHI,Chicago Bears,0.107,0.4795,292,0.224,150,7.0,-0.0165,0.4437,-0.0593,0.4115,-0.0949,116,10.0,-0.0048,-5.3807,0.0467,0.0862,112.0,65.0,3,1,0,4,47.0,28.0,16.25,9,8,7,8,5,3,26,8,11,4,9,4,23,8,3-1,17.0,12.2,9,-7.4,6,-2.7,20,7.0,10.0,17.0,4,4.25,4,32,151.6248032765974,0.21104726475143304,9,10.0,12,2.9622641509433962,4,98.0,58.0,819.0,4.0,3.0,0.5918,8.3571,87.0748,4.0,9.0,25.0,11.0,3.0,12.0,4.0,0.3267,0.48,3,4,0.48,0.2333,0.0933,0.2328,0.4483,6,2,0.3966,0.181,0.0517,1.0064,1.7452,2.2389,4.6881,4.0198,2.2921,29,189,16,6,7,4,7.25,12,47.25,8,4.0,17,1.5,2,1.75,25,1.0,2,292,136,0.4658,0.2503,-0.0179,7.0441,4.891,0.5515,0.4167,150,72,0.48,0.2677,0.1837,7.8056,5.9744,0.5833,0.4487,142,64,0.4507,0.2308,-0.2195,6.1875,3.8077,0.5156,0.3846,192,83,0.4323,0.0306,-0.1277,5.7711,5.9633,0.4337,0.3945,116,52,0.4483,0.0342,-0.1999,6.4231,6.9844,0.4423,0.3438,76,31,0.4079,0.0245,-0.0251,4.6774,4.5111,0.4194,0.4667,0.2682,0.084,0.4503,0.1583,0.2341,0.0496,31,2,19,2,24,1,22,25,6,11,4,17,2,15,31,1,27,1,21,2,20,32,22,5,22,23,16,6,31,12,4,17,21,11,3,32,27,16,25,22,22,20,3,13,1,28,27,20
CIN,Cincinnati Bengals,0.0549,0.4494,247,0.1204,171,9.0,-0.0923,0.3816,-0.0253,0.4213,0.0087,160,14.0,-0.0977,8.8877,0.0526,0.0875,97.0,85.0,2,2,0,4,12.0,24.25,21.25,10,14,18,12,11,10,14,9,14,3,14,13,2,11,2-2,10.6,9.8,10,2.2,21,3.0,12,3.0,4.0,7.0,4,1.75,22,41,171.07603576239163,0.23965951640909605,20,11.5,6,2.3855421686746987,18,154.0,90.0,1259.0,4.0,1.0,0.5844,8.1753,90.8009,4.0,15.0,23.0,10.0,3.0,25.0,29.0,0.1696,0.4737,3,5,0.269,0.0936,0.0936,0.236,0.5528,2,4,0.1615,0.2298,0.0745,1.0817,1.4202,2.4864,4.8962,4.1731,1.9269,36,273,15,14,7,10,9.0,27,68.25,22,3.75,14,3.5,29,1.75,25,2.5,24,247,129,0.5223,-0.0499,0.1695,4.7829,6.7119,0.4264,0.4746,171,81,0.4737,-0.0044,0.2327,5.6667,7.5,0.4444,0.5111,76,48,0.6316,-0.1265,-0.0337,3.2917,4.1786,0.3958,0.3571,235,137,0.583,-0.0214,-0.0306,6.4818,5.1735,0.4526,0.3776,160,88,0.55,0.0788,-0.077,7.5909,5.5,0.5341,0.375,75,49,0.6533,-0.2014,0.0976,4.4898,4.2692,0.3061,0.3846,-0.2193,-0.2371,-0.0928,0.0093,0.1558,-0.2991,24,23,9,24,7,16,11,27,21,9,22,7,18,8,13,18,14,25,10,14,24,16,12,11,31,10,24,5,19,16,8,28,7,28,5,10,6,26,23,18,3,9,27,27,19,17,24,4
CLE,Cleveland Browns,-0.0224,0.4305,223,0.1394,140,11.0,-0.2953,0.3253,0.0198,0.4444,0.0451,159,12.0,-0.0234,9.6368,0.0786,0.0755,81.0,95.0,3,1,0,4,-14.0,20.25,23.75,16,13,31,17,18,14,23,20,25,9,22,18,1,24,3-1,-10.0,-14.1,25,-0.5,16,3.7,8,7.0,7.0,14.0,4,3.5,6,29,140.1617933723197,0.2069037453235609,8,7.75,20,1.588235294117647,31,158.0,88.0,1169.0,10.0,4.0,0.557,7.3987,89.8734,4.0,13.0,14.0,2.0,28.0,4.0,27.0,0.2057,0.4539,4,3,0.3617,0.2695,0.1206,0.2312,0.5812,3,4,0.2438,0.175,0.0812,1.1687,1.2634,2.5638,4.9668,4.0,2.0332,43,297,19,16,8,11,10.75,32,74.25,27,4.75,27,4.0,32,2.0,28,2.75,26,223,116,0.5202,0.08,-0.1334,5.3534,5.1869,0.4569,0.4019,140,64,0.4571,0.3316,-0.0225,6.4688,6.4211,0.5625,0.4342,83,52,0.6265,-0.2296,-0.4053,3.9808,2.1613,0.3269,0.3226,252,145,0.5754,0.0845,-0.0679,6.1724,4.6916,0.469,0.4112,159,92,0.5786,0.1555,-0.1067,6.9891,4.8358,0.4891,0.3731,93,53,0.5699,-0.0388,-0.003,4.7547,4.45,0.434,0.475,0.2135,0.3541,0.1757,0.1524,0.2622,-0.0358,26,11,24,17,19,12,26,28,2,19,15,16,3,21,15,27,31,12,31,26,28,19,28,9,26,4,27,10,13,26,6,24,3,24,4,22,21,19,28,21,25,23,6,5,5,26,28,18
DAL,Dallas Cowboys,0.1625,0.476,250,0.2582,167,6.0,-0.0301,0.4337,0.201,0.525,0.4398,130,4.0,-0.0812,2.8363,0.0359,0.0308,122.0,112.0,2,2,0,4,10.0,30.5,28.0,6,5,10,9,32,32,16,32,6,29,2,28,9,13,2-2,1.0,18.7,6,21.7,32,3.9,6,4.0,5.0,9.0,4,2.25,17,41,167.047116368446,0.2454397351557312,24,7.75,20,2.5531914893617023,14,110.0,82.0,951.0,9.0,0.0,0.7455,8.6455,127.5,4.0,32.0,28.0,32.0,24.0,32.0,16.0,0.2381,0.6071,4,5,0.3095,0.2143,0.0774,0.3077,0.6538,2,2,0.2692,0.2923,0.0308,1.0717,1.234,2.6755,4.6371,2.4479,3.9151,27,257,10,12,5,9,6.75,8,64.25,19,2.5,5,3.0,23,1.25,14,2.25,21,250,136,0.544,0.1123,0.2224,5.5515,5.5702,0.4853,0.4649,167,101,0.6048,0.2021,0.344,6.604,6.4848,0.5347,0.4394,83,35,0.4217,-0.147,0.0551,2.5143,4.3125,0.3429,0.5,240,156,0.65,0.3547,-0.0844,6.8205,5.9405,0.5385,0.5,130,85,0.6538,0.5995,0.1382,8.6353,7.4444,0.6235,0.5778,110,71,0.6455,0.0616,-0.3412,4.6479,4.2051,0.4366,0.4103,-0.1101,-0.1419,-0.2021,0.4391,0.4613,0.4028,22,8,4,15,15,7,14,10,10,4,14,14,6,18,32,20,8,31,9,25,10,6,32,8,32,22,31,26,5,32,21,32,25,32,32,13,31,2,24,17,27,13,23,23,23,32,31,32
DEN,Denver Broncos,-0.0296,0.4071,226,-0.0301,143,5.0,-0.0287,0.3855,0.0631,0.4368,0.0492,155,8.0,0.0835,4.0483,0.035,0.0516,74.0,94.0,2,2,0,4,-20.0,18.5,23.5,20,23,9,24,23,15,31,16,5,20,27,17,7,14,2-2,0.6,-2.2,15,-0.7,14,2.1,15,1.0,3.0,4.0,4,1.0,28,32,142.9448278654595,0.22386259424593233,16,8.5,18,2.111111111111111,25,136.0,79.0,999.0,6.0,4.0,0.5809,7.3456,83.5478,4.0,6.0,12.0,7.0,12.0,4.0,19.0,0.2138,0.4828,7,4,0.3448,0.269,0.0897,0.2,0.6194,6,7,0.3935,0.1806,0.0839,1.0935,1.3699,2.4634,4.7107,2.5107,3.7786,29,187,15,8,6,7,7.25,12,46.75,7,3.75,14,2.0,8,1.5,22,1.75,11,226,127,0.5619,-0.0005,-0.0668,4.8819,5.101,0.3622,0.4646,143,68,0.4755,0.0839,-0.1335,5.7206,5.6,0.4118,0.4267,83,59,0.7108,-0.0978,0.1414,3.9153,3.5417,0.3051,0.5833,261,175,0.6705,0.0033,0.1849,4.52,8.314,0.3657,0.5814,155,96,0.6194,0.0375,0.0682,5.0312,8.5932,0.375,0.5763,106,79,0.7453,-0.0383,0.4399,3.8987,7.7037,0.3544,0.5926,0.0663,0.2174,-0.2392,-0.1816,-0.0306,-0.4782,18,16,21,22,21,29,15,26,18,26,21,24,25,23,7,15,6,16,25,29,3,5,18,30,3,32,3,32,9,13,17,3,31,3,31,4,22,32,16,32,7,31,12,11,27,6,10,1
DET,Detroit Lions,0.1444,0.4943,265,0.2424,174,8.0,-0.0432,0.4615,0.1884,0.4858,0.2777,189,15.0,0.0068,0.138,0.046,0.0794,119.0,127.0,2,2,0,4,-8.0,29.75,31.75,7,6,14,4,31,29,27,29,10,6,5,31,14,16,2-2,-1.0,12.3,8,16.2,30,2.9,13,7.0,5.0,12.0,4,3.0,10,34,173.82358160801274,0.19560061808341372,5,12.75,4,2.9081632653061225,6,181.0,113.0,1584.0,11.0,2.0,0.6243,8.7514,106.227,4.0,29.0,30.0,16.0,30.0,20.0,32.0,0.3046,0.5115,2,7,0.3276,0.1149,0.0402,0.2552,0.5677,2,6,0.3125,0.1719,0.0365,1.0252,1.3885,2.4856,4.4525,3.9902,2.5574,31,227,17,11,3,10,7.75,19,56.75,13,4.25,20,2.75,19,0.75,7,2.5,24,265,135,0.5094,0.0924,0.1983,5.8741,5.8923,0.4963,0.4923,174,89,0.5115,0.1484,0.3408,6.9663,6.4235,0.5281,0.4941,91,46,0.5055,-0.016,-0.0709,3.7609,4.8889,0.4348,0.4889,282,163,0.578,0.2069,0.163,6.3436,5.6134,0.4969,0.4706,189,107,0.5661,0.301,0.2474,7.2056,6.3049,0.5514,0.4878,93,56,0.6022,0.0272,-0.0239,4.6964,4.0811,0.3929,0.4324,-0.1059,-0.1924,0.0549,0.0439,0.0536,0.0511,28,9,6,10,11,5,8,22,15,5,12,15,7,9,26,8,16,19,5,8,11,18,31,27,29,16,30,19,16,30,30,27,15,30,21,18,28,17,26,15,17,15,22,25,11,21,19,21
GB,Green Bay Packers,-0.0906,0.3922,232,0.0285,162,8.0,-0.3661,0.3571,0.0333,0.4528,0.0795,139,10.0,-0.0225,-3.4222,0.0494,0.0719,73.0,105.0,2,2,0,4,-32.0,18.25,26.25,25,19,32,27,21,21,24,21,13,11,28,23,19,27,2-2,-20.7,-18.6,28,5.4,24,3.3,11,5.0,3.0,8.0,4,2.0,18,39,161.9811869765033,0.2407687011557538,21,10.25,11,1.7534246575342465,30,119.0,79.0,863.0,6.0,4.0,0.6639,7.2521,90.4237,4.0,14.0,10.0,29.0,12.0,4.0,5.0,0.1605,0.5494,6,11,0.4074,0.0988,0.0864,0.2695,0.6028,6,3,0.3972,0.2057,0.1631,1.0,1.5455,2.4387,4.7253,4.2564,2.0147,42,344,22,14,6,12,10.5,31,86.0,32,5.5,30,3.5,29,1.5,22,3.0,29,232,135,0.5819,-0.0136,-0.1976,6.2889,4.0412,0.3852,0.4021,162,89,0.5494,0.1381,-0.1052,7.3708,4.6712,0.4045,0.411,70,46,0.6571,-0.3072,-0.4789,4.1957,2.125,0.3478,0.375,254,176,0.6929,0.0261,0.0497,4.8807,5.6795,0.4432,0.4744,139,83,0.5971,0.1321,0.0014,5.9277,5.7321,0.4458,0.5,115,93,0.8087,-0.0686,0.1725,3.9462,5.5455,0.4409,0.4091,0.184,0.2433,0.1717,-0.0236,0.1307,-0.2411,15,17,29,5,31,27,25,18,16,25,8,31,26,25,9,30,32,10,32,23,22,2,20,17,9,18,21,20,12,24,11,11,10,13,22,1,17,29,17,30,29,12,7,9,6,14,23,7
HOU,Houston Texans,-0.0263,0.416,250,0.0705,167,12.0,-0.2211,0.3012,0.0393,0.3953,0.1293,159,14.0,-0.1128,-2.486,0.0719,0.0881,84.0,109.0,0,4,0,4,-25.0,21.0,27.25,17,15,30,21,22,25,11,5,22,2,20,26,18,17,0-4,-2.4,1.6,13,-0.6,15,-4.6,28,6.0,1.0,7.0,4,1.75,22,40,170.78236474577074,0.2342162205069863,18,10.75,10,2.3777777777777778,19,141.0,93.0,1119.0,6.0,1.0,0.6596,7.9362,101.3446,4.0,23.0,20.0,27.0,12.0,25.0,23.0,0.2156,0.5988,1,1,0.2036,0.2156,0.0359,0.2375,0.475,5,3,0.2062,0.1375,0.1125,1.0,1.3993,2.5037,4.9813,4.0974,1.9213,31,293,14,7,10,6,7.75,19,73.25,26,3.5,12,1.75,5,2.5,32,1.5,6,250,139,0.556,0.0842,-0.1647,6.4101,4.3604,0.4748,0.3423,167,100,0.5988,0.247,-0.1928,7.88,5.0,0.56,0.3433,83,39,0.4699,-0.3332,-0.1217,2.641,3.3864,0.2564,0.3409,253,114,0.4506,-0.0157,0.0844,5.3772,5.4964,0.3947,0.3957,159,75,0.4717,0.1336,0.1254,6.9867,6.4881,0.4267,0.381,94,39,0.4149,-0.3028,0.0219,2.2821,3.9818,0.3333,0.4182,0.2489,0.4398,-0.2115,-0.1001,0.0082,-0.3248,19,10,27,4,30,8,29,11,8,27,2,29,4,29,30,31,25,30,28,32,26,31,14,23,16,12,7,7,29,25,20,23,17,8,7,31,1,21,1,13,5,14,4,4,24,8,16,3
IND,Indianapolis Colts,-0.0662,0.4303,251,-0.2052,144,8.0,0.1208,0.4673,0.0688,0.444,0.1056,152,9.0,0.0118,3.1516,0.0556,0.0592,102.0,104.0,2,2,0,4,-2.0,25.5,26.0,24,30,3,18,26,24,28,19,15,17,13,22,8,20,2-2,-6.5,-10.0,22,5.5,25,9.0,3,5.0,2.0,7.0,4,1.75,22,29,143.8940380300857,0.20153718942779694,7,7.75,20,2.0353982300884956,26,139.0,83.0,1283.0,7.0,1.0,0.5971,9.2302,104.0917,4.0,27.0,32.0,12.0,19.0,25.0,30.0,0.3056,0.6944,6,5,0.3472,0.125,0.1042,0.2895,0.5658,3,5,0.2039,0.2105,0.0724,1.0,1.5352,2.4336,4.6729,4.3609,1.9586,16,105,7,5,4,3,4.0,1,26.25,1,1.75,1,1.25,1,1.0,9,0.75,1,251,151,0.6016,-0.016,-0.142,4.4834,4.63,0.4238,0.44,144,100,0.6944,-0.1287,-0.379,4.68,5.5227,0.39,0.4318,107,51,0.4766,0.2049,0.0442,4.098,3.9286,0.4902,0.4464,250,147,0.588,0.0788,0.0546,6.0952,6.5631,0.4558,0.4272,152,86,0.5658,0.0944,0.1202,7.0814,7.8182,0.4767,0.4091,98,61,0.6224,0.0569,-0.0624,4.7049,4.3243,0.4262,0.4595,0.126,0.2502,0.1607,0.0242,-0.0258,0.1193,12,18,26,26,29,18,21,5,28,30,31,25,28,22,29,2,9,11,18,3,14,15,26,19,25,29,25,13,17,18,19,26,27,21,9,15,30,11,27,19,23,18,10,8,7,19,12,24
JAX,Jacksonville Jaguars,0.1833,0.4977,219,0.2849,113,8.0,0.0749,0.4717,-0.0591,0.4407,-0.0205,156,10.0,-0.1345,0.0482,0.0708,0.0641,104.0,53.0,3,1,0,4,51.0,26.0,13.25,4,4,5,3,7,8,8,18,21,13,12,2,15,2,3-1,40.1,21.0,4,-19.4,3,-0.2,18,4.0,3.0,7.0,4,1.75,22,25,113.95383350994346,0.2193870906310364,12,9.75,13,1.9026548672566372,28,149.0,94.0,1296.0,3.0,6.0,0.6309,8.698,80.8305,4.0,5.0,29.0,19.0,1.0,1.0,31.0,0.2632,0.5789,3,5,0.2895,0.114,0.1053,0.2051,0.4744,10,2,0.2628,0.1859,0.0833,0.9916,1.5397,2.4435,4.1548,3.8532,2.2262,28,246,17,9,2,8,7.0,10,61.5,16,4.25,20,2.25,13,0.5,3,2.0,15,219,133,0.6073,0.18,0.1884,5.7519,5.8837,0.4662,0.5465,113,65,0.5752,0.3011,0.263,7.0,7.2917,0.5077,0.5417,106,68,0.6415,0.0642,0.0941,4.5588,4.1053,0.4265,0.5526,236,120,0.5085,0.0486,-0.1706,6.175,5.8621,0.45,0.431,156,74,0.4744,0.0928,-0.1227,7.8108,7.1585,0.5,0.4756,80,46,0.575,-0.0226,-0.2859,3.5435,2.7353,0.3696,0.3235,-0.0084,0.0381,-0.0298,0.2191,0.2155,0.2634,10,3,7,12,12,10,4,15,4,7,11,8,11,6,11,5,7,7,14,11,5,29,23,3,27,20,23,16,27,17,5,29,23,26,18,21,24,5,8,2,14,4,15,15,15,29,26,31
KC,Kansas City Chiefs,0.176,0.4879,248,0.2133,142,6.0,0.1261,0.4811,-0.0543,0.4104,-0.015,157,4.0,-0.1201,2.7268,0.0423,0.0255,118.0,77.0,4,0,0,4,41.0,29.5,19.25,5,9,1,6,9,9,9,7,7,31,6,6,10,3,4-0,25.6,20.0,5,-5.0,10,0.6,16,12.0,8.0,20.0,4,5.0,1,31,142.0949565110149,0.2181639712004623,11,9.75,13,2.7457627118644066,10,141.0,90.0,927.0,4.0,4.0,0.6383,6.5745,80.3044,4.0,4.0,5.0,23.0,3.0,4.0,12.0,0.3636,0.6084,3,4,0.2797,0.2797,0.1818,0.3038,0.6835,5,5,0.2848,0.2215,0.1013,1.0536,1.5211,2.3065,4.8974,3.9487,2.1538,31,255,9,13,9,11,7.75,19,63.75,18,2.25,2,3.25,26,2.25,31,2.75,26,248,146,0.5887,0.0775,0.317,6.0205,7.5882,0.4932,0.4804,142,86,0.6056,0.1965,0.2392,7.4535,7.2143,0.5233,0.4464,106,60,0.566,-0.0929,0.4118,3.9667,8.0435,0.45,0.5217,251,171,0.6813,-0.0041,-0.1618,5.1579,4.875,0.386,0.4625,157,107,0.6815,0.1111,-0.2848,6.5421,5.06,0.4486,0.46,94,64,0.6809,-0.1966,0.0433,2.8438,4.5667,0.2812,0.4667,-0.2395,-0.0427,-0.5047,0.1577,0.3959,-0.2399,14,12,3,9,3,6,10,9,11,8,6,9,8,17,25,14,1,13,1,6,9,4,16,4,11,7,6,17,2,22,3,19,5,14,16,8,10,22,2,24,1,20,30,18,32,27,30,8
LA,Los Angeles Rams,0.0262,0.4701,268,0.058,173,6.0,-0.0317,0.4632,-0.1323,0.3882,-0.1462,137,7.0,-0.1132,5.6525,0.0347,0.0511,85.0,83.0,2,2,0,4,2.0,21.25,20.75,11,16,11,10,3,2,10,4,4,21,19,9,4,7,2-2,18.0,13.6,7,-18.9,4,-14.5,32,3.0,5.0,8.0,4,2.0,18,31,175.8409392999557,0.1762956915688394,2,7.75,20,2.9904761904761905,2,122.0,68.0,615.0,7.0,3.0,0.5574,5.041,78.4153,4.0,3.0,1.0,4.0,19.0,12.0,1.0,0.2197,0.526,10,9,0.2543,0.1098,0.0462,0.223,0.5755,8,3,0.3237,0.1942,0.0791,0.9966,1.6587,2.3413,5.0876,2.4661,3.4462,31,284,16,10,5,8,7.75,19,71.0,23,4.0,17,2.5,16,1.25,14,2.0,15,268,169,0.6306,-0.0579,0.1697,5.1302,8.1414,0.4024,0.5859,173,91,0.526,-0.0771,0.2079,5.1648,8.8171,0.3626,0.5976,95,78,0.8211,-0.0354,-0.0145,5.0897,4.8824,0.4487,0.5294,237,143,0.6034,0.0267,-0.3741,4.6643,3.4362,0.4196,0.3404,137,78,0.5693,0.111,-0.4862,5.0769,3.8305,0.4615,0.322,100,65,0.65,-0.0744,-0.1853,4.1692,2.7714,0.3692,0.3714,-0.2276,-0.285,-0.0209,0.4009,0.5972,0.1109,8,24,8,19,1,24,2,20,26,10,26,5,30,3,1,11,13,5,6,7,8,11,21,1,4,1,11,3,14,21,1,4,2,16,1,12,16,9,20,4,13,8,29,29,13,31,32,22
LAC,Los Angeles Chargers,-0.1592,0.4041,245,-0.1515,145,12.0,-0.1703,0.44,-0.0074,0.4385,0.0744,128,10.0,-0.0976,-10.1711,0.0828,0.0781,67.0,106.0,0,4,0,4,-39.0,16.75,26.5,32,29,26,25,12,19,15,17,26,7,29,24,29,31,0-4,-32.5,-25.6,32,1.9,20,-5.0,29,17.0,2.0,19.0,4,4.75,2,43,144.98243548228828,0.2965876511658757,31,9.75,13,2.309734513274336,21,113.0,75.0,902.0,6.0,4.0,0.6637,7.9823,93.6025,4.0,20.0,22.0,28.0,12.0,4.0,9.0,0.2759,0.7034,9,8,0.2414,0.3379,0.0759,0.2422,0.6641,5,9,0.2656,0.1484,0.0703,1.4183,1.1369,2.3954,4.8674,2.197,3.9356,38,289,25,8,5,7,9.5,29,72.25,25,6.25,32,2.0,8,1.25,14,1.75,11,245,176,0.7184,-0.2453,0.0605,4.858,5.3913,0.3693,0.4928,145,102,0.7034,-0.2473,0.0758,5.2353,6.6047,0.3431,0.4651,100,74,0.74,-0.2426,0.0353,4.3378,3.3846,0.4054,0.5385,244,153,0.627,-0.0802,0.1151,5.4052,5.6703,0.4052,0.4945,128,85,0.6641,0.014,0.1938,6.2706,8.0233,0.4353,0.5581,116,68,0.5862,-0.1979,0.0445,4.3235,3.5625,0.3676,0.4375,-0.3058,-0.3231,-0.2778,-0.1952,-0.1798,-0.2424,3,32,14,23,18,28,7,4,32,15,25,13,31,14,6,28,10,9,29,13,6,8,3,25,17,17,10,25,3,8,25,16,28,10,30,20,9,23,22,9,11,16,32,30,28,5,5,6
LV,Las Vegas Raiders,0.0121,0.428,257,0.1728,149,5.0,-0.2096,0.3333,-0.1002,0.4274,-0.0706,146,12.0,-0.1456,1.3525,0.0336,0.0822,115.0,84.0,3,1,0,4,31.0,28.75,21.0,14,11,29,20,4,5,7,12,3,5,8,11,12,12,3-1,6.8,-1.3,14,-4.8,11,3.3,10,6.0,5.0,11.0,4,2.75,13,39,152.09638011319444,0.25641635896248877,28,14.0,2,1.3865546218487395,32,123.0,74.0,922.0,7.0,4.0,0.6016,7.4959,88.872,4.0,12.0,16.0,13.0,19.0,4.0,10.0,0.2434,0.6908,5,7,0.2697,0.1053,0.0658,0.2177,0.7007,4,5,0.2517,0.2449,0.0612,1.3614,1.6737,1.9228,4.8372,3.9961,2.1705,23,120,10,9,4,6,5.75,3,30.0,2,2.5,5,2.25,13,1.0,9,1.5,6,257,169,0.6576,0.0281,-0.0187,5.5976,4.9659,0.4201,0.4432,149,102,0.6846,0.2678,-0.0335,7.2353,5.8298,0.5098,0.4681,108,67,0.6204,-0.3368,-0.0019,3.1045,3.9756,0.2836,0.4146,241,170,0.7054,-0.212,0.1676,4.6882,7.7887,0.4,0.493,146,102,0.6986,-0.1758,0.1731,5.1176,8.3409,0.4216,0.5,95,68,0.7158,-0.2664,0.1586,4.0441,6.8889,0.3676,0.4815,0.0468,0.3012,-0.3349,-0.3796,-0.3489,-0.425,6,15,20,13,23,19,20,6,5,20,10,20,10,13,17,32,12,29,17,31,16,1,1,29,5,31,8,24,1,1,24,5,30,7,22,5,3,28,19,31,11,25,14,7,29,1,1,2
MIA,Miami Dolphins,-0.1406,0.3476,210,-0.1133,127,11.0,-0.1823,0.3133,0.099,0.4672,0.3084,124,4.0,-0.1483,-4.9122,0.0866,0.0323,46.0,101.0,0,4,0,4,-55.0,11.5,25.25,30,27,27,31,28,30,6,26,27,28,32,21,21,32,0-4,-44.9,-22.3,30,12.5,28,-10.2,31,5.0,6.0,11.0,4,2.75,13,35,128.0589942070018,0.2733115328348122,29,6.75,25,2.8333333333333335,9,121.0,88.0,1034.0,9.0,3.0,0.7273,8.5455,112.7583,4.0,31.0,26.0,30.0,24.0,12.0,21.0,0.2598,0.7953,3,2,0.3543,0.252,0.1181,0.3548,0.6613,2,4,0.2903,0.2258,0.1129,1.2907,1.0837,2.5859,4.508,3.996,2.492,32,230,20,8,4,6,8.0,24,57.5,14,5.0,28,2.0,8,1.0,9,1.5,6,210,169,0.8048,-0.1823,0.0314,4.3787,8.0488,0.3136,0.4878,127,101,0.7953,-0.1675,0.0972,5.0,9.3462,0.3168,0.5769,83,68,0.8193,-0.2043,-0.0825,3.4559,5.8,0.3088,0.3333,229,145,0.6332,0.1206,0.0617,6.4,5.0833,0.4897,0.4286,124,82,0.6613,0.3812,0.1661,8.5,6.1429,0.5854,0.4048,105,63,0.6,-0.2186,-0.0428,3.6667,4.0238,0.3651,0.4524,-0.2137,-0.2647,-0.1218,0.0589,0.215,-0.1758,1,30,15,28,2,32,9,1,29,14,29,3,32,4,2,25,19,24,3,28,27,7,29,21,30,8,29,14,4,31,22,31,13,31,8,19,5,13,11,14,8,17,26,28,20,22,25,13
MIN,Minnesota Vikings,-0.1027,0.3305,233,-0.0741,131,13.0,-0.1393,0.3235,-0.1842,0.3291,-0.1634,153,16.0,-0.2219,-7.1837,0.0992,0.1046,86.0,51.0,4,0,0,4,35.0,21.5,12.75,27,24,21,32,1,1,5,1,31,1,18,1,25,10,4-0,11.2,-23.4,31,-22.3,2,12.3,1,1.0,4.0,5.0,4,1.25,27,31,131.98223842953837,0.23488008969138702,19,16.0,1,2.3879310344827585,17,123.0,68.0,881.0,3.0,4.0,0.5528,7.1626,72.5779,4.0,2.0,9.0,1.0,1.0,4.0,7.0,0.2727,0.5682,2,3,0.3788,0.1894,0.1061,0.1961,0.5359,5,6,0.7255,0.2222,0.0392,1.2559,1.2283,2.4843,4.464,2.452,4.084,26,220,16,6,4,4,6.5,5,55.0,11,4.0,17,1.5,2,1.0,9,1.0,2,233,132,0.5665,-0.0802,-0.132,4.2197,4.9703,0.3561,0.297,131,74,0.5649,-0.0525,-0.1021,4.7027,5.6491,0.3649,0.2982,102,58,0.5686,-0.1155,-0.1707,3.6034,4.0909,0.3448,0.2955,237,127,0.5359,-0.0728,-0.3128,5.6378,4.0091,0.3307,0.3273,153,82,0.5359,-0.0388,-0.3074,6.8293,3.7887,0.3537,0.338,84,45,0.5357,-0.1347,-0.3225,3.4667,4.4103,0.2889,0.3077,0.0518,0.0496,0.0552,0.24,0.2686,0.1878,17,26,23,29,22,31,32,16,25,24,30,23,29,32,24,16,26,21,15,24,32,27,5,2,21,2,1,1,21,5,2,22,1,2,2,27,12,3,7,20,2,3,13,14,10,30,29,26
NE,New England Patriots,-0.0536,0.4297,249,0.013,148,10.0,-0.1512,0.3366,-0.0025,0.4229,-0.0396,139,8.0,0.0561,1.0218,0.0676,0.0576,65.0,77.0,2,2,0,4,-12.0,16.25,19.25,23,21,23,19,13,6,30,10,20,19,30,6,13,26,2-2,-12.8,-16.8,26,-7.2,7,-3.3,21,0.0,3.0,3.0,4,0.75,31,37,147.00789381636855,0.2516871648145485,26,8.0,19,2.275,22,129.0,82.0,939.0,6.0,3.0,0.6357,7.2791,91.1983,4.0,17.0,11.0,21.0,12.0,12.0,15.0,0.2416,0.5973,8,2,0.302,0.2617,0.0872,0.2714,0.5286,4,6,0.3714,0.1857,0.1,1.2453,1.2453,2.4038,4.7759,2.2822,3.9419,28,184,12,12,4,9,7.0,10,46.0,6,3.0,8,3.0,23,1.0,9,2.25,21,249,137,0.5502,-0.0861,-0.0139,5.0365,5.7232,0.3942,0.4732,148,88,0.5946,-0.0264,0.0707,6.4659,7.0667,0.4545,0.55,101,49,0.4851,-0.1934,-0.1115,2.4694,4.1731,0.2857,0.3846,227,122,0.5374,-0.0054,0.0008,5.1475,5.219,0.3852,0.4667,139,73,0.5252,-0.0033,-0.0798,5.7808,5.6212,0.3973,0.4545,88,49,0.5568,-0.0085,0.1372,4.2041,4.5385,0.3673,0.4872,-0.0722,-0.097,-0.082,-0.0062,0.0765,-0.1458,20,27,18,21,14,26,12,12,24,16,16,10,16,5,28,24,22,32,12,30,20,26,15,14,10,11,5,18,23,7,7,8,9,4,14,25,25,27,21,23,10,26,20,19,18,15,22,15
NO,New Orleans Saints,-0.0101,0.4429,289,0.0273,197,12.0,-0.0901,0.3804,0.1551,0.5226,0.1889,136,8.0,0.1122,1.5394,0.0609,0.0588,105.0,128.0,1,3,0,4,-23.0,26.25,32.0,15,20,17,15,30,27,32,31,18,18,10,32,11,30,1-3,-31.7,-9.8,21,20.8,31,-1.1,19,7.0,5.0,12.0,3,4.0,5,29,147.1706081081081,0.19705021520803445,6,9.666666666666666,16,2.3125,20,112.0,69.0,786.0,8.0,1.0,0.6161,7.0179,102.753,3.0,25.0,7.0,14.0,22.0,25.0,3.0,0.1768,0.5859,4,4,0.3081,0.1364,0.0354,0.2971,0.6232,3,3,0.3406,0.1377,0.0652,1.0588,1.2876,2.6503,4.645,4.4504,1.9046,27,173,13,9,5,8,6.75,8,43.25,4,3.25,10,2.25,13,1.25,14,2.0,15,289,171,0.5917,-0.0302,0.019,5.269,4.8136,0.4386,0.4492,197,115,0.5838,0.0281,0.026,6.287,5.439,0.4696,0.4756,92,56,0.6087,-0.1501,0.0031,3.1786,3.3889,0.375,0.3889,243,144,0.5926,0.1903,0.1039,6.1806,5.6061,0.5486,0.4848,136,84,0.6176,0.1638,0.2294,6.6548,6.3846,0.5357,0.4808,107,60,0.5607,0.2275,-0.035,5.5167,4.7447,0.5667,0.4894,-0.0493,0.0021,-0.1532,0.0865,-0.0656,0.2625,13,21,16,18,25,14,19,14,20,18,17,26,14,12,20,22,11,28,27,18,18,13,30,24,28,15,32,21,10,27,28,20,16,29,20,24,32,14,32,26,32,27,19,17,22,23,8,30
NYG,New York Giants,-0.0483,0.3992,238,0.0361,126,11.0,-0.1433,0.3571,0.0158,0.4649,0.0327,143,3.0,-0.0127,-12.4946,0.0873,0.021,82.0,79.0,3,1,0,4,3.0,20.5,19.75,22,18,22,26,17,12,25,25,29,32,21,8,32,23,3-1,-9.4,-19.0,29,-0.5,17,9.1,2,5.0,3.0,8.0,4,2.0,18,28,125.91633270636812,0.22236988163636315,15,5.0,32,1.8235294117647058,29,135.0,86.0,864.0,9.0,6.0,0.637,6.4,85.5401,4.0,8.0,4.0,22.0,24.0,1.0,6.0,0.2283,0.4252,5,2,0.2992,0.1732,0.0394,0.2168,0.4755,7,6,0.3357,0.1329,0.0559,1.4496,1.3876,2.155,4.7114,2.1585,4.0772,29,266,17,10,2,9,7.25,12,66.5,20,4.25,20,2.5,16,0.5,3,2.25,21,238,124,0.521,0.0375,-0.1417,4.4516,5.1491,0.3952,0.4035,126,53,0.4206,0.1672,-0.0591,5.3774,5.9041,0.434,0.4384,112,71,0.6339,-0.0593,-0.2886,3.7606,3.8049,0.3662,0.3415,228,126,0.5526,-0.0326,0.0756,5.3254,5.7745,0.4444,0.4902,143,68,0.4755,0.0257,0.0391,5.7941,6.0133,0.4706,0.4667,85,58,0.6824,-0.101,0.177,4.7759,5.1111,0.4138,0.5556,0.1792,0.2264,0.2293,-0.1082,-0.0134,-0.278,25,14,25,27,20,25,24,30,13,22,24,19,20,19,12,12,30,20,22,21,25,21,10,22,15,19,22,23,26,11,15,9,12,19,17,7,15,30,29,28,20,30,8,10,3,7,14,5
NYJ,New York Jets,0.0181,0.4375,224,0.1398,136,12.0,-0.1699,0.3864,-0.0002,0.4939,0.0762,143,9.0,-0.1053,-0.1474,0.0882,0.0629,76.0,84.0,1,3,0,4,-8.0,19.0,21.0,12,12,25,16,15,20,12,30,30,15,24,11,16,25,1-3,-12.1,-6.8,19,1.8,19,-3.4,23,11.0,3.0,14.0,4,3.5,6,31,137.3785725675439,0.22565382228555667,17,6.75,25,1.9898989898989898,27,135.0,85.0,937.0,5.0,1.0,0.6296,6.9407,92.7315,4.0,19.0,6.0,18.0,8.0,25.0,14.0,0.2174,0.3841,2,6,0.2536,0.1232,0.0797,0.2797,0.6014,2,5,0.3706,0.1538,0.0979,1.046,1.5188,2.4268,4.6667,4.3708,1.9625,37,310,18,14,5,14,9.25,28,77.5,29,4.5,24,3.5,29,1.25,14,3.5,32,224,106,0.4732,-0.0353,0.0661,4.1415,6.0,0.4151,0.4576,136,52,0.3824,0.1632,0.1252,5.0769,6.9405,0.4615,0.4762,88,54,0.6136,-0.2265,-0.0799,3.2407,3.6765,0.3704,0.4118,247,135,0.5466,-0.0024,0.0023,5.4148,4.8304,0.4815,0.5089,143,86,0.6014,0.016,0.167,5.7209,5.5088,0.5,0.5088,104,49,0.4712,-0.0347,-0.1683,4.8776,4.1273,0.449,0.5091,-0.1015,0.0379,-0.1466,-0.0047,-0.151,0.1336,30,22,13,31,10,21,16,31,14,13,28,11,15,11,18,26,18,27,23,20,17,25,17,15,18,6,28,29,11,9,23,7,8,26,25,30,23,10,30,16,30,28,21,16,21,16,7,25
PHI,Philadelphia Eagles,-0.1075,0.3728,228,-0.0959,138,12.0,-0.1251,0.3556,0.0749,0.4674,0.1031,151,4.0,0.0363,-10.7704,0.087,0.0265,75.0,93.0,2,2,0,4,-18.0,18.75,23.25,29,25,20,30,27,23,29,27,28,30,26,16,30,22,2-2,-9.3,-9.4,20,3.3,22,3.4,9,2.0,1.0,3.0,4,0.75,31,33,136.9911215989978,0.24089152358791563,22,5.75,31,2.466019417475728,16,133.0,87.0,979.0,4.0,2.0,0.6541,7.3609,91.0244,4.0,16.0,13.0,25.0,3.0,20.0,17.0,0.1884,0.4928,5,1,0.3841,0.2609,0.0507,0.2171,0.5395,3,5,0.1974,0.1842,0.0724,1.0124,1.2314,2.7314,4.552,2.2473,3.9498,29,193,17,10,2,8,7.25,12,48.25,9,4.25,20,2.5,16,0.5,3,2.0,15,228,123,0.5395,-0.0266,-0.2021,4.7724,4.7048,0.4065,0.3333,138,68,0.4928,0.0716,-0.2587,5.7647,4.9714,0.4265,0.3429,90,55,0.6111,-0.1481,-0.089,3.5455,4.1714,0.3818,0.3143,261,152,0.5824,-0.0311,0.2227,4.6974,6.1009,0.4211,0.5321,151,81,0.5364,-0.0214,0.2471,5.8025,6.7143,0.4074,0.5429,110,71,0.6455,-0.0421,0.179,3.4366,5.0,0.4366,0.5128,0.1755,0.3303,-0.0591,-0.2538,-0.2685,-0.2211,23,20,30,25,27,23,31,24,19,29,20,30,23,30,19,21,20,22,13,16,29,17,11,31,6,25,12,30,20,6,29,10,18,6,29,13,20,31,6,27,27,29,9,6,17,3,3,10
PIT,Pittsburgh Steelers,-0.1069,0.4113,248,-0.1428,170,13.0,-0.0285,0.3846,-0.0008,0.4598,0.0543,130,10.0,-0.077,5.3114,0.0765,0.0769,77.0,87.0,2,2,0,4,-10.0,19.25,21.75,28,28,8,22,14,16,17,24,24,8,23,14,5,21,2-2,-7.4,-5.6,18,-2.2,13,-3.9,24,4.0,8.0,12.0,4,3.0,10,41,170.10670719584945,0.24102518163963604,23,6.75,25,2.244186046511628,23,132.0,77.0,1129.0,6.0,4.0,0.5833,8.553,88.8573,4.0,11.0,27.0,8.0,12.0,4.0,24.0,0.2047,0.4327,3,8,0.269,0.193,0.0994,0.1846,0.5692,4,2,0.2846,0.1615,0.1077,1.0554,1.3764,2.5572,4.7415,2.1525,4.0212,26,240,14,11,1,7,6.5,5,60.0,15,3.5,12,2.75,19,0.25,1,1.75,11,248,122,0.4919,-0.1198,-0.0944,5.5574,4.746,0.4262,0.3968,170,73,0.4294,-0.215,-0.0886,5.5342,5.2371,0.4247,0.4227,78,49,0.6282,0.022,-0.1139,5.5918,3.1034,0.4286,0.3103,224,140,0.625,-0.0378,0.0609,5.4214,6.369,0.4429,0.4881,130,74,0.5692,0.0466,0.0645,7.0135,6.7857,0.4865,0.5,94,66,0.7021,-0.1323,0.0536,3.6364,5.5357,0.3939,0.4643,-0.0254,-0.1264,0.136,-0.0986,-0.0179,-0.1859,29,29,22,14,26,17,27,29,31,23,23,27,24,24,14,6,24,2,30,10,31,9,9,20,19,28,20,22,15,14,16,25,19,23,22,6,13,24,9,29,18,19,16,22,8,9,13,12
SEA,Seattle Seahawks,0.0176,0.4444,234,0.1933,127,6.0,-0.1909,0.3645,-0.1366,0.3673,-0.0779,149,11.0,-0.2277,-5.207,0.0472,0.0738,105.0,73.0,3,1,0,4,32.0,26.25,18.25,13,10,28,13,2,4,3,2,12,10,10,5,22,6,3-1,20.1,-3.0,16,-22.6,1,0.4,17,5.0,3.0,8.0,4,2.0,18,35,127.09514912146491,0.2753842317502651,30,11.5,6,2.4690265486725664,15,132.0,77.0,678.0,5.0,6.0,0.5833,5.1364,65.7828,4.0,1.0,2.0,8.0,8.0,1.0,2.0,0.3465,0.5591,3,5,0.4094,0.2441,0.1024,0.2282,0.557,7,7,0.2148,0.2953,0.094,1.2996,1.4858,2.1741,4.9617,2.1494,3.8851,35,327,18,12,5,11,8.75,25,81.75,30,4.5,24,3.0,23,1.25,14,2.75,26,234,134,0.5726,-0.0786,0.1465,5.7761,6.18,0.4403,0.45,127,71,0.5591,0.1044,0.3059,7.3944,8.0357,0.507,0.5179,107,63,0.5888,-0.2849,-0.0563,3.9524,3.8182,0.3651,0.3636,245,135,0.551,-0.1528,-0.1167,3.9333,4.1636,0.363,0.3727,149,83,0.557,-0.0909,-0.0614,4.1084,5.0,0.3976,0.4242,96,52,0.5417,-0.2514,-0.1996,3.6538,2.9091,0.3077,0.2955,-0.2251,-0.2015,-0.2285,-0.036,-0.0295,-0.0518,16,25,10,11,8,13,18,17,17,6,7,6,12,7,22,29,15,15,20,22,23,22,2,6,1,3,2,4,18,2,9,1,4,5,11,26,4,7,10,5,4,2,28,26,25,12,11,16
SF,San Francisco 49ers,0.2906,0.545,222,0.566,122,0.0,-0.0454,0.45,0.0131,0.4531,0.0679,154,6.0,-0.0697,4.071,0.0,0.039,122.0,64.0,4,0,0,4,58.0,30.5,16.0,1,1,15,1,16,18,19,22,1,26,2,3,6,1,4-0,54.8,44.6,1,-13.5,5,-3.4,22,5.0,5.0,10.0,4,2.5,15,16,123.08026657556887,0.12999646852549115,1,9.5,17,2.965217391304348,3,149.0,94.0,923.0,5.0,1.0,0.6309,6.1946,88.8563,4.0,10.0,3.0,19.0,8.0,25.0,11.0,0.2377,0.7951,3,3,0.3279,0.2623,0.0984,0.2078,0.526,3,3,0.3117,0.2338,0.0974,1.4684,1.3333,2.1983,4.696,4.0366,2.2308,17,173,9,7,1,6,4.25,2,43.25,4,2.25,2,1.75,5,0.25,1,1.5,6,222,178,0.8018,0.2813,0.3281,7.0618,6.9091,0.5281,0.6136,122,97,0.7951,0.5409,0.6636,9.2268,9.08,0.6186,0.64,100,81,0.81,-0.0295,-0.1133,4.4691,4.0526,0.4198,0.5789,256,159,0.6211,-0.0785,0.1633,4.0629,6.0825,0.3836,0.567,154,81,0.526,-0.0494,0.1981,4.284,7.0137,0.3333,0.5342,102,78,0.7647,-0.1088,0.0572,3.8333,3.25,0.4359,0.6667,-0.0468,-0.1227,0.0838,-0.2418,-0.2475,-0.166,2,1,2,1,6,2,1,2,1,1,1,4,1,1,3,9,23,8,16,12,4,10,4,28,2,24,4,31,22,3,26,2,22,1,28,2,14,25,15,6,26,32,18,21,9,4,4,14
TB,Tampa Bay Buccaneers,-0.1535,0.3866,238,-0.2111,158,16.0,-0.0399,0.375,-0.0592,0.4009,0.0441,136,6.0,-0.2226,-7.6678,0.1013,0.0441,76.0,96.0,0,4,0,4,-20.0,19.0,24.0,31,32,13,29,6,13,4,6,32,25,24,19,26,18,0-4,-3.7,-12.8,24,-6.8,9,2.3,14,3.0,1.0,4.0,4,1.0,28,40,156.96097748192543,0.25484041092064513,27,6.25,30,2.845360824742268,8,131.0,86.0,995.0,8.0,3.0,0.6565,7.5954,99.2525,4.0,22.0,18.0,26.0,22.0,12.0,18.0,0.2405,0.6646,5,6,0.3924,0.2468,0.0886,0.2059,0.5147,2,7,0.4191,0.1618,0.1397,1.0669,1.2205,2.7165,4.556,2.4274,4.0166,26,199,15,8,3,6,6.5,5,49.75,10,3.75,14,2.0,8,0.75,7,1.5,6,238,167,0.7017,-0.0194,-0.4691,5.3593,3.0845,0.4072,0.338,158,105,0.6646,-0.013,-0.6035,6.219,2.9057,0.4286,0.3208,80,62,0.775,-0.0302,-0.0731,3.9032,3.6111,0.371,0.3889,222,122,0.5495,-0.0193,-0.108,4.8689,5.52,0.4016,0.4,136,70,0.5147,0.0731,0.0133,5.6571,6.9394,0.4429,0.4394,86,52,0.6047,-0.1437,-0.3434,3.8077,2.7647,0.3462,0.3235,0.4497,0.5906,0.0429,0.0887,0.0599,0.1997,4,19,32,16,32,22,30,7,22,32,18,32,21,31,4,10,17,17,24,19,18,24,13,7,8,13,9,8,25,15,13,6,20,12,12,16,11,1,14,3,6,4,1,1,12,24,21,27
TEN,Tennessee Titans,-0.0906,0.4093,215,-0.1128,135,6.0,-0.0531,0.375,0.0649,0.4315,0.1964,127,8.0,-0.0732,-11.812,0.0444,0.063,55.0,83.0,0,4,0,4,-28.0,13.75,20.75,26,26,16,23,24,28,18,14,9,14,31,9,31,29,0-4,-28.5,-10.9,23,12.0,27,-5.6,30,3.0,1.0,4.0,4,1.0,28,29,133.8188556075988,0.21671086535844847,10,6.75,25,2.5555555555555554,13,109.0,80.0,901.0,4.0,2.0,0.7339,8.2661,102.2745,4.0,24.0,24.0,31.0,3.0,20.0,8.0,0.2132,0.3603,3,4,0.2206,0.2647,0.0515,0.2362,0.4724,2,7,0.2205,0.189,0.0787,1.0132,1.2511,2.7225,4.6827,4.0627,2.2509,23,165,9,6,8,4,5.75,3,41.25,3,2.25,2,1.5,2,2.0,28,1.0,2,215,98,0.4558,-0.1994,0.0005,4.1735,5.4359,0.3571,0.453,135,48,0.3556,-0.2123,-0.058,5.1042,5.7126,0.3958,0.4483,80,50,0.625,-0.187,0.1701,3.28,4.6333,0.32,0.4667,248,139,0.5605,0.0804,0.0451,4.741,6.211,0.4388,0.422,127,60,0.4724,0.1912,0.2011,6.0333,8.0448,0.4667,0.4776,121,79,0.6529,-0.0039,-0.2036,3.7595,3.2857,0.4177,0.3333,-0.1999,-0.1544,-0.3571,0.0352,-0.0098,0.1997,32,31,17,30,17,30,17,32,30,21,27,21,27,16,16,23,4,26,7,27,12,20,27,16,7,27,18,12,28,28,27,12,29,18,19,11,26,6,12,7,21,6,24,24,30,20,15,28
WAS,Washington Commanders,-0.0413,0.3876,258,0.0372,156,5.0,-0.1613,0.3725,0.0317,0.4592,0.1011,152,7.0,-0.0984,-5.553,0.0321,0.0461,88.0,122.0,1,3,0,4,-34.0,22.0,30.5,21,17,24,28,20,22,13,23,2,23,16,30,24,28,1-3,-26.1,-16.8,27,5.2,23,-4.0,26,4.0,2.0,6.0,4,1.5,26,39,155.03878672908445,0.25154995612903497,25,11.25,8,2.8813559322033897,7,143.0,90.0,1138.0,11.0,3.0,0.6294,7.958,104.5892,4.0,28.0,21.0,17.0,30.0,12.0,25.0,0.2229,0.5287,2,7,0.1975,0.242,0.051,0.2829,0.6447,3,4,0.4737,0.2303,0.0921,0.9927,1.3942,2.5949,4.4774,2.5473,3.9753,30,224,18,7,5,5,7.5,17,56.0,12,4.5,24,1.75,5,1.25,14,1.25,5,258,133,0.5155,0.1319,-0.2255,5.1053,4.656,0.4286,0.344,156,82,0.5256,0.2526,-0.2014,6.0976,5.2027,0.4268,0.3649,102,51,0.5,-0.0621,-0.2605,3.5098,3.8627,0.4314,0.3137,233,139,0.5966,0.0175,0.0528,5.5683,6.117,0.4317,0.5,152,98,0.6447,0.1085,0.0876,6.6837,7.2407,0.4592,0.5185,81,41,0.5062,-0.1999,0.0057,2.9024,4.6,0.3659,0.475,0.3574,0.454,0.1984,-0.0352,0.0209,-0.2056,27,6,31,20,28,15,28,21,7,28,19,28,22,28,27,13,29,23,19,9,30,12,19,18,20,26,15,26,6,20,18,21,24,15,26,29,8,20,3,25,9,23,2,3,4,13,18,11
