team,player_display_name,position,targets,receptions,receiving_yards,receiving_tds,tgt_share,ay_share,epa_tgt,ypt,avg_separation,avg_yac_above_expectation,avg_intended_air_yards,drops,jersey
ARI,Trey McBride,TE,46,33,242,2,0.310811,0.269519,0.196249,5.26087,2.63046,-0.153865,6.040652,1.0,85
ARI,Michael Wilson,WR,44,25,258,1,0.297297,0.447059,-0.148469,5.863636,2.771489,-0.500842,9.603182,0.0,14
ARI,Kendrick Bourne,WR,14,12,108,0,0.094595,0.059893,0.328194,7.714286,3.096103,0.98438,3.864286,1.0,17
ARI,Jeremiyah Love,RB,13,11,36,1,0.087838,0.007487,-0.127645,2.769231,,,,1.0,4
ARI,Marvin Harrison Jr.,WR,13,5,85,1,0.087838,0.216043,0.020776,6.538462,1.510405,1.074996,16.363846,1.0,18
ARI,Tyler Allgeier,RB,10,10,35,0,0.067568,-0.038503,-0.294026,3.5,,,,0.0,22
ARI,Elijah Higgins,TE,5,5,39,1,0.033784,0.010695,0.75193,7.8,,,,0.0,84
ARI,Hunter Long,TE,2,2,15,0,0.013514,0.014973,0.552854,7.5,,,,0.0,89
ATL,Drake London,WR,25,20,370,0,0.268817,0.404669,0.925332,14.8,3.558016,2.119544,8.479231,0.0,5
ATL,Bijan Robinson,RB,18,14,120,1,0.193548,-0.064202,-0.334294,6.666667,,,,0.0,7
ATL,Jahan Dotson,WR,13,6,95,1,0.139785,0.400778,-0.895553,7.307692,2.678974,-0.708765,14.880714,0.0,4
ATL,Kyle Pitts,TE,9,5,67,0,0.096774,0.132296,-0.673273,7.444444,,,,0.0,8
ATL,Austin Hooper,TE,7,5,40,1,0.075269,0.040856,0.929286,5.714286,,,,0.0,81
ATL,Olamide Zaccheaus,WR,7,4,17,0,0.075269,0.029183,-0.571092,2.428571,,,,0.0,14
ATL,Zachariah Branch,WR,6,5,31,0,0.064516,0.01751,-0.012186,5.166667,,,,0.0,17
ATL,Brian Robinson,RB,3,3,21,0,0.032258,-0.007782,0.448592,7.0,,,,0.0,15
ATL,Chris Blair,WR,3,1,6,0,0.032258,0.046693,-0.250544,2.0,,,,1.0,19
ATL,Charlie Woerner,TE,2,0,0,0,0.021505,0.0,-0.643472,0.0,,,,0.0,89
BAL,Mark Andrews,TE,24,18,149,1,0.235294,0.178054,0.301169,6.208333,3.446709,-0.274656,7.27375,2.0,89
BAL,Zay Flowers,WR,22,18,352,2,0.215686,0.231884,1.090197,16.0,2.845878,3.833203,9.376818,2.0,4
BAL,Rashod Bateman,WR,15,11,171,1,0.147059,0.208075,0.730481,11.4,3.384989,-0.290045,12.95,0.0,7
BAL,Derrick Henry,RB,7,7,44,0,0.068627,-0.031056,0.106024,6.285714,,,,0.0,22
BAL,Chris Moore,WR,6,3,63,1,0.058824,0.170807,0.391596,10.5,,,,0.0,17
BAL,Justice Hill,RB,6,5,44,0,0.058824,-0.015528,0.268102,7.333333,,,,0.0,43
BAL,Devontez Walker,WR,5,2,66,0,0.04902,0.153209,0.703036,13.2,,,,1.0,81
BAL,Matthew Hibner,TE,5,5,70,1,0.04902,0.02588,1.337155,14.0,,,,0.0,88
BAL,LaJohntay Wester,WR,4,3,29,0,0.039216,0.021739,0.004964,7.25,,,,0.0,10
BAL,Ja'Kobi Lane,WR,3,1,11,0,0.029412,0.031056,-1.339854,3.666667,,,,0.0,6
BAL,Durham Smythe,TE,2,1,4,0,0.019608,0.001035,-0.374504,2.0,,,,0.0,80
BAL,Elijah Sarratt,WR,2,1,13,0,0.019608,0.021739,0.141132,6.5,,,,0.0,13
BUF,Khalil Shakir,WR,23,15,176,0,0.205357,0.134039,0.06464,7.652174,4.030476,-0.173723,5.872174,2.0,10
BUF,DJ Moore,WR,20,12,178,1,0.178571,0.267196,0.318724,8.9,2.739463,1.138001,15.147,0.0,2
BUF,Dalton Kincaid,TE,19,15,270,1,0.169643,0.210758,0.618482,14.210526,3.177434,2.432311,11.857895,1.0,86
BUF,Keon Coleman,WR,16,14,217,1,0.142857,0.180776,1.119691,13.5625,3.154519,-0.448938,11.885,0.0,0
BUF,James Cook,RB,10,6,24,0,0.089286,-0.007055,-0.238094,2.4,,,,0.0,4
BUF,Josh Palmer,WR,9,3,80,2,0.080357,0.186067,0.400441,8.888889,,,,2.0,5
BUF,Ty Johnson,RB,6,6,59,0,0.053571,0.0,1.272343,9.833333,,,,0.0,26
BUF,Dawson Knox,TE,6,6,30,1,0.053571,0.0097,0.425651,5.0,,,,0.0,88
CAR,Tetairoa McMillan,WR,39,26,385,2,0.265306,0.331357,0.40766,9.871795,2.90803,-0.052784,11.711282,0.0,4
CAR,Jalen Coker,WR,22,18,222,2,0.14966,0.186805,0.575517,10.090909,2.77905,-0.406085,11.475909,0.0,18
CAR,Darren Waller,TE,19,13,148,2,0.129252,0.104522,0.444287,7.789474,3.274842,0.365374,8.28,1.0,88
CAR,Tommy Tremble,TE,15,11,82,0,0.102041,0.05189,-0.044639,5.466667,2.575149,1.002141,4.556667,0.0,82
CAR,Chuba Hubbard,RB,11,10,84,2,0.07483,-0.009637,0.959136,7.636364,,,,0.0,30
CAR,John Metchie III,WR,10,5,56,1,0.068027,0.060044,0.670037,5.6,,,,0.0,13
CAR,Brycen Tremayne,WR,9,6,115,0,0.061224,0.107487,0.743604,12.777778,,,,1.0,87
CAR,Mitchell Evans,TE,7,6,66,0,0.047619,0.024463,0.364697,9.428571,,,,0.0,84
CAR,Xavier Legette,WR,6,2,64,0,0.040816,0.071905,0.347725,10.666667,,,,1.0,17
CAR,Jonathon Brooks,RB,3,2,43,0,0.020408,0.017791,0.023122,14.333333,,,,0.0,25
CAR,AJ Dillon,RB,2,2,3,0,0.013605,-0.001483,-0.728013,1.5,,,,0.0,28
CAR,David Moore,WR,2,0,0,0,0.013605,0.043736,-0.374816,0.0,,,,0.0,83
CHI,Luther Burden III,WR,29,19,219,1,0.239669,0.282325,0.004774,7.551724,2.478057,0.658719,7.885172,0.0,10
CHI,Kalif Raymond,WR,23,21,220,1,0.190083,0.154211,0.793798,9.565217,4.266281,0.293631,5.71,0.0,14
CHI,Rome Odunze,WR,20,14,233,0,0.165289,0.361803,0.547571,11.65,2.294059,0.345418,14.9355,2.0,15
CHI,Colston Loveland,TE,18,11,91,0,0.14876,0.120996,-0.272211,5.055556,2.921931,0.531337,6.060556,0.0,84
CHI,D'Andre Swift,RB,11,10,84,0,0.090909,-0.02847,0.472394,7.636364,,,,0.0,4
CHI,Cole Kmet,TE,7,4,48,1,0.057851,0.084223,0.505143,6.857143,,,,0.0,85
CHI,Sam Roush,TE,5,3,33,0,0.041322,0.017794,0.607845,6.6,,,,2.0,87
CHI,Kyle Monangai,RB,5,5,39,0,0.041322,0.004745,0.096742,7.8,,,,0.0,25
CIN,Tee Higgins,WR,39,25,401,1,0.251613,0.462289,0.631625,10.282051,2.546034,1.003592,13.326154,1.0,5
CIN,Ja'Marr Chase,WR,28,21,212,3,0.180645,0.200532,0.561646,7.571429,2.749005,0.989061,8.429643,0.0,1
CIN,Chase Brown,RB,24,21,103,0,0.154839,-0.017746,-0.266737,4.291667,,,,0.0,30
CIN,Dohnte Meyers,WR,16,11,129,0,0.103226,0.074534,0.11588,8.0625,4.208968,0.99254,5.029375,2.0,81
CIN,Mike Gesicki,TE,15,11,155,3,0.096774,0.138421,1.015466,10.333333,3.055965,-0.040121,10.742,0.0,88
CIN,Samaje Perine,RB,8,5,51,0,0.051613,0.014197,0.115603,6.375,,,,1.0,34
CIN,Mitchell Tinsley,WR,7,3,49,0,0.045161,0.087844,-0.563937,7.0,,,,1.0,82
CIN,Drew Sample,TE,5,4,19,0,0.032258,0.002662,-0.028527,3.8,,,,0.0,89
CIN,Andrei Iosivas,WR,4,3,19,0,0.025806,0.018634,-2.168284,4.75,,,,0.0,80
CIN,Tanner Hudson,TE,4,4,19,0,0.025806,0.01331,-0.111767,4.75,,,,0.0,87
CIN,Erick All,TE,3,2,5,0,0.019355,-0.000887,-0.322578,1.666667,,,,0.0,83
CIN,Colbie Young,WR,2,2,9,0,0.012903,0.006211,-0.370468,4.5,,,,0.0,86
CLE,KC Concepcion,WR,28,17,144,0,0.243478,0.230975,-0.036088,5.142857,3.369677,-0.260575,6.216786,0.0,1
CLE,Harold Fannin Jr.,TE,23,17,153,3,0.2,0.186916,0.541919,6.652174,5.778172,1.040014,6.042609,2.0,44
CLE,Denzel Boston,WR,22,13,284,2,0.191304,0.511348,0.694112,12.909091,2.25105,4.281797,17.774091,1.0,12
CLE,Quinshon Judkins,RB,16,15,96,0,0.13913,-0.037383,0.275611,6.0,,,,0.0,10
CLE,Raheim Sanders,RB,11,10,73,0,0.095652,-0.021362,0.023372,6.636364,,,,0.0,23
CLE,Jerry Jeudy,WR,8,5,62,0,0.069565,0.097463,-0.614056,7.75,,,,0.0,3
CLE,Blake Whiteheart,TE,3,2,31,1,0.026087,0.016021,1.186628,10.333333,,,,0.0,86
CLE,Isaiah Bond,WR,2,2,12,0,0.017391,0.012016,-0.08075,6.0,,,,0.0,0
DAL,CeeDee Lamb,WR,46,37,498,4,0.319444,0.456754,0.905258,10.826087,3.089756,0.492973,10.62413,1.0,88
DAL,George Pickens,WR,28,18,225,0,0.194444,0.330418,0.363037,8.035714,2.344931,0.031616,11.870357,3.0,3
DAL,Ryan Flournoy,WR,23,13,104,0,0.159722,0.119534,0.156177,4.521739,3.267494,-0.147574,6.330435,1.0,19
DAL,Javonte Williams,RB,17,15,77,1,0.118056,-0.030126,0.049811,4.529412,,,,0.0,33
DAL,Jake Ferguson,TE,15,12,83,3,0.104167,0.063168,0.100506,5.533333,3.946085,-0.745663,4.502667,0.0,87
DAL,Brevyn Spann-Ford,TE,4,3,33,0,0.027778,0.005831,0.258179,8.25,,,,0.0,89
DAL,Jonathan Mingo,WR,3,1,10,0,0.020833,0.026239,-0.218409,3.333333,,,,0.0,18
DAL,KaVontae Turpin,WR,3,2,17,0,0.020833,0.015549,0.61852,5.666667,,,,0.0,9
DAL,Luke Schoonmaker,TE,2,2,21,0,0.013889,0.017493,0.83602,10.5,,,,0.0,86
DAL,Tyler Goodson,RB,2,1,-5,0,0.013889,-0.006803,-0.754912,-2.5,,,,0.0,32
DEN,Jaylen Waddle,WR,26,16,185,1,0.208,0.368842,0.086457,7.115385,3.967588,-0.503918,10.355385,3.0,17
DEN,Courtland Sutton,WR,22,9,86,0,0.176,0.335553,-0.518629,3.909091,2.45186,0.611054,12.269091,0.0,14
DEN,RJ Harvey,RB,21,20,132,0,0.168,-0.078562,0.049606,6.285714,,,,0.0,12
DEN,Evan Engram,TE,13,6,66,1,0.104,0.081225,0.013087,5.076923,3.40799,-2.532106,6.019231,0.0,1
DEN,Pat Bryant,WR,12,9,133,1,0.096,0.106525,1.028871,11.083333,,,,1.0,13
DEN,Tyler Badie,RB,6,5,72,0,0.048,0.006658,0.707103,12.0,,,,0.0,28
DEN,Nate Adkins,TE,5,4,40,2,0.04,0.039947,1.055453,8.0,,,,0.0,45
DEN,Adam Trautman,TE,4,2,10,0,0.032,-0.001332,-0.298886,2.5,,,,0.0,82
DEN,J.K. Dobbins,RB,4,3,16,0,0.032,0.0,0.035594,4.0,,,,0.0,27
DEN,Troy Franklin,WR,4,2,48,0,0.032,0.095872,0.1096,12.0,,,,0.0,11
DEN,Jonah Coleman,RB,3,3,19,0,0.024,0.0,0.099335,6.333333,,,,0.0,20
DEN,Marvin Mims Jr.,WR,3,1,10,0,0.024,0.023968,-0.032776,3.333333,,,,0.0,19
DET,Amon-Ra St. Brown,WR,46,31,303,5,0.289308,0.304739,0.175641,6.586957,2.860401,-0.454301,8.288696,0.0,14
DET,Sam LaPorta,TE,32,22,228,2,0.201258,0.153595,0.583209,7.125,3.49451,0.014162,7.159688,0.0,87
DET,Jahmyr Gibbs,RB,28,22,187,2,0.176101,0.045752,0.227738,6.678571,,,,2.0,0
DET,Jameson Williams,WR,25,16,229,0,0.157233,0.294935,0.495761,9.16,2.794477,-0.060967,14.4972,4.0,1
DET,Isaac TeSlaa,WR,17,9,187,0,0.106918,0.178105,0.511353,11.0,3.918798,-0.370656,14.488824,0.0,18
DET,Brock Wright,TE,5,4,20,0,0.031447,0.012255,-0.024349,4.0,,,,0.0,89
DET,Sione Vaki,RB,5,4,52,0,0.031447,0.006536,0.665268,10.4,,,,1.0,33
GB,Matthew Golden,WR,37,18,274,2,0.246667,0.39117,0.135684,7.405405,2.572549,1.306409,14.423243,4.0,0
GB,Christian Watson,WR,32,20,331,4,0.213333,0.253292,0.311731,10.34375,2.525727,3.534553,10.563125,2.0,9
GB,Tucker Kraft,TE,24,15,148,1,0.16,0.101472,0.150475,6.166667,3.26146,0.909681,5.192083,3.0,85
GB,Skyy Moore,WR,13,6,35,0,0.086667,0.054996,-0.272046,2.692308,4.244617,-0.281487,5.878462,1.0,23
GB,MarShawn Lloyd,RB,11,9,49,1,0.073333,-0.006971,0.082663,4.454545,,,,0.0,32
GB,Jayden Reed,WR,8,4,24,0,0.053333,0.034857,-0.162895,3.0,,,,0.0,11
GB,Jonnu Smith,TE,7,5,85,0,0.046667,0.043377,0.322941,12.142857,,,,0.0,18
GB,Chris Brooks,RB,5,3,24,0,0.033333,-0.005422,0.097169,4.8,,,,0.0,30
GB,J. Michael Sturdivant,WR,4,3,22,0,0.026667,0.059644,0.597863,5.5,,,,0.0,87
GB,Bo Melton,WR,4,1,10,0,0.026667,0.05732,-0.45486,2.5,,,,1.0,16
GB,Kaleb Johnson,RB,3,1,10,0,0.02,-0.000775,-0.155432,3.333333,,,,0.0,26
GB,Mark Redman,TE,2,2,29,0,0.013333,0.017041,0.848055,14.5,,,,0.0,86
HOU,Dalton Schultz,TE,27,21,214,0,0.195652,0.118732,0.264059,7.925926,4.000651,-0.261348,5.731111,0.0,86
HOU,Xavier Hutchinson,WR,26,12,166,0,0.188406,0.266224,0.057948,6.384615,2.404683,0.154651,13.777308,0.0,19
HOU,Nico Collins,WR,18,14,193,3,0.130435,0.171091,0.796055,10.722222,1.816828,-0.118273,13.713889,0.0,12
HOU,Kayshon Boutte,WR,13,9,115,0,0.094203,0.117994,0.319581,8.846154,2.006846,-1.417882,12.573846,0.0,14
HOU,Jaylin Noel,WR,12,8,186,0,0.086957,0.111357,0.732488,15.5,,,,0.0,13
HOU,Jared Wayne,WR,12,4,65,0,0.086957,0.136431,-0.300913,5.416667,,,,1.0,17
HOU,Foster Moreau,TE,9,7,57,1,0.065217,0.022124,0.260642,6.333333,,,,0.0,87
HOU,Woody Marks,RB,9,7,31,0,0.065217,0.014749,-0.241059,3.444444,,,,0.0,4
HOU,David Montgomery,RB,7,7,67,1,0.050725,0.018437,0.652834,9.571429,,,,0.0,32
HOU,Cade Stover,TE,2,2,18,0,0.014493,-0.000737,0.175025,9.0,,,,0.0,8
IND,Josh Downs,WR,28,17,202,0,0.227642,0.370518,0.486253,7.214286,2.813758,1.538745,9.711786,0.0,2
IND,Tyler Warren,TE,27,23,130,2,0.219512,0.078353,0.135298,4.814815,3.951307,-0.526619,2.208148,3.0,84
IND,Keenan Allen,WR,20,13,100,1,0.162602,0.164675,-0.116008,5.0,2.306728,0.335833,6.1735,0.0,10
IND,Jonathan Taylor,RB,15,10,69,0,0.121951,-0.034529,-0.371786,4.6,,,,0.0,28
IND,Laquon Treadwell,WR,11,9,123,0,0.089431,0.163347,0.227905,11.181818,,,,0.0,13
IND,Alec Pierce,WR,7,5,72,0,0.056911,0.150066,0.366547,10.285714,,,,0.0,14
IND,Ashton Dulin,WR,7,3,29,0,0.056911,0.050465,-0.800155,4.142857,,,,0.0,16
IND,Seth McGowan,RB,3,2,7,0,0.02439,0.003984,-0.578591,2.333333,,,,1.0,20
IND,Deion Burks,WR,2,1,6,0,0.01626,0.043825,-0.926702,3.0,,,,0.0,80
IND,Andrew Ogletree,TE,2,0,0,0,0.01626,0.009296,-0.583235,0.0,,,,1.0,85
JAX,Parker Washington,WR,26,16,228,2,0.262626,0.436905,0.421804,8.769231,2.124376,-1.341169,13.678077,0.0,11
JAX,Brenton Strange,TE,18,14,167,1,0.181818,0.167857,0.303976,9.277778,3.653278,0.76291,8.022222,1.0,85
JAX,Jakobi Meyers,WR,15,13,165,2,0.151515,0.177381,1.217548,11.0,3.28771,0.709956,11.014667,0.0,3
JAX,Brian Thomas Jr.,WR,14,9,105,1,0.141414,0.175,0.360837,7.5,2.961576,-0.944981,13.4,2.0,7
JAX,Bhayshul Tuten,RB,7,7,54,0,0.070707,-0.02619,0.144757,7.714286,,,,0.0,33
JAX,Josh Cameron,WR,6,5,74,2,0.060606,0.053571,1.243758,12.333333,,,,1.0,19
JAX,Nate Boerkircher,TE,4,2,24,0,0.040404,0.017857,0.220569,6.0,,,,0.0,87
JAX,Ameer Abdullah,RB,3,2,2,0,0.030303,-0.014286,-0.533599,0.666667,,,,0.0,20
JAX,LeQuint Allen Jr.,RB,3,2,9,0,0.030303,0.009524,-0.947044,3.0,,,,0.0,5
JAX,Quintin Morris,TE,2,1,7,0,0.020202,0.005952,-0.006826,3.5,,,,1.0,80
KC,Xavier Worthy,WR,22,14,133,1,0.186441,0.248815,-0.1518,6.045455,3.536263,-0.400619,9.570455,0.0,1
KC,Travis Kelce,TE,22,16,246,2,0.186441,0.156398,0.743763,11.181818,3.561181,3.52447,6.452727,1.0,87
KC,Kenneth Walker III,RB,19,12,84,2,0.161017,-0.001185,-0.00371,4.421053,,,,2.0,9
KC,Rashee Rice,WR,17,13,190,1,0.144068,0.149289,0.217209,11.176471,4.127047,1.887251,6.934118,0.0,4
KC,Tyquan Thornton,WR,15,11,219,2,0.127119,0.332938,1.269127,14.6,2.581786,1.880442,17.430667,1.0,2
KC,Noah Gray,TE,8,6,61,0,0.067797,0.060427,0.152455,7.625,,,,0.0,83
KC,Emmett Johnson,RB,5,5,74,0,0.042373,-0.021327,1.122062,14.8,,,,0.0,10
KC,Jalen Royals,WR,5,3,17,1,0.042373,0.03436,0.173728,3.4,,,,0.0,11
KC,Cyrus Allen,WR,2,0,0,0,0.016949,0.031991,-1.260248,0.0,,,,0.0,13
KC,Jake Briningstool,TE,2,1,9,0,0.016949,0.011848,0.106122,4.5,,,,0.0,88
LA,Davante Adams,WR,38,22,390,2,0.24359,0.40613,0.392648,10.263158,2.282135,1.657476,15.736316,2.0,17
LA,Kyren Williams,RB,25,21,173,1,0.160256,0.065134,0.037497,6.92,,,,1.0,23
LA,Puka Nacua,WR,21,14,199,0,0.134615,0.160281,0.05282,9.47619,1.666951,3.015281,11.407619,0.0,12
LA,Tyler Higbee,TE,19,15,141,1,0.121795,0.096424,0.119773,7.421053,2.469664,-0.580259,7.562632,0.0,89
LA,Konata Mumpfield,WR,14,6,112,1,0.089744,0.14751,-0.010995,8.0,2.348726,2.828317,15.624286,1.0,4
LA,Terrance Ferguson,TE,12,7,63,1,0.076923,0.050447,-0.025462,5.25,,,,2.0,18
LA,Blake Corum,RB,7,4,20,0,0.044872,-0.001277,-0.23565,2.857143,,,,2.0,24
LA,Davis Allen,TE,7,4,39,0,0.044872,0.020434,0.295346,5.571429,,,,0.0,87
LA,Colby Parkinson,TE,5,3,21,0,0.032051,0.005747,0.127837,4.2,,,,0.0,84
LA,Tutu Atwell,WR,3,2,27,0,0.019231,0.038953,0.635682,9.0,,,,0.0,8
LA,Jordan Whittington,WR,3,2,12,0,0.019231,0.00894,-0.206092,4.0,,,,0.0,88
LAC,Tre Harris,WR,21,13,209,0,0.179487,0.240038,0.280098,9.952381,3.426019,0.256784,11.862381,0.0,9
LAC,Quentin Johnston,WR,19,7,108,0,0.162393,0.224858,0.000799,5.684211,2.762187,-0.681652,13.203158,2.0,1
LAC,Ladd McConkey,WR,17,12,183,1,0.145299,0.216319,0.628551,10.764706,3.098108,0.257129,13.497647,1.0,15
LAC,Oronde Gadsden II,TE,15,9,86,1,0.128205,0.089184,-0.386008,5.733333,3.938784,-0.383356,6.846667,1.0,86
LAC,Keaton Mitchell,RB,10,9,34,1,0.08547,-0.014231,0.41434,3.4,,,,1.0,34
LAC,David Njoku,TE,8,6,67,0,0.068376,0.050285,-0.632638,8.375,,,,1.0,83
LAC,Kimani Vidal,RB,6,3,25,1,0.051282,0.009488,-0.114912,4.166667,,,,1.0,28
LAC,Omarion Hampton,RB,5,4,29,0,0.042735,-0.014231,0.694145,5.8,,,,0.0,8
LAC,Alec Ingold,FB,4,3,35,0,0.034188,0.037002,0.27406,8.75,,,,0.0,30
LAC,Brenen Thompson,WR,3,1,13,0,0.025641,0.041746,-0.284164,4.333333,,,,1.0,89
LAC,Derius Davis,WR,3,1,6,0,0.025641,0.071157,-1.85678,2.0,,,,0.0,12
LAC,Charlie Kolar,TE,3,3,21,0,0.025641,0.010436,0.420816,7.0,,,,0.0,88
LAC,Marquez Valdes-Scantling,WR,2,0,0,0,0.017094,0.029412,-3.008266,0.0,,,,0.0,13
LV,Ashton Jeanty,RB,24,19,165,2,0.176471,0.035537,-0.064317,6.875,,,,3.0,2
LV,Michael Mayer,TE,24,20,169,1,0.176471,0.095868,0.264228,7.041667,3.646777,-0.483263,5.22125,0.0,87
LV,Brock Bowers,TE,24,16,202,2,0.176471,0.209917,0.568286,8.416667,2.052377,0.499198,10.4756,1.0,89
LV,Tre Tucker,WR,23,15,233,1,0.169118,0.295041,0.353762,10.130435,2.332631,-0.314962,14.881739,0.0,1
LV,Jalen Nailor,WR,11,5,52,0,0.080882,0.11157,0.026025,4.727273,,,,1.0,9
LV,Cody White,WR,10,5,64,3,0.073529,0.079339,0.92331,6.4,,,,1.0,82
LV,Jack Bech,WR,6,5,48,1,0.044118,0.041322,-0.239377,8.0,,,,0.0,18
LV,Malik Benson,WR,4,1,6,0,0.029412,0.080992,-0.847536,1.5,,,,0.0,19
LV,Ian Thomas,TE,3,3,43,1,0.022059,0.021488,1.430559,14.333333,,,,0.0,80
LV,Dareke Young,WR,3,2,36,0,0.022059,0.020661,0.524456,12.0,,,,0.0,81
LV,Mike Washington Jr.,RB,3,1,-1,0,0.022059,0.007438,-0.848678,-0.333333,,,,1.0,4
MIA,Malik Washington,WR,28,17,219,0,0.27451,0.3083,-0.049342,7.821429,3.462395,1.1512,10.238214,0.0,6
MIA,Chris Bell,WR,13,5,92,0,0.127451,0.247036,0.007465,7.076923,1.93325,3.788891,17.985714,0.0,18
MIA,Greg Dulcich,TE,12,9,90,0,0.117647,0.067194,0.220147,7.5,,,,0.0,85
MIA,De'Von Achane,RB,12,7,49,0,0.117647,0.037549,0.011514,4.083333,,,,1.0,28
MIA,Kevin Coleman Jr.,WR,10,2,6,0,0.098039,0.140316,-0.97676,0.6,,,,0.0,21
MIA,Caleb Douglas,WR,10,7,113,0,0.098039,0.112648,0.351477,11.3,,,,1.0,7
MIA,Ollie Gordon II,RB,5,5,14,0,0.04902,-0.01581,-0.217378,2.8,,,,0.0,0
MIA,Will Kacmarek,TE,4,2,19,0,0.039216,0.02668,-0.213737,4.75,,,,0.0,89
MIA,Ryan Miller,WR,4,3,92,1,0.039216,0.04249,1.708066,23.0,,,,0.0,84
MIA,DJ Herman,RB,3,1,18,0,0.029412,0.035573,0.132164,6.0,,,,0.0,34
MIN,T.J. Hockenson,TE,26,22,195,1,0.26,0.242091,0.633932,7.5,3.288509,-0.979,6.295385,0.0,87
MIN,Jordan Addison,WR,22,11,163,1,0.22,0.37414,-0.101837,7.409091,2.975997,1.592877,13.758636,1.0,3
MIN,Justin Jefferson,WR,17,13,179,2,0.17,0.259972,0.924834,10.529412,2.876246,1.393314,11.594118,0.0,18
MIN,Aaron Jones,RB,15,9,68,0,0.15,-0.001376,-0.228013,4.533333,,,,2.0,33
MIN,Josh Oliver,TE,5,3,46,0,0.05,0.024759,0.315708,9.2,,,,0.0,84
MIN,Jauan Jennings,WR,4,2,9,0,0.04,0.077029,-1.67215,2.25,,,,0.0,14
MIN,DeeJay Dallas,RB,3,3,23,0,0.03,0.0,-0.610149,7.666667,,,,0.0,31
MIN,Myles Price,WR,3,2,6,0,0.03,0.005502,-0.431431,2.0,,,,0.0,4
MIN,Tai Felton,WR,3,1,14,0,0.03,0.022008,-0.39105,4.666667,,,,0.0,13
NE,Mack Hollins,WR,20,15,209,0,0.169492,0.268535,0.644246,10.45,2.657478,0.847438,14.915,0.0,13
NE,Romeo Doubs,WR,20,12,203,2,0.169492,0.291139,0.42369,10.15,3.564825,0.470475,15.9575,1.0,87
NE,DeMario Douglas,WR,17,9,82,0,0.144068,0.162749,-0.069761,4.823529,3.737538,-0.128713,12.168824,0.0,3
NE,Rhamondre Stevenson,RB,16,12,90,0,0.135593,-0.006329,-0.298584,5.625,,,,1.0,38
NE,Hunter Henry,TE,15,12,133,0,0.127119,0.107595,0.005271,8.866667,3.252874,0.562514,7.514667,0.0,85
NE,Kyle Williams,WR,7,2,44,0,0.059322,0.084991,-0.913291,6.285714,,,,0.0,18
NE,Efton Chism III,WR,7,4,41,1,0.059322,0.0434,-0.395498,5.857143,,,,0.0,86
NE,Eli Raridon,TE,4,3,44,1,0.033898,0.037071,0.91614,11.0,,,,0.0,82
NE,A.J. Brown,WR,4,3,26,0,0.033898,0.017179,0.31277,6.5,,,,0.0,1
NE,TreVeyon Henderson,RB,3,1,6,0,0.025424,0.0,-0.270899,2.0,,,,0.0,32
NE,Lan Larison,RB,2,2,9,0,0.016949,-0.002712,0.038157,4.5,,,,0.0,34
NE,Reggie Gilliam,RB,2,1,4,0,0.016949,-0.000904,-0.309093,2.0,,,,0.0,44
NO,Chris Olave,WR,48,35,491,1,0.280702,0.451253,0.730063,10.229167,2.94672,-0.477747,13.086042,1.0,12
NO,Devaughn Vele,WR,31,21,226,2,0.181287,0.220056,0.455315,7.290323,2.116488,-0.304,10.819032,1.0,14
NO,Juwan Johnson,TE,27,21,232,3,0.157895,0.112813,0.445408,8.592593,3.793404,1.411727,6.329259,0.0,83
NO,Alvin Kamara,RB,14,11,47,0,0.081871,0.003482,-0.293116,3.357143,,,,1.0,41
NO,Bryce Lance,WR,13,5,57,0,0.076023,0.149025,-0.705612,4.384615,2.291264,-0.628525,15.989231,0.0,18
NO,Travis Etienne,RB,13,11,51,0,0.076023,-0.006267,-0.034602,3.923077,,,,0.0,3
NO,Noah Fant,TE,12,8,66,3,0.070175,0.042479,-0.322115,5.5,,,,0.0,87
NO,Kendre Miller,RB,6,4,15,0,0.035088,0.000696,-0.3988,2.5,,,,1.0,5
NO,CJ Donaldson,RB,4,3,3,0,0.023392,0.005571,-0.41502,0.75,,,,0.0,43
NYG,Isaiah Likely,TE,35,22,190,2,0.315315,0.236258,0.161528,5.428571,2.727036,0.043388,6.756857,1.0,9
NYG,Malik Nabers,WR,26,18,208,1,0.234234,0.287367,0.225496,8.0,2.951239,-0.712772,11.446154,0.0,1
NYG,Malachi Fields,WR,15,8,126,1,0.135135,0.266152,0.040235,8.4,2.08472,0.583936,17.387333,0.0,88
NYG,Darnell Mooney,WR,10,6,95,0,0.09009,0.111861,0.535178,9.5,,,,0.0,17
NYG,Cam Skattebo,RB,9,8,67,0,0.081081,0.030858,0.147755,7.444444,,,,1.0,44
NYG,Theo Johnson,TE,6,2,20,1,0.054054,0.065574,-0.05451,3.333333,,,,0.0,84
NYG,Devin Singletary,RB,5,4,22,1,0.045045,-0.016393,0.394271,4.4,,,,0.0,26
NYG,Patrick Ricard,RB,3,1,1,0,0.027027,-0.000964,-0.604421,0.333333,,,,0.0,45
NYJ,Garrett Wilson,WR,31,24,270,2,0.281818,0.40856,0.429193,8.709677,2.267253,-0.731781,10.013226,0.0,5
NYJ,Kenyon Sadiq,TE,18,12,143,1,0.163636,0.125811,0.196469,7.944444,4.853854,0.037743,5.819444,1.0,16
NYJ,Adonai Mitchell,WR,15,9,123,0,0.136364,0.307393,0.576284,8.2,2.685909,-0.879669,15.824667,2.0,15
NYJ,Isaiah Williams,WR,12,10,135,1,0.109091,0.108949,0.681635,11.25,,,,1.0,18
NYJ,Breece Hall,RB,10,10,102,0,0.090909,0.0,0.8536,10.2,,,,0.0,20
NYJ,Jeremy Ruckert,TE,8,8,48,1,0.072727,0.007782,0.41895,6.0,,,,0.0,89
NYJ,Braelon Allen,RB,7,6,19,0,0.063636,-0.002594,-0.249575,2.714286,,,,0.0,0
NYJ,Mason Taylor,TE,3,2,-2,0,0.027273,0.001297,-0.794136,-0.666667,,,,1.0,85
NYJ,Sterling Shepard,WR,2,1,3,0,0.018182,0.005188,-0.301295,1.5,,,,0.0,87
NYJ,Jelani Woods,TE,2,2,31,0,0.018182,0.027237,1.098886,15.5,,,,0.0,86
PHI,DeVonta Smith,WR,27,19,235,1,0.254717,0.366629,0.047924,8.703704,2.718483,0.164356,12.513704,0.0,6
PHI,Dontayvion Wicks,WR,20,12,197,1,0.188679,0.282633,0.527271,9.85,2.910231,1.296819,13.144,1.0,13
PHI,Makai Lemon,WR,15,10,65,0,0.141509,0.102157,-0.09582,4.333333,2.867225,-1.911676,6.442667,0.0,9
PHI,Darius Cooper,WR,10,5,59,3,0.09434,0.139614,0.242788,5.9,,,,0.0,80
PHI,Dallas Goedert,TE,7,5,81,2,0.066038,0.063564,1.097243,11.571429,,,,0.0,88
PHI,Saquon Barkley,RB,7,4,8,0,0.066038,-0.00227,-0.395589,1.142857,,,,0.0,26
PHI,Will Shipley,RB,6,4,24,0,0.056604,0.014756,-0.407897,4.0,,,,0.0,28
PHI,Zach Ertz,TE,6,3,22,0,0.056604,0.039728,-0.390156,3.666667,,,,0.0,86
PHI,Tank Bigsby,RB,4,3,10,0,0.037736,-0.009081,-1.392191,2.5,,,,0.0,8
PHI,Johnny Mundt,TE,4,3,12,0,0.037736,0.00227,-0.731183,3.0,,,,0.0,83
PIT,DK Metcalf,WR,33,16,213,1,0.229167,0.377387,-0.016283,6.454545,2.128191,0.941148,13.577273,3.0,4
PIT,Roman Wilson,WR,24,14,188,2,0.166667,0.281131,0.30779,7.833333,2.626806,-0.022003,14.634583,1.0,14
PIT,Jaylen Warren,RB,20,13,143,0,0.138889,-0.011459,-0.146637,7.15,,,,1.0,30
PIT,Pat Freiermuth,TE,19,14,125,2,0.131944,0.118411,0.17294,6.578947,3.175869,1.325789,8.170526,0.0,88
PIT,Darnell Washington,TE,13,9,119,1,0.090278,0.05042,0.381789,9.153846,2.566775,5.538373,5.444615,0.0,80
PIT,Michael Pittman,WR,12,7,89,0,0.083333,0.086325,0.198534,7.416667,,,,2.0,11
PIT,Germie Bernard,WR,11,7,60,0,0.076389,0.071047,-0.216568,5.454545,,,,1.0,17
PIT,Rico Dowdle,RB,7,4,28,0,0.048611,0.004584,-0.276701,4.0,,,,0.0,13
PIT,Ben Skowronek,WR,4,3,32,1,0.027778,0.022154,0.434257,8.0,,,,0.0,15
SEA,Jaxon Smith-Njigba,WR,42,32,481,6,0.365217,0.499397,0.77377,11.452381,2.548543,0.717561,10.551667,2.0,11
SEA,Rashid Shaheed,WR,15,7,73,0,0.130435,0.200241,-0.494506,4.866667,2.990507,-1.427785,10.417333,1.0,22
SEA,AJ Barner,TE,15,9,102,0,0.130435,0.04222,-0.531667,6.8,3.456909,2.113079,2.484,1.0,88
SEA,Cooper Kupp,WR,12,9,114,1,0.104348,0.138721,0.490116,9.5,,,,0.0,10
SEA,George Holani,RB,8,7,52,0,0.069565,-0.007238,0.154523,6.5,,,,0.0,36
SEA,Jadarian Price,RB,7,4,21,0,0.06087,0.049457,-0.080324,3.0,,,,1.0,8
SEA,Emanuel Wilson,RB,5,3,39,1,0.043478,-0.015682,-0.668662,7.8,,,,0.0,23
SEA,Tory Horton,WR,4,4,54,1,0.034783,0.057901,1.302328,13.5,,,,0.0,15
SEA,Eric Saubert,TE,3,2,3,1,0.026087,-0.004825,-0.059913,1.0,,,,0.0,81
SEA,Brady Russell,RB,3,3,40,0,0.026087,0.022919,0.992554,13.333333,,,,0.0,38
SF,Mike Evans,WR,24,17,213,2,0.218182,0.363741,1.033981,8.875,1.780626,-0.727296,13.29125,1.0,5
SF,George Kittle,TE,22,16,244,4,0.2,0.212471,0.681281,11.090909,3.18186,3.189468,7.985,0.0,85
SF,Christian McCaffrey,RB,22,16,122,0,0.2,0.06351,0.123076,5.545455,,,,0.0,23
SF,Deebo Samuel Sr.,WR,17,14,185,3,0.154545,0.057737,0.421425,10.882353,4.68691,-0.2333,3.291765,2.0,19
SF,Kyle Juszczyk,FB,6,4,55,1,0.054545,0.057737,0.767412,9.166667,,,,0.0,44
SF,Demarcus Robinson,WR,6,5,84,1,0.054545,0.083141,1.052305,14.0,,,,0.0,11
SF,Luke Farrell,TE,3,2,19,0,0.027273,0.033487,0.322094,6.333333,,,,0.0,89
SF,Jacob Cowing,WR,3,0,0,0,0.027273,0.071594,-0.676241,0.0,,,,0.0,4
SF,Kaelon Black,RB,2,1,5,0,0.018182,-0.011547,-0.169348,2.5,,,,0.0,26
SF,Jordan Watkins,WR,2,2,60,0,0.018182,0.038106,2.215396,30.0,,,,0.0,17
TB,Emeka Egbuka,WR,24,15,154,1,0.198347,0.273191,-0.072554,6.416667,3.157934,0.740984,11.676667,0.0,2
TB,Cade Otton,TE,23,15,157,0,0.190083,0.164118,0.133591,6.826087,3.927416,-0.169676,5.994783,3.0,88
TB,Chris Godwin Jr.,WR,18,16,142,0,0.14876,0.069317,0.333123,7.888889,3.945891,1.533441,3.667778,0.0,14
TB,Ted Hurst III,WR,16,8,128,1,0.132231,0.282365,0.096832,8.0,1.830895,-0.837558,17.840625,0.0,17
TB,Bucky Irving,RB,15,13,61,0,0.123967,-0.033639,-0.201554,4.066667,,,,1.0,7
TB,Kenny Gainwell,RB,12,8,44,1,0.099174,-0.006116,-0.172551,3.666667,,,,1.0,1
TB,Tez Johnson,WR,9,4,74,0,0.07438,0.229358,0.048569,8.222222,,,,0.0,15
TB,Kameron Johnson,WR,2,1,3,0,0.016529,0.002039,-2.068544,1.5,,,,0.0,19
TEN,Carnell Tate,WR,32,22,268,0,0.296296,0.524205,0.159098,8.375,3.13732,-0.432269,10.909688,2.0,14
TEN,Wan'Dale Robinson,WR,23,16,123,2,0.212963,0.178423,0.185411,5.347826,2.923608,0.525098,5.504783,0.0,4
TEN,Gunnar Helm,TE,12,9,60,0,0.111111,0.062241,-0.172119,5.0,,,,0.0,84
TEN,Tony Pollard,RB,11,8,24,0,0.101852,0.02213,-0.947866,2.181818,,,,1.0,20
TEN,Elic Ayomanor,WR,10,5,113,1,0.092593,0.161826,0.280111,11.3,,,,0.0,5
TEN,Tyjae Spears,RB,7,5,40,0,0.064815,-0.019364,-0.251717,5.714286,,,,1.0,2
TEN,Calvin Ridley,WR,5,3,48,0,0.046296,0.060858,0.193542,9.6,,,,0.0,0
TEN,Daniel Bellinger,TE,5,4,25,0,0.046296,0.001383,-0.325498,5.0,,,,0.0,82
TEN,Chimere Dike,WR,3,3,25,0,0.027778,0.008299,0.35763,8.333333,,,,0.0,17
WAS,Stefon Diggs,WR,31,18,170,3,0.24031,0.218239,0.150668,5.483871,2.601534,-0.263443,9.474194,1.0,3
WAS,Terry McLaurin,WR,22,10,141,1,0.170543,0.222915,0.410542,6.409091,2.877269,0.649013,13.064091,2.0,17
WAS,Antonio Williams,WR,19,12,124,1,0.147287,0.171473,0.1168,6.526316,2.730797,0.349034,11.845789,1.0,14
WAS,Dyami Brown,WR,13,7,86,0,0.100775,0.184723,-0.204094,6.615385,2.394356,-0.500198,17.9,0.0,6
WAS,Rachaad White,RB,9,9,51,1,0.069767,0.003118,0.106735,5.666667,,,,0.0,1
WAS,Jacory Croskey-Merritt,RB,7,5,40,0,0.054264,0.003118,-0.204083,5.714286,,,,0.0,22
WAS,Chig Okonkwo,TE,7,4,21,0,0.054264,0.046765,-0.208536,3.0,,,,0.0,85
WAS,Treylon Burks,WR,6,3,60,2,0.046512,0.120031,0.522497,10.0,,,,1.0,13
WAS,John Bates,TE,4,3,22,0,0.031008,0.006235,-0.22045,5.5,,,,0.0,87
WAS,Colson Yankoff,TE,4,2,16,0,0.031008,0.016368,-0.366268,4.0,,,,0.0,80
WAS,Austin Ekeler,RB,2,1,11,0,0.015504,-0.003118,0.374299,5.5,,,,1.0,30
WAS,Ben Sinnott,TE,2,1,6,0,0.015504,0.008574,0.026618,3.0,,,,1.0,82
WAS,Jaylin Lane,WR,2,2,25,0,0.015504,0.001559,0.408354,12.5,,,,0.0,83
