team,player_display_name,position,fg_made,fg_att,fg_long,pat_made,pat_att,pt_att,pt_yards,pt_net_yards,pt_inside_20,punt_returns,punt_return_yards,kickoff_returns,kickoff_return_yards,jersey
ARI,Blake Gillikin,P,0,0,,0,0,20,907.0,784.0,7,0,0,0,0,12
ARI,Devin Duvernay,WR,0,0,,0,0,0,0.0,0.0,0,3,32,6,177,81
ARI,Chad Ryland,K,8,9,60.0,9,9,0,0.0,0.0,0,0,0,0,0,38
ARI,Jalen Brooks,WR,0,0,,0,0,0,0.0,0.0,0,0,0,13,341,86
ATL,Nick Folk,K,6,9,51.0,10,10,0,0.0,0.0,0,0,0,0,0,6
ATL,Olamide Zaccheaus,WR,0,0,,0,0,0,0.0,0.0,0,1,4,5,108,14
ATL,Jake Bailey,P,0,0,,0,0,13,603.0,499.0,7,0,0,0,0,16
ATL,Brian Robinson,RB,0,0,,0,0,0,0.0,0.0,0,0,0,4,118,15
ATL,Zachariah Branch,WR,0,0,,0,0,0,0.0,0.0,0,6,83,5,117,17
BAL,Chris Moore,WR,0,0,,0,0,0,0.0,0.0,0,0,0,8,229,17
BAL,Rasheen Ali,RB,0,0,,0,0,0,0.0,0.0,0,0,0,1,16,26
BAL,Tyler Loop,K,6,8,64.0,14,14,0,0.0,0.0,0,0,0,0,0,33
BAL,LaJohntay Wester,WR,0,0,,0,0,0,0.0,0.0,0,7,65,4,81,10
BAL,Ryan Eckley,P,0,0,,0,0,15,697.0,615.0,7,0,0,0,0,30
BUF,Greg Dortch,WR,0,0,,0,0,0,0.0,0.0,0,8,70,12,316,19
BUF,Tyler Bass,K,6,6,46.0,13,14,0,0.0,0.0,0,0,0,0,0,16
BUF,Khalil Shakir,WR,0,0,,0,0,0,0.0,0.0,0,0,0,1,11,10
BUF,Ray Davis,RB,0,0,,0,0,0,0.0,0.0,0,0,0,4,111,7
BUF,Tommy Doman Jr.,P,0,0,,0,0,9,437.0,405.0,4,0,0,0,0,39
CAR,Sam Martin,P,0,0,,0,0,13,613.0,562.0,8,0,0,0,0,6
CAR,David Moore,WR,0,0,,0,0,0,0.0,0.0,0,2,14,6,132,83
CAR,John Metchie III,WR,0,0,,0,0,0,0.0,0.0,0,0,0,2,53,13
CAR,Xavier Legette,WR,0,0,,0,0,0,0.0,0.0,0,0,0,2,52,17
CAR,Jalen Coker,WR,0,0,,0,0,0,0.0,0.0,0,2,49,0,0,18
CAR,Jimmy Horn Jr.,WR,0,0,,0,0,0,0.0,0.0,0,2,17,5,101,15
CAR,Ryan Fitzgerald,K,9,9,53.0,10,13,0,0.0,0.0,0,0,0,0,0,10
CAR,Anthony Tyus III,RB,0,0,,0,0,0,0.0,0.0,0,0,0,5,127,34
CHI,Cairo Santos,K,7,8,50.0,13,13,0,0.0,0.0,0,0,0,0,0,8
CHI,Kalif Raymond,WR,0,0,,0,0,0,0.0,0.0,0,8,84,0,0,14
CHI,Josh Blackwell,CB,0,0,,0,0,0,0.0,0.0,0,0,0,4,85,39
CHI,Tory Taylor,P,0,0,,0,0,8,402.0,346.0,3,0,0,0,0,19
CHI,Zavion Thomas,WR,0,0,,0,0,0,0.0,0.0,0,0,0,8,170,13
CIN,Samaje Perine,RB,0,0,,0,0,0,0.0,0.0,0,0,0,1,26,34
CIN,Evan McPherson,K,9,9,58.0,10,10,0,0.0,0.0,0,0,0,0,0,2
CIN,Ryan Rehkow,P,0,0,,0,0,13,563.0,510.0,7,0,0,0,0,8
CIN,Tahj Brooks,RB,0,0,,0,0,0,0.0,0.0,0,0,0,3,76,25
CIN,Ke'Shawn Williams,WR,0,0,,0,0,0,0.0,0.0,0,1,0,5,131,12
CIN,Dohnte Meyers,WR,0,0,,0,0,0,0.0,0.0,0,5,28,13,344,81
CLE,Corey Bojorquez,P,0,0,,0,0,16,822.0,749.0,7,0,0,0,0,13
CLE,Andre Szmyt,K,8,8,56.0,7,7,0,0.0,0.0,0,0,0,0,0,25
CLE,Malachi Corley,WR,0,0,,0,0,0,0.0,0.0,0,0,0,10,264,11
CLE,Dylan Sampson,RB,0,0,,0,0,0,0.0,0.0,0,0,0,2,64,22
CLE,Raheim Sanders,RB,0,0,,0,0,0,0.0,0.0,0,0,0,10,293,23
CLE,KC Concepcion,WR,0,0,,0,0,0,0.0,0.0,0,4,21,0,0,1
DAL,Bryan Anger,P,0,0,,0,0,7,360.0,314.0,5,0,0,0,0,5
DAL,Brandon Aubrey,K,8,11,60.0,12,13,0,0.0,0.0,0,0,0,0,0,17
DAL,KaVontae Turpin,WR,0,0,,0,0,0,0.0,0.0,0,8,90,15,422,9
DEN,Wil Lutz,K,5,7,52.0,5,5,0,0.0,0.0,0,0,0,0,0,3
DEN,Tyler Badie,RB,0,0,,0,0,0,0.0,0.0,0,0,0,4,105,28
DEN,Marvin Mims Jr.,WR,0,0,,0,0,0,0.0,0.0,0,3,36,0,0,19
DEN,Kris Abrams-Draine,CB,0,0,,0,0,0,0.0,0.0,0,2,2,0,0,31
DEN,Jeremy Crawshaw,P,0,0,,0,0,19,945.0,860.0,9,0,0,0,0,16
DEN,RJ Harvey,RB,0,0,,0,0,0,0.0,0.0,0,0,0,6,175,12
DEN,Kolbe Katsis,WR,0,0,,0,0,0,0.0,0.0,0,3,39,4,107,81
DEN,Jonah Coleman,RB,0,0,,0,0,0,0.0,0.0,0,0,0,1,27,20
DET,Jack Fox,P,0,0,,0,0,15,708.0,631.0,6,0,0,0,0,3
DET,Tom Kennedy,WR,0,0,,0,0,0,0.0,0.0,0,4,46,9,223,85
DET,Jacob Saylors,RB,0,0,,0,0,0,0.0,0.0,0,0,0,9,229,25
DET,Jake Bates,K,7,7,54.0,14,14,0,0.0,0.0,0,0,0,0,0,39
GB,Bo Melton,WR,0,0,,0,0,0,0.0,0.0,0,0,0,6,170,16
GB,Daniel Whelan,P,0,0,,0,0,18,870.0,800.0,12,0,0,0,0,19
GB,Skyy Moore,WR,0,0,,0,0,0,0.0,0.0,0,8,128,11,302,23
GB,Kaleb Johnson,RB,0,0,,0,0,0,0.0,0.0,0,0,0,2,52,26
GB,Trey Smack,K,6,7,59.0,7,8,0,0.0,0.0,0,0,0,0,0,28
HOU,Ka'imi Fairbairn,K,7,8,58.0,9,9,0,0.0,0.0,0,0,0,0,0,15
HOU,Tremon Smith,CB,0,0,,0,0,0,0.0,0.0,0,0,0,7,160,11
HOU,Jaylin Noel,WR,0,0,,0,0,0,0.0,0.0,0,6,51,10,261,13
HOU,Woody Marks,RB,0,0,,0,0,0,0.0,0.0,0,0,0,7,170,4
HOU,Kai Kroeger,P,0,0,,0,0,18,884.0,783.0,6,0,0,0,0,38
IND,Rigoberto Sanchez,P,0,0,,0,0,12,620.0,554.0,5,0,0,0,0,8
IND,Ashton Dulin,WR,0,0,,0,0,0,0.0,0.0,0,0,0,1,33,16
IND,Spencer Shrader,K,11,11,58.0,9,10,0,0.0,0.0,0,0,0,0,0,3
IND,Anthony Gould,WR,0,0,,0,0,0,0.0,0.0,0,2,25,5,134,6
IND,Seth McGowan,RB,0,0,,0,0,0,0.0,0.0,0,0,0,11,324,20
JAX,Ameer Abdullah,RB,0,0,,0,0,0,0.0,0.0,0,0,0,6,166,20
JAX,Logan Cooke,P,0,0,,0,0,12,581.0,521.0,5,0,0,0,0,9
JAX,Parker Washington,WR,0,0,,0,0,0,0.0,0.0,0,4,10,0,0,11
JAX,Cam Little,K,7,9,55.0,11,11,0,0.0,0.0,0,0,0,0,0,39
JAX,Josh Cameron,WR,0,0,,0,0,0,0.0,0.0,0,0,0,7,181,19
KC,Harrison Butker,K,7,9,46.0,13,13,0,0.0,0.0,0,0,0,0,0,7
KC,Matt Araiza,P,0,0,,0,0,12,627.0,567.0,9,0,0,0,0,14
KC,Nikko Remigio,WR,0,0,,0,0,0,0.0,0.0,0,6,42,6,150,81
KC,Brashard Smith,RB,0,0,,0,0,0,0.0,0.0,0,0,0,5,133,24
KC,Emmett Johnson,RB,0,0,,0,0,0,0.0,0.0,0,0,0,4,114,10
LA,Alex Bachman,WR,0,0,,0,0,0,0.0,0.0,0,4,30,4,89,11
LA,Xavier Smith,WR,0,0,,0,0,0,0.0,0.0,0,7,69,7,144,19
LA,Ethan Evans,P,0,0,,0,0,14,666.0,531.0,5,0,0,0,0,42
LA,Harrison Mevis,K,5,7,48.0,10,10,0,0.0,0.0,0,0,0,0,0,92
LA,Jordan Whittington,WR,0,0,,0,0,0,0.0,0.0,0,0,0,4,94,88
LA,Dean Connors,RB,0,0,,0,0,0,0.0,0.0,0,0,0,1,23,33
LAC,J.K. Scott,P,0,0,,0,0,15,722.0,646.0,4,0,0,0,0,16
LAC,Cameron Dicker,K,6,8,40.0,7,7,0,0.0,0.0,0,0,0,0,0,11
LAC,Keaton Mitchell,RB,0,0,,0,0,0,0.0,0.0,0,0,0,7,174,34
LAC,Derius Davis,WR,0,0,,0,0,0,0.0,0.0,0,3,14,5,121,12
LAC,Kimani Vidal,RB,0,0,,0,0,0,0.0,0.0,0,0,0,4,104,28
LV,AJ Cole,P,0,0,,0,0,15,756.0,681.0,7,0,0,0,0,6
LV,Matt Gay,K,10,10,59.0,9,9,0,0.0,0.0,0,0,0,0,0,14
LV,Dareke Young,WR,0,0,,0,0,0,0.0,0.0,0,0,0,5,127,81
LV,Dylan Laube,RB,0,0,,0,0,0,0.0,0.0,0,0,0,7,234,23
LV,Malik Benson,WR,0,0,,0,0,0,0.0,0.0,0,5,68,0,0,19
MIA,Bradley Pinion,P,0,0,,0,0,15,658.0,571.0,5,0,0,0,0,48
MIA,Riley Patterson,K,6,8,41.0,4,4,0,0.0,0.0,0,0,0,0,0,47
MIA,Jaylen Wright,RB,0,0,,0,0,0,0.0,0.0,0,0,0,10,282,5
MIA,Malik Washington,WR,0,0,,0,0,0,0.0,0.0,0,3,24,8,180,6
MIA,Ollie Gordon II,RB,0,0,,0,0,0,0.0,0.0,0,0,0,1,20,0
MIA,Kevin Coleman Jr.,WR,0,0,,0,0,0,0.0,0.0,0,0,0,2,59,21
MIN,Johnny Hekker,P,0,0,,0,0,12,523.0,463.0,2,0,0,0,0,6
MIN,Will Reichard,K,12,12,56.0,6,6,0,0.0,0.0,0,0,0,0,0,16
MIN,Myles Price,WR,0,0,,0,0,0,0.0,0.0,0,9,181,14,423,4
MIN,Brett Thorson,P,0,0,,0,0,10,458.0,411.0,5,0,0,0,0,19
NE,Mitch Wishnowsky,P,0,0,,0,0,14,676.0,570.0,6,0,0,0,0,19
NE,Marcus Jones,CB,0,0,,0,0,0,0.0,0.0,0,7,59,0,0,25
NE,Kyle Williams,WR,0,0,,0,0,0,0.0,0.0,0,0,0,11,273,18
NE,Andy Borregales,K,5,7,50.0,6,6,0,0.0,0.0,0,0,0,0,0,8
NE,Corey Kiner,RB,0,0,,0,0,0,0.0,0.0,0,0,0,2,50,9
NE,Efton Chism III,WR,0,0,,0,0,0,0.0,0.0,0,1,18,0,0,86
NE,Lan Larison,RB,0,0,,0,0,0,0.0,0.0,0,0,0,2,49,34
NO,Daniel Carlson,K,5,7,51.0,10,11,0,0.0,0.0,0,0,0,0,0,10
NO,Ryan Wright,P,0,0,,0,0,14,636.0,563.0,6,0,0,0,0,17
NO,Kendre Miller,RB,0,0,,0,0,0,0.0,0.0,0,0,0,2,37,5
NO,Jalen Cropper,WR,0,0,,0,0,0,0.0,0.0,0,0,0,1,22,85
NO,Jayden Price,CB,0,0,,0,0,0,0.0,0.0,0,1,11,8,180,38
NO,Barion Brown,WR,0,0,,0,0,0,0.0,0.0,0,7,36,10,258,19
NYG,Braxton Berrios,WR,0,0,,0,0,0,0.0,0.0,0,4,10,5,138,87
NYG,Jordan Stout,P,0,0,,0,0,16,810.0,708.0,9,0,0,0,0,15
NYG,Charlie Jones,WR,0,0,,0,0,0,0.0,0.0,0,2,29,3,69,89
NYG,Deonte Banks,CB,0,0,,0,0,0,0.0,0.0,0,0,0,2,37,2
NYG,Tyrone Tracy Jr.,RB,0,0,,0,0,0,0.0,0.0,0,0,0,3,107,29
NYG,Dominic Zvada,K,9,9,52.0,5,5,0,0.0,0.0,0,0,0,0,0,34
NYJ,Jason Sanders,K,7,8,52.0,5,6,0,0.0,0.0,0,0,0,0,0,19
NYJ,Kene Nwangwu,RB,0,0,,0,0,0,0.0,0.0,0,0,0,2,55,3
NYJ,Isaiah Williams,WR,0,0,,0,0,0,0.0,0.0,0,5,31,10,241,18
NYJ,Austin McNamara,P,0,0,,0,0,18,876.0,722.0,6,0,0,0,0,14
NYJ,Jamaal Pritchett,WR,0,0,,0,0,0,0.0,0.0,0,0,0,1,27,81
PHI,Jake Elliott,K,4,4,58.0,9,9,0,0.0,0.0,0,0,0,0,0,4
PHI,Braden Mann,P,0,0,,0,0,19,931.0,824.0,10,0,0,0,0,10
PHI,Britain Covey,WR,0,0,,0,0,0,0.0,0.0,0,10,135,1,26,85
PHI,Tank Bigsby,RB,0,0,,0,0,0,0.0,0.0,0,0,0,2,50,8
PHI,Will Shipley,RB,0,0,,0,0,0,0.0,0.0,0,0,0,6,134,28
PIT,Chris Boswell,K,7,10,56.0,6,6,0,0.0,0.0,0,0,0,0,0,9
PIT,Cameron Johnston,P,0,0,,0,0,18,889.0,766.0,9,0,0,0,0,19
PIT,Kaden Wetjen,WR,0,0,,0,0,0,0.0,0.0,0,7,69,14,317,10
PIT,Eli Heidenreich,RB,0,0,,0,0,0,0.0,0.0,0,0,0,3,73,29
SEA,Jason Myers,K,5,5,57.0,12,13,0,0.0,0.0,0,0,0,0,0,5
SEA,Michael Dickson,P,0,0,,0,0,18,792.0,772.0,8,0,0,0,0,4
SEA,Rashid Shaheed,WR,0,0,,0,0,0,0.0,0.0,0,9,79,10,273,22
SEA,Tory Horton,WR,0,0,,0,0,0,0.0,0.0,0,0,0,1,29,15
SF,Eddy Pineiro,K,4,6,57.0,14,16,0,0.0,0.0,0,0,0,0,0,18
SF,Siran Neal,DB,0,0,,0,0,0,0.0,0.0,0,1,0,0,0,33
SF,Deebo Samuel Sr.,WR,0,0,,0,0,0,0.0,0.0,0,0,0,9,231,19
SF,Corliss Waitman,P,0,0,,0,0,11,540.0,482.0,4,0,0,0,0,15
SF,Jacob Cowing,WR,0,0,,0,0,0,0.0,0.0,0,5,25,2,50,4
TB,Riley Dixon,P,0,0,,0,0,17,772.0,627.0,3,0,0,0,0,9
TB,Chase McLaughlin,K,9,9,59.0,7,7,0,0.0,0.0,0,0,0,0,0,4
TB,Kenny Gainwell,RB,0,0,,0,0,0,0.0,0.0,0,0,0,10,260,1
TB,Kameron Johnson,WR,0,0,,0,0,0,0.0,0.0,0,0,0,7,214,19
TB,Tez Johnson,WR,0,0,,0,0,0,0.0,0.0,0,7,80,0,0,15
TB,Josh Williams,RB,0,0,,0,0,0,0.0,0.0,0,0,0,1,47,18
TEN,Joey Slye,K,4,5,42.0,5,5,0,0.0,0.0,0,0,0,0,0,6
TEN,Tommy Townsend,P,0,0,,0,0,21,1034.0,871.0,7,0,0,0,0,3
TEN,Chimere Dike,WR,0,0,,0,0,0,0.0,0.0,0,8,57,13,343,17
WAS,Tress Way,P,0,0,,0,0,19,897.0,782.0,6,0,0,0,0,10
WAS,Dyami Brown,WR,0,0,,0,0,0,0.0,0.0,0,0,0,3,82,6
WAS,Rachaad White,RB,0,0,,0,0,0,0.0,0.0,0,0,0,3,97,1
WAS,Luke McCaffrey,WR,0,0,,0,0,0,0.0,0.0,0,0,0,3,90,11
WAS,Jaylin Lane,WR,0,0,,0,0,0,0.0,0.0,0,7,84,12,295,83
WAS,Drew Stevens,K,7,9,57.0,7,9,0,0.0,0.0,0,0,0,0,0,19
