team,player,position,off,de,off_pct,def_pct,jersey
ARI,Isaiah Adams,OL,137,0,0.646226,0.0,74
ARI,Tyler Allgeier,RB,107,0,0.504717,0.0,22
ARI,Budda Baker,S,0,179,0.0,1.0,3
ARI,Kendrick Bourne,WR,128,0,0.603774,0.0,17
ARI,Jacoby Brissett,QB,212,0,1.0,0.0,7
ARI,Jalen Brooks,WR,10,0,0.04717,0.0,86
ARI,Baron Browning,LB,0,88,0.0,0.49162,5
ARI,Jordan Burch,LB,0,79,0.0,0.441341,52
ARI,Denzel Burke,CB,0,156,0.0,0.871508,29
ARI,Kei'Trel Clark,CB,0,20,0.0,0.111732,13
ARI,L.J. Collier,DL,0,69,0.0,0.385475,91
ARI,Zaven Collins,LB,0,78,0.0,0.435754,25
ARI,Hayden Conner,OL,3,0,0.014151,0.0,58
ARI,Kitan Crawford,S,0,7,0.0,0.039106,36
ARI,Devin Duvernay,WR,0,0,0.0,0.0,81
ARI,Simi Fehoko,WR,12,0,0.056604,0.0,80
ARI,Hjalte Froholdt,OL,212,0,1.0,0.0,72
ARI,Josh Fryar,OL,0,0,0.0,0.0,78
ARI,Jon Gaines,OL,75,0,0.353774,0.0,71
ARI,Jack Gibbens,LB,0,173,0.0,0.96648,50
ARI,Blake Gillikin,P,0,0,0.0,0.0,12
ARI,Marvin Harrison Jr.,WR,163,0,0.768868,0.0,18
ARI,Elijah Higgins,TE,68,0,0.320755,0.0,84
ARI,Paris Johnson,OL,212,0,1.0,0.0,70
ARI,Will Johnson,CB,0,111,0.0,0.620112,2
ARI,Kalen King,CB,0,10,0.0,0.055866,35
ARI,Zonovan Knight,RB,6,0,0.028302,0.0,20
ARI,Casey Kreiter,LS,0,0,0.0,0.0,59
ARI,Eku Leota,LB,0,30,0.0,0.167598,54
ARI,Hunter Long,TE,71,0,0.334906,0.0,89
ARI,Roy Lopez,DL,0,110,0.0,0.614525,51
ARI,Jeremiyah Love,RB,108,0,0.509434,0.0,4
ARI,Trey McBride,TE,183,0,0.863208,0.0,85
ARI,Max Melton,CB,0,98,0.0,0.547486,16
ARI,Walter Nolen,DL,0,110,0.0,0.614525,97
ARI,Darius Robinson,DL,0,66,0.0,0.368715,56
ARI,Chad Ryland,K,0,0,0.0,0.0,38
ARI,Isaac Seumalo,OL,209,0,0.985849,0.0,73
ARI,Karson Sharar,LB,0,0,0.0,0.0,43
ARI,Cody Simon,LB,0,7,0.0,0.039106,0
ARI,Dante Stills,DT,0,103,0.0,0.575419,55
ARI,Josh Sweat,LB,0,87,0.0,0.486034,10
ARI,Dadrion Taylor-Demerson,S,0,2,0.0,0.011173,42
ARI,Starling Thomas,CB,0,0,0.0,0.0,24
ARI,Elijah Wilkinson,OL,212,0,1.0,0.0,65
ARI,Garrett Williams,CB,0,19,0.0,0.106145,21
ARI,Jayden Williams,OL,12,0,0.056604,0.0,66
ARI,Wydett Williams,S,0,16,0.0,0.089385,31
ARI,Mack Wilson,LB,0,172,0.0,0.960894,1
ARI,Michael Wilson,WR,192,1,0.90566,0.005587,14
ARI,Andrew Wingard,S,0,179,0.0,1.0,28
ATL,Yasir Abdullah,LB,0,47,0.0,0.236181,22
ATL,Jake Bailey,P,0,0,0.0,0.0,16
ATL,Jessie Bates III,S,0,194,0.0,0.974874,3
ATL,Matthew Bergeron,OL,200,0,1.0,0.0,65
ATL,Chris Blair,WR,57,0,0.285,0.0,19
ATL,Billy Bowman,CB,0,43,0.0,0.21608,33
ATL,Zachariah Branch,WR,45,0,0.225,0.0,17
ATL,Sydney Brown,DB,0,65,0.0,0.326633,29
ATL,Kendal Daniels,LB,0,111,0.0,0.557789,53
ATL,Divine Deablo,LB,0,187,0.0,0.939698,0
ATL,Gervon Dexter,DT,0,106,0.0,0.532663,95
ATL,Brandon Dorlus,DL,0,109,0.0,0.547739,54
ATL,Jahan Dotson,WR,137,0,0.685,0.0,4
ATL,Samson Ebukam,DE,0,57,0.0,0.286432,52
ATL,Nick Folk,K,0,0,0.0,0.0,6
ATL,Mike Ford,CB,0,0,0.0,0.0,28
ATL,Da'Shawn Hand,DT,0,7,0.0,0.035176,90
ATL,Christian Harris,LB,0,4,0.0,0.020101,45
ATL,Zach Harrison,DL,0,44,0.0,0.221106,96
ATL,DeMarcco Hellams,S,0,5,0.0,0.025126,23
ATL,C.J. Henderson,CB,0,128,0.0,0.643216,26
ATL,Kyle Hinton,OL,20,0,0.1,0.0,68
ATL,Austin Hooper,TE,60,0,0.3,0.0,81
ATL,Mike Hughes,CB,0,189,0.0,0.949749,21
ATL,Jared Ivey,LB,0,50,0.0,0.251256,51
ATL,Michael Jerrell,OL,29,0,0.145,0.0,72
ATL,Corey Levin,C,2,0,0.01,0.0,62
ATL,Chris Lindstrom,G,181,0,0.905,0.0,63
ATL,Drake London,WR,168,0,0.84,0.0,5
ATL,LaCale London,DL,0,79,0.0,0.396985,94
ATL,Jake Matthews,T,200,0,1.0,0.0,70
ATL,Liam McCullough,LS,0,0,0.0,0.0,49
ATL,Nick Muse,TE,36,0,0.18,0.0,87
ATL,Ryan Neuzil,OL,200,0,1.0,0.0,64
ATL,Michael Penix,QB,71,0,0.355,0.0,9
ATL,Harold Perkins,LB,0,92,0.0,0.462312,56
ATL,Kyle Pitts,TE,106,0,0.53,0.0,8
ATL,Bijan Robinson,RB,132,0,0.66,0.0,7
ATL,Brian Robinson Jr.,RB,67,0,0.335,0.0,15
ATL,Cooper Rush,QB,100,0,0.5,0.0,13
ATL,Maason Smith,DL,0,109,0.0,0.547739,92
ATL,Za'Darius Smith,DE,0,77,0.0,0.386935,55
ATL,Jack Strand,QB,29,0,0.145,0.0,18
ATL,Jawaan Taylor,T,174,0,0.87,0.0,71
ATL,AJ Terrell,CB,0,68,0.0,0.341709,24
ATL,Avieon Terrell,CB,0,62,0.0,0.311558,12
ATL,Cameron Thomas,DE,0,118,0.0,0.592965,99
ATL,Bralen Trice,DE,0,35,0.0,0.175879,48
ATL,Xavier Watts,S,0,196,0.0,0.984925,31
ATL,Charlie Woerner,TE,114,0,0.57,0.0,89
ATL,Josh Woods,LB,0,7,0.0,0.035176,42
ATL,Olamide Zaccheaus,WR,72,0,0.36,0.0,14
BAL,Rasheen Ali,RB,0,0,0.0,0.0,26
BAL,Mark Andrews,TE,123,0,0.647368,0.0,89
BAL,Chidobe Awuzie,CB,0,22,0.0,0.112245,3
BAL,Rashod Bateman,WR,163,0,0.857895,0.0,7
BAL,Teddye Buchanan,LB,0,3,0.0,0.015306,40
BAL,Ethan Burke,LB,0,0,0.0,0.0,97
BAL,Calais Campbell,DL,0,101,0.0,0.515306,93
BAL,Josh Cuevas,TE,27,0,0.142105,0.0,85
BAL,Ryan Eckley,P,0,0,0.0,0.0,30
BAL,Zay Flowers,WR,41,0,0.215789,0.0,4
BAL,Mike Green,LB,0,71,0.0,0.362245,15
BAL,Jovaughn Gwyn,OL,172,0,0.905263,0.0,54
BAL,Kyle Hamilton,S,0,188,0.0,0.959184,14
BAL,Jaylinn Hawkins,S,0,177,0.0,0.903061,21
BAL,Trey Hendrickson,LB,0,121,0.0,0.617347,91
BAL,Derrick Henry,RB,111,0,0.584211,0.0,22
BAL,Matthew Hibner,TE,74,0,0.389474,0.0,88
BAL,Jay Higgins,LB,0,0,0.0,0.0,49
BAL,Justice Hill,RB,79,0,0.415789,0.0,43
BAL,Marlon Humphrey,CB,0,179,0.0,0.913265,44
BAL,Olaivavega Ioane,G,190,0,1.0,0.0,71
BAL,Keondre Jackson,S,0,1,0.0,0.005102,39
BAL,Lamar Jackson,QB,190,0,1.0,0.0,8
BAL,John Jenkins,NT,0,46,0.0,0.234694,94
BAL,Carl Jones,LB,0,0,0.0,0.0,48
BAL,Emery Jones,G,3,0,0.015789,0.0,51
BAL,Travis Jones,DL,0,111,0.0,0.566327,98
BAL,Ja'Kobi Lane,WR,27,0,0.142105,0.0,6
BAL,Tyler Loop,K,0,0,0.0,0.0,33
BAL,Nnamdi Madubuike,DL,0,47,0.0,0.239796,92
BAL,Keyon Martin,CB,0,24,0.0,0.122449,38
BAL,Chris Moore,WR,90,0,0.473684,0.0,17
BAL,Nick Moore,LS,0,0,0.0,0.0,46
BAL,Aeneas Peebles,DL,0,18,0.0,0.091837,90
BAL,Ethan Pocic,C,10,0,0.052632,0.0,77
BAL,Chandler Rivers,CB,0,56,0.0,0.285714,29
BAL,Tavius Robinson,LB,0,155,0.0,0.790816,95
BAL,Roger Rosengarten,T,190,0,1.0,0.0,70
BAL,John Simpson,G,190,0,1.0,0.0,74
BAL,Trenton Simpson,LB,0,120,0.0,0.612245,32
BAL,Roquan Smith,LB,0,196,0.0,1.0,0
BAL,Durham Smythe,TE,108,0,0.568421,0.0,80
BAL,Ronnie Stanley,T,114,0,0.6,0.0,79
BAL,Malaki Starks,S,0,195,0.0,0.994898,24
BAL,T.J. Tampa,CB,0,0,0.0,0.0,27
BAL,Carson Vinson,T,84,0,0.442105,0.0,76
BAL,Andrew Vorhees,G,8,0,0.042105,0.0,72
BAL,Devontez Walker,WR,34,0,0.178947,0.0,81
BAL,Broderick Washington Jr.,DL,0,74,0.0,0.377551,96
BAL,LaJohntay Wester,WR,62,0,0.326316,0.0,10
BAL,Nate Wiggins,CB,0,190,0.0,0.969388,2
BAL,Zion Young,LB,0,61,0.0,0.311224,9
BUF,Dee Alford,CB,0,122,0.0,0.57277,23
BUF,Josh Allen,QB,198,0,1.0,0.0,17
BUF,Alec Anderson,C,198,0,1.0,0.0,70
BUF,Joe Andreessen,LB,0,0,0.0,0.0,44
BUF,Tyler Bass,K,0,0,0.0,0.0,16
BUF,Christian Benford,CB,0,195,0.0,0.915493,47
BUF,Terrel Bernard,LB,0,208,0.0,0.976526,8
BUF,Cole Bishop,S,0,206,0.0,0.967136,24
BUF,Spencer Brown,T,198,0,1.0,0.0,79
BUF,DeWayne Carter,DL,0,82,0.0,0.384977,90
BUF,Bradley Chubb,LB,0,161,0.0,0.755869,9
BUF,Keon Coleman,WR,116,0,0.585859,0.0,0
BUF,James Cook,RB,141,0,0.712121,0.0,4
BUF,Austin Corbett,G,0,0,0.0,0.0,63
BUF,Te'Cory Couch,DB,0,0,0.0,0.0,33
BUF,Lloyd Cushenberry III,C,0,0,0.0,0.0,53
BUF,Michael Danna,LB,0,8,0.0,0.037559,51
BUF,Ray Davis,RB,20,0,0.10101,0.0,7
BUF,Dion Dawkins,T,198,0,1.0,0.0,73
BUF,Tommy Doman,P,0,0,0.0,0.0,39
BUF,Greg Dortch,WR,9,0,0.045455,0.0,19
BUF,Kaleb Elarms-Orr,LB,0,29,0.0,0.13615,52
BUF,Reid Ferguson,LS,0,0,0.0,0.0,69
BUF,Sam Franklin,DB,0,0,0.0,0.0,28
BUF,Greg Gaines,DL,0,55,0.0,0.258216,97
BUF,C.J. Gardner-Johnson,S,0,212,0.0,0.995305,22
BUF,Frank Gore Jr.,RB,20,0,0.10101,0.0,20
BUF,Tylan Grable,T,3,0,0.015152,0.0,68
BUF,Maxwell Hairston,CB,0,171,0.0,0.802817,1
BUF,Damar Hamlin,S,0,56,0.0,0.262911,3
BUF,Jordan Hancock,DB,0,13,0.0,0.061033,37
BUF,Jackson Hawes,TE,87,0,0.439394,0.0,85
BUF,Michael Hoecht,LB,0,75,0.0,0.352113,55
BUF,Davison Igbinosun,CB,0,57,0.0,0.267606,21
BUF,Landon Jackson,DL,0,83,0.0,0.389671,94
BUF,Ty Johnson,RB,15,0,0.075758,0.0,26
BUF,Dalton Kincaid,TE,135,0,0.681818,0.0,86
BUF,Dawson Knox,TE,141,0,0.712121,0.0,88
BUF,Keleki Latu,TE,13,0,0.065657,0.0,83
BUF,Connor McGovern,C,198,0,1.0,0.0,66
BUF,D.J. Moore,WR,109,0,0.550505,0.0,2
BUF,Ed Oliver,DL,0,93,0.0,0.43662,91
BUF,Josh Palmer,WR,67,0,0.338384,0.0,5
BUF,T.J. Parker,LB,0,40,0.0,0.187793,99
BUF,Gregory Rousseau,LB,0,162,0.0,0.760563,15
BUF,Khalil Shakir,WR,115,0,0.580808,0.0,10
BUF,Javon Solomon,LB,0,29,0.0,0.13615,56
BUF,O'Cyrus Torrence,G,198,0,1.0,0.0,64
BUF,Deone Walker,DL,0,143,0.0,0.671362,96
BUF,Dorian Williams,LB,0,142,0.0,0.666667,42
CAR,Jonathon Brooks,RB,33,0,0.156398,0.0,25
CAR,Bobby Brown,DT,0,70,0.0,0.327103,97
CAR,Derrick Brown,DT,0,139,0.0,0.649533,95
CAR,Corey Bullock,T,33,0,0.156398,0.0,67
CAR,Claudin Cherelus,LB,0,1,0.0,0.004673,53
CAR,Jalen Coker,WR,135,0,0.63981,0.0,18
CAR,AJ Dillon,RB,23,0,0.109005,0.0,28
CAR,Tyrel Dodson,LB,0,38,0.0,0.17757,33
CAR,TeRah Edwards,DT,0,78,0.0,0.364486,93
CAR,Akayleb Evans,CB,0,46,0.0,0.214953,29
CAR,Mitchell Evans,TE,86,0,0.407583,0.0,84
CAR,Ryan Fitzgerald,K,1,0,0.004739,0.0,10
CAR,Stone Forsythe,T,14,0,0.066351,0.0,73
CAR,Luke Fortner,C,200,0,0.947867,0.0,77
CAR,Feleipe Franks,TE,9,0,0.042654,0.0,81
CAR,Monroe Freeling,T,204,0,0.966825,0.0,57
CAR,Trevis Gipson,LB,0,94,0.0,0.439252,52
CAR,Aaron Hall,DT,0,94,0.0,0.439252,94
CAR,Sam Hecht,C,11,0,0.052133,0.0,75
CAR,Jaycee Horn,CB,0,188,0.0,0.878505,8
CAR,Jimmy Horn,WR,14,0,0.066351,0.0,15
CAR,Chuba Hubbard,RB,156,0,0.739336,0.0,30
CAR,Lee Hunter,DT,0,84,0.0,0.392523,92
CAR,Robert Hunt,G,203,0,0.962085,0.0,50
CAR,Thomas Incoom,LB,0,26,0.0,0.121495,48
CAR,Cam Jackson,DT,0,37,0.0,0.172897,99
CAR,Michael Jackson,CB,0,149,0.0,0.696262,2
CAR,J.J. Jansen,LS,0,0,0.0,0.0,44
CAR,Patrick Jones II,LB,0,42,0.0,0.196262,91
CAR,Jackson Kuwatch,LB,0,18,0.0,0.084112,46
CAR,Will Lee,CB,0,128,0.0,0.598131,24
CAR,Xavier Legette,WR,69,0,0.327014,0.0,17
CAR,Damien Lewis,G,187,0,0.886256,0.0,68
CAR,Devin Lloyd,LB,0,123,0.0,0.574766,55
CAR,Sam Martin,P,0,0,0.0,0.0,6
CAR,Tetairoa McMillan,WR,182,0,0.862559,0.0,4
CAR,John Metchie,WR,50,0,0.236967,0.0,13
CAR,Tre'von Moehrig,S,0,204,0.0,0.953271,7
CAR,Jeremiah Moon,LB,0,41,0.0,0.191589,56
CAR,David Moore,WR,5,0,0.023697,0.0,83
CAR,Maema Njongmeta,LB,0,0,0.0,0.0,45
CAR,Bobby Okereke,LB,0,186,0.0,0.869159,58
CAR,Jaelan Phillips,LB,0,156,0.0,0.728972,5
CAR,Kenny Pickett,QB,11,0,0.052133,0.0,12
CAR,Lathan Ransom,S,0,138,0.0,0.64486,22
CAR,Nick Scott,S,0,77,0.0,0.359813,21
CAR,Isaiah Simmons,S,0,5,0.0,0.023364,27
CAR,Chau Smith-Wade,CB,0,19,0.0,0.088785,26
CAR,Brycen Tremayne,WR,85,0,0.402844,0.0,87
CAR,Tommy Tremble,TE,112,0,0.530806,0.0,82
CAR,Anthony Tyus,RB,0,0,0.0,0.0,34
CAR,Princely Umanmielen,LB,0,93,0.0,0.434579,3
CAR,Rasheed Walker,T,207,0,0.981043,0.0,63
CAR,Darren Waller,TE,92,0,0.436019,0.0,88
CAR,Zakee Wheatley,S,0,81,0.0,0.378505,20
CAR,Bryce Young,QB,200,0,0.947867,0.0,9
CHI,Tyson Bagent,QB,10,0,0.045249,0.0,17
CHI,Theo Benedet,OL,77,0,0.348416,0.0,79
CHI,Josh Blackwell,DB,0,0,0.0,0.0,39
CHI,Austin Booker,DL,0,89,0.0,0.523529,94
CHI,Garrett Bradbury,OL,221,0,1.0,0.0,67
CHI,Luther Burden,WR,141,0,0.638009,0.0,10
CHI,Devin Bush Jr.,LB,0,161,0.0,0.947059,12
CHI,Scott Daly,LS,0,0,0.0,0.0,46
CHI,Kaden Davis,WR,10,0,0.045249,0.0,81
CHI,T.J. Edwards,LB,0,170,0.0,1.0,53
CHI,Keyshaun Elliott,LB,0,0,0.0,0.0,49
CHI,Neville Gallimore,DL,0,60,0.0,0.352941,90
CHI,Beau Gardner,LS,0,0,0.0,0.0,45
CHI,Daniel Hardy,DL,0,7,0.0,0.041176,92
CHI,Elijah Hicks,DB,0,20,0.0,0.117647,22
CHI,D'Marco Jackson,LB,0,65,0.0,0.382353,48
CHI,Jonah Jackson,OL,221,0,1.0,0.0,73
CHI,Grady Jarrett,DL,0,121,0.0,0.711765,50
CHI,Jaylon Johnson,DB,0,167,0.0,0.982353,1
CHI,Roschon Johnson,RB,1,0,0.004525,0.0,23
CHI,Braxton Jones,OL,144,0,0.651584,0.0,70
CHI,Logan Jones,OL,0,0,0.0,0.0,54
CHI,Case Keenum,QB,72,0,0.325792,0.0,11
CHI,Cole Kmet,TE,137,0,0.61991,0.0,85
CHI,Cameron Lewis,DB,0,144,0.0,0.847059,21
CHI,Colston Loveland,TE,186,0,0.841629,0.0,84
CHI,James Lynch,DL,0,68,0.0,0.4,97
CHI,Kyle Monangai,RB,79,0,0.357466,0.0,25
CHI,Malik Muhammad,DB,0,134,0.0,0.788235,24
CHI,Luke Newman,OL,1,0,0.004525,0.0,65
CHI,Dayo Odeyingbo,DL,0,106,0.0,0.623529,55
CHI,Rome Odunze,WR,159,0,0.719457,0.0,15
CHI,Clark Phillips,DB,0,0,0.0,0.0,20
CHI,Kalif Raymond,WR,145,0,0.656109,0.0,14
CHI,Sam Roush,TE,48,0,0.217195,0.0,87
CHI,Jack Sanborn,LB,0,0,0.0,0.0,57
CHI,Cairo Santos,K,0,0,0.0,0.0,8
CHI,Tyrique Stevenson,DB,0,103,0.0,0.605882,29
CHI,Kentavius Street,DL,0,75,0.0,0.441176,93
CHI,Montez Sweat,DL,0,117,0.0,0.688235,98
CHI,D'Andre Swift,RB,143,0,0.647059,0.0,4
CHI,Tory Taylor,P,0,0,0.0,0.0,19
CHI,Dillon Thieneman,DB,0,170,0.0,1.0,31
CHI,Skyler Thomas,DB,0,3,0.0,0.017647,38
CHI,Zavion Thomas,WR,10,0,0.045249,0.0,13
CHI,Joe Thuney,OL,221,0,1.0,0.0,62
CHI,Jahdae Walker,WR,45,0,0.20362,0.0,9
CHI,Caleb Williams,QB,139,0,0.628959,0.0,18
CHI,Xavier Woods,DB,0,49,0.0,0.288235,32
CHI,Darnell Wright,OL,221,0,1.0,0.0,58
CHI,Jordan van den Berg,DL,0,41,0.0,0.241176,96
CIN,Jonathan Allen,DT,0,131,0.0,0.658291,93
CIN,Erick All,TE,57,0,0.314917,0.0,83
CIN,Jordan Battle,S,0,198,0.0,0.994975,27
CIN,Jacob Bayer,C,3,0,0.016575,0.0,69
CIN,Swayze Bozeman,LB,0,0,0.0,0.0,47
CIN,Tahj Brooks,HB,3,0,0.016575,0.0,25
CIN,Chase Brown,HB,128,0,0.707182,0.0,30
CIN,Orlando Brown Jr.,T,181,0,1.0,0.0,75
CIN,Oren Burks,LB,0,6,0.0,0.030151,42
CIN,Joe Burrow,QB,181,0,1.0,0.0,9
CIN,Barrett Carter,LB,0,199,0.0,1.0,49
CIN,Ja'Marr Chase,WR,170,0,0.939227,0.0,1
CIN,Bryan Cook,S,0,158,0.0,0.79397,6
CIN,Jalen Davis,CB,0,123,0.0,0.61809,35
CIN,Tacario Davis,CB,0,43,0.0,0.21608,20
CIN,Kyle Dugger,S,0,41,0.0,0.20603,29
CIN,Jack Endries,TE,1,0,0.005525,0.0,84
CIN,Dylan Fairchild,G,181,0,1.0,0.0,63
CIN,Joe Flacco,QB,0,0,0.0,0.0,16
CIN,Javon Foster,T,3,0,0.016575,0.0,73
CIN,Mike Gesicki,TE,71,0,0.392265,0.0,88
CIN,Joe Giles-Harris,LB,0,0,0.0,0.0,43
CIN,Tee Higgins,WR,142,0,0.78453,0.0,5
CIN,B.J. Hill,DT,0,24,0.0,0.120603,92
CIN,Daxton Hill,CB,0,198,0.0,0.994975,23
CIN,Cashius Howell,DE,0,91,0.0,0.457286,55
CIN,Tanner Hudson,TE,19,0,0.104972,0.0,87
CIN,Andrei Iosivas,WR,71,0,0.392265,0.0,80
CIN,DJ Ivey,CB,0,17,0.0,0.085427,38
CIN,Kris Jenkins,DT,0,54,0.0,0.271357,90
CIN,Cedric Johnson,DE,0,54,0.0,0.271357,52
CIN,PJ Jules,S,0,0,0.0,0.0,37
CIN,Ted Karras,C,181,0,1.0,0.0,64
CIN,Demetrius Knight,LB,0,179,0.0,0.899497,44
CIN,Dexter Lawrence,DT,0,135,0.0,0.678392,97
CIN,Boye Mafe,DE,0,140,0.0,0.703518,53
CIN,Evan McPherson,K,0,0,0.0,0.0,2
CIN,Dohnte Meyers,WR,53,0,0.292818,0.0,81
CIN,Amarius Mims,T,178,0,0.983425,0.0,71
CIN,Myles Murphy,DE,0,124,0.0,0.623116,99
CIN,Samaje Perine,HB,60,0,0.331492,0.0,34
CIN,Ryan Rehkow,P,0,0,0.0,0.0,8
CIN,Dalton Risner,G,181,0,1.0,0.0,66
CIN,Jalen Rivers,G,0,0,0.0,0.0,74
CIN,Drew Sample,TE,107,0,0.59116,0.0,89
CIN,Tedarrell Slaton,DT,0,70,0.0,0.351759,98
CIN,Shemar Stewart,DE,0,5,0.0,0.025126,94
CIN,DJ Turner,CB,0,198,0.0,0.994975,0
CIN,William Wagner,LS,0,0,0.0,0.0,46
CIN,Ke'Shawn Williams,WR,0,0,0.0,0.0,12
CIN,Colbie Young,WR,20,0,0.110497,0.0,86
CLE,Austin Barber,T,179,0,1.0,0.0,58
CLE,Derek Barnett,DE,0,66,0.0,0.331658,97
CLE,Mekhi Blackmon,CB,0,92,0.0,0.462312,29
CLE,Corey Bojorquez,P,0,0,0.0,0.0,13
CLE,Isaiah Bond,WR,16,0,0.089385,0.0,0
CLE,Denzel Boston,WR,163,0,0.910615,0.0,12
CLE,Michael Burton,FB,31,0,0.173184,0.0,34
CLE,Tyson Campbell,CB,0,106,0.0,0.532663,7
CLE,Maliek Collins,DT,0,116,0.0,0.582915,96
CLE,KC Concepcion,WR,133,0,0.743017,0.0,1
CLE,Malachi Corley,WR,1,0,0.005587,0.0,11
CLE,Grant Delpit,S,0,199,0.0,1.0,9
CLE,Harold Fannin,TE,152,0,0.849162,0.0,44
CLE,Spencer Fano,T,179,0,1.0,0.0,55
CLE,Mason Graham,DT,0,131,0.0,0.658291,94
CLE,Michael Hall,DT,0,93,0.0,0.467337,51
CLE,Myles Harden,CB,0,141,0.0,0.708543,26
CLE,Ronnie Hickman,S,0,196,0.0,0.984925,33
CLE,Tytus Howard,T,177,0,0.988827,0.0,71
CLE,Adin Huntington,DE,0,68,0.0,0.341709,98
CLE,Noah Igbinoghene,CB,0,10,0.0,0.050251,20
CLE,Elgton Jenkins,C,179,0,1.0,0.0,74
CLE,Jerry Jeudy,WR,102,0,0.569832,0.0,3
CLE,Zion Johnson,G,178,0,0.994413,0.0,77
CLE,Dawand Jones,T,2,0,0.011173,0.0,79
CLE,Quinshon Judkins,RB,108,0,0.603352,0.0,10
CLE,Easton Mascarenas-Arnold,LB,0,19,0.0,0.095477,42
CLE,Isaiah McGuire,DE,0,120,0.0,0.603015,57
CLE,Jaleel McLaughlin,RB,12,0,0.067039,0.0,38
CLE,Donovan McMillon,S,0,0,0.0,0.0,31
CLE,Emmanuel McNeil-Warren,S,0,44,0.0,0.221106,28
CLE,Toriano Pride,CB,0,0,0.0,0.0,35
CLE,Winston Reid,LB,0,1,0.0,0.005025,59
CLE,D'Angelo Ross,CB,0,0,0.0,0.0,37
CLE,Carsen Ryan,TE,1,0,0.005587,0.0,48
CLE,Dylan Sampson,RB,0,0,0.0,0.0,22
CLE,Raheim Sanders,RB,59,0,0.329609,0.0,23
CLE,Shedeur Sanders,QB,1,0,0.005587,0.0,2
CLE,Carson Schwesinger,LB,0,199,0.0,1.0,49
CLE,Rex Sunahara,LS,0,0,0.0,0.0,50
CLE,Andre Szmyt,K,0,0,0.0,0.0,25
CLE,Daniel Thomas,S,0,0,0.0,0.0,24
CLE,Jared Verse,DE,0,131,0.0,0.658291,8
CLE,Tylan Wallace,WR,43,0,0.240223,0.0,16
CLE,Denzel Ward,CB,0,198,0.0,0.994975,21
CLE,Deshaun Watson,QB,178,0,0.994413,0.0,4
CLE,Nathaniel Watson,LB,0,0,0.0,0.0,40
CLE,Blake Whiteheart,TE,74,0,0.413408,0.0,86
CLE,Quincy Williams,LB,0,188,0.0,0.944724,5
CLE,Sam Williams,DE,0,71,0.0,0.356784,54
CLE,Luke Wypler,C,0,0,0.0,0.0,56
CLE,Zak Zinter,G,1,0,0.005587,0.0,70
DAL,Bryan Anger,P,0,0,0.0,0.0,5
DAL,Brandon Aubrey,K,0,0,0.0,0.0,17
DAL,Jaishawn Barham,LB,0,129,0.0,0.632353,55
DAL,Justin Barron,LB,0,1,0.0,0.004902,45
DAL,T.J. Bass,G,187,0,1.0,0.0,66
DAL,Cooper Beebe,C,187,0,1.0,0.0,56
DAL,Markquese Bell,S,0,101,0.0,0.495098,14
DAL,DaRon Bland,CB,0,200,0.0,0.980392,26
DAL,Tyler Booker,G,187,0,1.0,0.0,52
DAL,Jonathan Bullard,DT,0,64,0.0,0.313725,90
DAL,Caelen Carson,CB,0,17,0.0,0.083333,21
DAL,Alijah Clark,S,0,20,0.0,0.098039,11
DAL,Kenny Clark,DT,0,144,0.0,0.705882,97
DAL,Emari Demercado,RB,14,0,0.074866,0.0,31
DAL,Caleb Downs,DB,0,196,0.0,0.960784,13
DAL,Cobie Durant,CB,0,87,0.0,0.426471,2
DAL,Donovan Ezeiruaku,LB,0,141,0.0,0.691176,6
DAL,Jake Ferguson,TE,128,0,0.684492,0.0,87
DAL,Ryan Flournoy,WR,132,0,0.705882,0.0,19
DAL,Rashan Gary,LB,0,135,0.0,0.661765,7
DAL,Tyler Goodson,RB,11,0,0.058824,0.0,32
DAL,Tyler Guyton,T,187,0,1.0,0.0,60
DAL,Malik Hooker,S,0,12,0.0,0.058824,24
DAL,James Houston,LB,0,10,0.0,0.04902,41
DAL,Shemar James,LB,0,60,0.0,0.294118,50
DAL,Broderick Jones,T,1,0,0.005348,0.0,77
DAL,CeeDee Lamb,WR,149,0,0.796791,0.0,88
DAL,Malachi Lawrence,LB,0,70,0.0,0.343137,57
DAL,Nick Leverett,OL,0,0,0.0,0.0,51
DAL,P.J. Locke,S,0,31,0.0,0.151961,1
DAL,Hunter Luepke,FB,35,0,0.187166,0.0,30
DAL,Von Miller,LB,0,48,0.0,0.235294,40
DAL,Jonathan Mingo,WR,35,0,0.187166,0.0,18
DAL,Otito Ogbonnia,DT,0,109,0.0,0.534314,91
DAL,DeMarvion Overshown,LB,0,51,0.0,0.25,0
DAL,LT Overton,DT,0,48,0.0,0.235294,99
DAL,George Pickens,WR,154,0,0.823529,0.0,3
DAL,Dak Prescott,QB,187,0,1.0,0.0,4
DAL,Shavon Revel,CB,0,98,0.0,0.480392,28
DAL,Curtis Robinson,LB,0,2,0.0,0.009804,42
DAL,Luke Schoonmaker,TE,45,0,0.240642,0.0,86
DAL,Drew Shelton,T,4,0,0.02139,0.0,67
DAL,Trent Sieg,LS,0,0,0.0,0.0,44
DAL,Brevyn Spann-Ford,TE,62,0,0.331551,0.0,89
DAL,Ameer Speed,CB,0,8,0.0,0.039216,23
DAL,Terence Steele,T,186,0,0.994652,0.0,78
DAL,Reddy Steward,CB,0,2,0.0,0.009804,27
DAL,Jalen Thompson,S,0,167,0.0,0.818627,34
DAL,KaVontae Turpin,WR,25,0,0.13369,0.0,9
DAL,Tyrus Wheat,LB,0,5,0.0,0.02451,59
DAL,Javonte Williams,RB,141,0,0.754011,0.0,33
DAL,Quinnen Williams,DT,0,151,0.0,0.740196,92
DAL,Dee Winters,LB,0,137,0.0,0.671569,53
DEN,Kris Abrams-Draine,CB,0,0,0.0,0.0,31
DEN,Nate Adkins,TE,59,0,0.327778,0.0,45
DEN,Zach Allen,DL,0,151,0.0,0.705607,99
DEN,Tycen Anderson,S,0,0,0.0,0.0,6
DEN,Tyler Badie,RB,28,0,0.155556,0.0,28
DEN,Jahdae Barron,CB,0,30,0.0,0.140187,23
DEN,Garett Bolles,T,180,0,1.0,0.0,72
DEN,Nik Bonitto,LB,0,134,0.0,0.626168,15
DEN,Pat Bryant,WR,118,0,0.655556,0.0,13
DEN,Jonah Coleman,RB,28,0,0.155556,0.0,20
DEN,Jeremy Crawshaw,P,0,0,0.0,0.0,16
DEN,J.K. Dobbins,RB,76,0,0.422222,0.0,27
DEN,Jonah Elliss,LB,0,134,0.0,0.626168,52
DEN,Evan Engram,TE,104,0,0.577778,0.0,1
DEN,Alex Forsyth,C,0,0,0.0,0.0,54
DEN,Mitchell Fraboni,LS,0,0,0.0,0.0,48
DEN,Troy Franklin,WR,42,0,0.233333,0.0,11
DEN,RJ Harvey,RB,50,0,0.277778,0.0,12
DEN,Talanoa Hufanga,S,3,211,0.016667,0.985981,9
DEN,Lil'Jordan Humphrey,WR,3,0,0.016667,0.0,5
DEN,Jordan Jackson,DL,0,17,0.0,0.079439,94
DEN,Brandon Jones,S,0,208,0.0,0.971963,22
DEN,D.J. Jones,DT,0,102,0.0,0.476636,93
DEN,Sai'vion Jones,DE,0,21,0.0,0.098131,95
DEN,Kolbe Katsis,WR,0,0,0.0,0.0,81
DEN,Devon Key,DB,0,7,0.0,0.03271,26
DEN,Wil Lutz,K,0,0,0.0,0.0,3
DEN,Mike McGlinchey,T,180,0,1.0,0.0,69
DEN,Ja'Quan McMillian,CB,0,143,0.0,0.668224,29
DEN,Quinn Meinerz,G,178,0,0.988889,0.0,77
DEN,Marvin Mims,WR,9,0,0.05,0.0,19
DEN,Riley Moss,CB,0,213,0.0,0.995327,21
DEN,Bo Nix,QB,180,0,1.0,0.0,10
DEN,Alex Palczewski,T,10,0,0.055556,0.0,63
DEN,Matt Peart,T,0,0,0.0,0.0,79
DEN,Ben Powers,G,180,0,1.0,0.0,74
DEN,Adam Prentice,FB,18,0,0.1,0.0,46
DEN,Karene Reid,LB,0,0,0.0,0.0,47
DEN,Malcolm Roach,DT,0,119,0.0,0.556075,97
DEN,Quandarrius Robinson,LB,0,86,0.0,0.401869,51
DEN,Alex Singleton,LB,0,213,0.0,0.995327,49
DEN,JL Skinner,S,0,1,0.0,0.004673,34
DEN,Justin Strnad,LB,0,167,0.0,0.780374,40
DEN,Patrick Surtain II,CB,1,214,0.005556,1.0,2
DEN,Courtland Sutton,WR,142,0,0.788889,0.0,14
DEN,Dondrea Tillman,LB,0,77,0.0,0.359813,92
DEN,Adam Trautman,TE,86,0,0.477778,0.0,82
DEN,Jordan Turner,LB,0,3,0.0,0.014019,55
DEN,Eyioma Uwazurike,DL,0,103,0.0,0.481308,96
DEN,Jaylen Waddle,WR,125,0,0.694444,0.0,17
DEN,Luke Wattenberg,C,180,0,1.0,0.0,60
DET,Keith Abney,CB,0,25,0.0,0.108696,6
DET,Joe Bachie,LB,0,0,0.0,0.0,35
DET,Derrick Barnes,LB,0,208,0.0,0.904348,55
DET,Ben Bartch,OL,131,0,0.63285,0.0,78
DET,Jake Bates,K,0,0,0.0,0.0,39
DET,Larry Borom,OL,89,0,0.429952,0.0,79
DET,Jack Campbell,LB,0,230,0.0,1.0,46
DET,Chuck Clark,S,0,171,0.0,0.743478,36
DET,Devin Cochran,OL,0,0,0.0,0.0,77
DET,Tyler Conklin,TE,14,0,0.067633,0.0,83
DET,Khalil Dorsey,CB,0,2,0.0,0.008696,30
DET,Jack Fox,P,0,0,0.0,0.0,3
DET,Miles Frazier,OL,0,0,0.0,0.0,71
DET,Jahmyr Gibbs,RB,156,0,0.753623,0.0,0
DET,Skyler Gill-Howard,DL,1,104,0.004831,0.452174,50
DET,Jared Goff,QB,207,0,1.0,0.0,16
DET,Thomas Harper,S,0,87,0.0,0.378261,12
DET,Hogan Hatten,LS,0,0,0.0,0.0,49
DET,Aidan Hutchinson,DE,0,202,0.0,0.878261,97
DET,Christian Izien,DB,0,90,0.0,0.391304,5
DET,Tom Kennedy,WR,0,0,0.0,0.0,85
DET,Sam LaPorta,TE,186,0,0.898551,0.0,87
DET,Tyler Lacy,DL,0,70,0.0,0.304348,93
DET,Avonte Maddox,DB,0,112,0.0,0.486957,29
DET,Christian Mahogany,OL,76,0,0.36715,0.0,73
DET,Tay Martin,WR,2,0,0.009662,0.0,17
DET,Roger McCreary,CB,0,121,0.0,0.526087,21
DET,Alim McNeill,DL,0,197,0.0,0.856522,54
DET,Jackson Meeks,TE,11,0,0.05314,0.0,13
DET,Blake Miller,T,142,0,0.68599,0.0,76
DET,Derrick Moore,DE,0,44,0.0,0.191304,8
DET,Trevor Nowaske,LB,0,46,0.0,0.2,53
DET,Eric O'Neill,DE,0,5,0.0,0.021739,66
DET,Amen Ogbongbemiga,LB,0,0,0.0,0.0,57
DET,Levi Onwuzurike,DL,0,33,0.0,0.143478,95
DET,Ennis Rakestraw,CB,0,23,0.0,0.1,2
DET,Tate Ratledge,OL,207,0,1.0,0.0,69
DET,D.J. Reed,CB,0,222,0.0,0.965217,4
DET,Malcolm Rodriguez,LB,0,54,0.0,0.234783,44
DET,Jimmy Rolder,LB,0,0,0.0,0.0,41
DET,Jacob Saylors,RB,2,0,0.009662,0.0,25
DET,Juice Scruggs,OL,207,0,1.0,0.0,70
DET,Penei Sewell,T,207,0,1.0,0.0,58
DET,Ben Stille,DL,0,9,0.0,0.03913,96
DET,Amon-Ra St. Brown,WR,179,0,0.864734,0.0,14
DET,Isaac TeSlaa,WR,132,0,0.637681,0.0,18
DET,Sione Vaki,RB,53,0,0.256039,0.0,33
DET,Devin White,LB,0,51,0.0,0.221739,45
DET,Jameson Williams,WR,181,0,0.874396,0.0,1
DET,Tyleik Williams,DL,0,112,0.0,0.486957,91
DET,D.J. Wonnum,DE,0,140,0.0,0.608696,98
DET,Brock Wright,TE,94,0,0.454106,0.0,89
DET,Rock Ya-Sin,CB,0,172,0.0,0.747826,23
GB,Aaron Banks,G,22,0,0.11399,0.0,65
GB,Anthony Belton,T,126,0,0.65285,0.0,71
GB,Chris Brooks,RB,92,0,0.476684,0.0,30
GB,Karl Brooks,DT,0,130,0.0,0.619048,94
GB,Javon Bullard,S,0,137,0.0,0.652381,7
GB,Jager Burton,C,89,0,0.46114,0.0,52
GB,Anthony Campbell,DT,0,9,0.0,0.042857,93
GB,Brandon Cisse,CB,0,193,0.0,0.919048,2
GB,Edgerrin Cooper,LB,0,193,0.0,0.919048,56
GB,Brenton Cox,DE,0,82,0.0,0.390476,57
GB,Dani Dennis-Sutton,DE,0,90,0.0,0.428571,51
GB,Jonathan Ford,DT,0,87,0.0,0.414286,96
GB,Zaire Franklin,LB,0,210,0.0,1.0,44
GB,Matthew Golden,WR,161,0,0.834197,0.0,0
GB,Kamal Hadden,CB,0,0,0.0,0.0,36
GB,Javon Hargrave,DT,0,63,0.0,0.3,98
GB,Ty'Ron Hopper,LB,0,1,0.0,0.004762,59
GB,Donovan Jennings,G,89,0,0.46114,0.0,67
GB,Kaleb Johnson,RB,40,0,0.207254,0.0,26
GB,Tucker Kraft,TE,153,0,0.792746,0.0,85
GB,MarShawn Lloyd,RB,61,0,0.316062,0.0,32
GB,Jordan Love,QB,193,0,1.0,0.0,10
GB,Chris McClellan,DT,0,91,0.0,0.433333,55
GB,Isaiah McDuffie,LB,0,19,0.0,0.090476,58
GB,Xavier McKinney,S,0,210,0.0,1.0,29
GB,Bo Melton,WR,38,0,0.196891,0.0,16
GB,J. Michael Sturdivant,WR,30,0,0.15544,0.0,87
GB,Jacob Monk,C,186,0,0.963731,0.0,62
GB,Skyy Moore,WR,59,0,0.305699,0.0,23
GB,Jordan Morgan,T,193,0,1.0,0.0,77
GB,Nick Niemann,LB,0,0,0.0,0.0,31
GB,Keisean Nixon,CB,0,209,0.0,0.995238,25
GB,Kitan Oladapo,S,0,0,0.0,0.0,27
GB,Matthew Orzech,LS,0,0,0.0,0.0,42
GB,Mark Redman,TE,49,0,0.253886,0.0,86
GB,Jayden Reed,WR,41,0,0.212435,0.0,11
GB,Sean Rhyan,C,193,0,1.0,0.0,75
GB,Trey Smack,K,0,0,0.0,0.0,28
GB,Jonnu Smith,TE,67,0,0.34715,0.0,18
GB,Barryn Sorrell,DE,0,100,0.0,0.47619,99
GB,Benjamin St-Juste,CB,0,1,0.0,0.004762,21
GB,Zach Bako-Bewele,OL,71,0,0.367876,0.0,50
GB,Carrington Valentine,CB,0,18,0.0,0.085714,24
GB,Lukas Van Ness,DE,0,146,0.0,0.695238,90
GB,Christian Watson,WR,158,0,0.818653,0.0,9
GB,Kristian Welch,LB,0,0,0.0,0.0,54
GB,Daniel Whelan,P,0,0,0.0,0.0,19
GB,Josh Whyle,TE,12,0,0.062176,0.0,81
GB,Evan Williams,S,0,210,0.0,1.0,33
GB,John Williams,G,0,0,0.0,0.0,73
GB,Devonte Wyatt,DT,0,111,0.0,0.528571,95
HOU,Azeez Al-Shaair,LB,0,172,0.0,0.910053,0
HOU,Will Anderson,DE,0,155,0.0,0.820106,51
HOU,Jake Andrews,C,0,0,0.0,0.0,60
HOU,Reed Blankenship,S,0,172,0.0,0.910053,6
HOU,Lewis Bond,WR,22,0,0.103286,0.0,82
HOU,Kayshon Boutte,WR,131,0,0.615023,0.0,14
HOU,Austin Brinkman,LS,0,0,0.0,0.0,40
HOU,British Brooks,RB,0,0,0.0,0.0,44
HOU,Evan Brown,C,213,0,1.0,0.0,63
HOU,Trent Brown,T,213,0,1.0,0.0,77
HOU,Calen Bullock,S,0,187,0.0,0.989418,2
HOU,Jadeveon Clowney,DE,0,20,0.0,0.10582,90
HOU,Nico Collins,WR,57,0,0.267606,0.0,12
HOU,Jaden Crumedy,DT,0,18,0.0,0.095238,95
HOU,Mario Edwards,DT,0,56,0.0,0.296296,97
HOU,Aireontae Ersery,T,213,0,1.0,0.0,79
HOU,Ka'imi Fairbairn,K,0,0,0.0,0.0,15
HOU,Aiden Fisher,LB,0,0,0.0,0.0,59
HOU,Blake Fisher,T,18,0,0.084507,0.0,57
HOU,Logan Hall,DE,0,71,0.0,0.375661,96
HOU,Jake Hansen,LB,0,131,0.0,0.693122,35
HOU,Sabastian Harsh,DE,0,17,0.0,0.089947,54
HOU,Jamal Hill,LB,0,0,0.0,0.0,56
HOU,Jake Hummel,LB,0,0,0.0,0.0,33
HOU,Danielle Hunter,DE,0,151,0.0,0.798942,55
HOU,Xavier Hutchinson,WR,138,0,0.647887,0.0,19
HOU,Ed Ingram,G,79,0,0.370892,0.0,69
HOU,Marlin Klein,TE,22,0,0.103286,0.0,83
HOU,Kai Kroeger,P,0,0,0.0,0.0,38
HOU,Kamari Lassiter,CB,0,189,0.0,1.0,3
HOU,Woody Marks,RB,98,0,0.460094,0.0,4
HOU,David Montgomery,RB,115,0,0.539906,0.0,32
HOU,Foster Moreau,TE,89,0,0.41784,0.0,87
HOU,Jaylin Noel,WR,86,0,0.403756,0.0,13
HOU,Febechi Nwaiwu,G,0,0,0.0,0.0,64
HOU,George Odum,S,0,0,0.0,0.0,36
HOU,Jalen Pitre,S,0,189,0.0,1.0,5
HOU,Kamari Ramsey,S,0,1,0.0,0.005291,27
HOU,Sheldon Rankins,DT,0,129,0.0,0.68254,98
HOU,Dominique Robinson,DE,0,35,0.0,0.185185,94
HOU,Keylan Rutledge,C,213,0,1.0,0.0,66
HOU,Dalton Schultz,TE,135,0,0.633803,0.0,86
HOU,Jaylin Smith,CB,0,7,0.0,0.037037,22
HOU,Tremon Smith,CB,0,0,0.0,0.0,11
HOU,Derek Stingley Jr.,CB,0,189,0.0,1.0,24
HOU,Cade Stover,TE,56,0,0.262911,0.0,8
HOU,C.J. Stroud,QB,213,0,1.0,0.0,7
HOU,Wyatt Teller,G,134,0,0.629108,0.0,75
HOU,Tommy Togiai,DT,0,122,0.0,0.645503,72
HOU,Henry To'oTo'o,LB,0,51,0.0,0.269841,39
HOU,Jared Wayne,WR,98,0,0.460094,0.0,17
HOU,Wade Woodaz,LB,0,17,0.0,0.089947,30
IND,Adetomiwa Adebawore,DT,0,57,0.0,0.282178,95
IND,Austin Ajiake,LB,0,0,0.0,0.0,58
IND,Mo Alie-Cox,TE,66,0,0.347368,0.0,81
IND,CJ Allen,LB,0,11,0.0,0.054455,53
IND,Keenan Allen,WR,121,0,0.636842,0.0,10
IND,Bryce Boettcher,LB,0,61,0.0,0.30198,50
IND,Tanor Bortolini,C,190,0,1.0,0.0,60
IND,DeForest Buckner,DT,0,163,0.0,0.806931,99
IND,Deion Burks,WR,13,0,0.068421,0.0,80
IND,Camryn Bynum,S,0,202,0.0,1.0,0
IND,Jaylon Carlies,LB,0,129,0.0,0.638614,57
IND,Tahj Chambers,LB,0,0,0.0,0.0,44
IND,Micheal Clemons,DE,0,38,0.0,0.188119,72
IND,Caden Curry,DE,0,19,0.0,0.094059,55
IND,Akeem Davis-Gaither,LB,0,193,0.0,0.955446,51
IND,Josh Downs,WR,150,0,0.789474,0.0,2
IND,Ashton Dulin,WR,10,0,0.052632,0.0,16
IND,Jalen Farmer,G,0,0,0.0,0.0,62
IND,Sauce Gardner,CB,0,193,0.0,0.955446,1
IND,Matt Goncalves,G,190,0,1.0,0.0,71
IND,Anthony Gould,WR,0,0,0.0,0.0,6
IND,Kapena Gushiken,CB,0,8,0.0,0.039604,34
IND,Kenneth Harris,CB,0,4,0.0,0.019802,33
IND,A.J. Haulcy,S,0,138,0.0,0.683168,25
IND,Daniel Jones,QB,190,0,1.0,0.0,17
IND,Arden Key,DE,0,145,0.0,0.717822,98
IND,Laiatu Latu,DE,0,144,0.0,0.712871,97
IND,Seth McGowan,RB,21,0,0.110526,0.0,20
IND,Quenton Nelson,G,190,0,1.0,0.0,56
IND,Andrew Ogletree,TE,46,0,0.242105,0.0,85
IND,Jonathan Owens,S,0,2,0.0,0.009901,38
IND,Alec Pierce,WR,49,0,0.257895,0.0,14
IND,Bernhard Raimann,T,190,0,1.0,0.0,79
IND,Luke Rhodes,LS,0,0,0.0,0.0,46
IND,Rigoberto Sanchez,P,0,0,0.0,0.0,8
IND,Spencer Shrader,K,0,0,0.0,0.0,3
IND,Tim Smith,DT,0,26,0.0,0.128713,93
IND,Grover Stewart,DT,0,128,0.0,0.633663,90
IND,Cam Taylor-Britt,CB,0,35,0.0,0.173267,29
IND,Jonathan Taylor,RB,169,0,0.889474,0.0,28
IND,Luke Tenuta,T,6,0,0.031579,0.0,67
IND,Jerry Tillery,DT,0,95,0.0,0.470297,94
IND,Jalen Travis,T,190,0,1.0,0.0,75
IND,Laquon Treadwell,WR,123,0,0.647368,0.0,13
IND,JT Tuimoloau,DE,0,78,0.0,0.386139,91
IND,Sedrick Van Pran-Granger,C,0,0,0.0,0.0,63
IND,Justin Walley,CB,0,139,0.0,0.688119,27
IND,Charvarius Ward,CB,0,153,0.0,0.757426,7
IND,Tyler Warren,TE,175,1,0.921053,0.00495,84
IND,Nick Westbrook-Ikhine,WR,1,0,0.005263,0.0,12
IND,Hunter Wohler,S,0,59,0.0,0.292079,30
JAX,Ameer Abdullah,RB,18,0,0.101124,0.0,20
JAX,Josh Hines-Allen,DE,0,129,0.0,0.732955,41
JAX,LeQuint Allen,RB,21,0,0.117978,0.0,5
JAX,Arik Armstead,DT,0,107,0.0,0.607955,91
JAX,Nate Boerkircher,TE,89,0,0.5,0.0,87
JAX,Christian Braswell,CB,0,15,0.0,0.085227,21
JAX,Montaric Brown,CB,0,117,0.0,0.664773,1
JAX,Josh Cameron,WR,52,0,0.292135,0.0,19
JAX,Ezra Cleveland,OL,166,0,0.932584,0.0,76
JAX,Branson Combs,LB,0,38,0.0,0.215909,50
JAX,Logan Cooke,P,0,0,0.0,0.0,9
JAX,Matt Dickerson,DT,0,66,0.0,0.375,93
JAX,Quinn Ewers,QB,3,0,0.016854,0.0,10
JAX,Dennis Gardeck,LB,0,71,0.0,0.403409,47
JAX,B.J. Green,DE,0,0,0.0,0.0,95
JAX,Robert Hainsey,OL,168,0,0.94382,0.0,73
JAX,DaVon Hamilton,DT,0,83,0.0,0.471591,52
JAX,Anton Harrison,OL,178,0,1.0,0.0,77
JAX,Travis Hunter,WR,15,111,0.08427,0.630682,12
JAX,Antonio Johnson,S,0,161,0.0,0.914773,6
JAX,Jarrian Jones,CB,0,122,0.0,0.693182,4
JAX,Tanner Koziol,TE,3,0,0.016854,0.0,88
JAX,Rayuan Lane,S,0,15,0.0,0.085227,25
JAX,Trevor Lawrence,QB,168,0,0.94382,0.0,16
JAX,Jourdan Lewis,CB,0,100,0.0,0.568182,2
JAX,Cam Little,K,0,0,0.0,0.0,39
JAX,Walker Little,OL,24,0,0.134831,0.0,72
JAX,Ross Matiscik,LS,0,0,0.0,0.0,46
JAX,Jalen McLeod,LB,0,0,0.0,0.0,35
JAX,Jakobi Meyers,WR,140,0,0.786517,0.0,3
JAX,Ventrell Miller,LB,0,126,0.0,0.715909,51
JAX,Wyatt Milum,OL,18,0,0.101124,0.0,64
JAX,Jonah Monheim,OL,10,0,0.05618,0.0,60
JAX,Quintin Morris,TE,55,0,0.308989,0.0,80
JAX,Nick Mullens,QB,7,0,0.039326,0.0,14
JAX,Eric Murray,S,0,146,0.0,0.829545,29
JAX,Foyesade Oluokun,LB,0,146,0.0,0.829545,23
JAX,Ruke Orhorhoro,DT,0,72,0.0,0.409091,99
JAX,Emmanuel Pregnon,OL,178,0,1.0,0.0,75
JAX,Caleb Ransaw,S,0,59,0.0,0.335227,27
JAX,Albert Regis,DT,0,18,0.0,0.102273,98
JAX,Chris Rodriguez,RB,49,0,0.275281,0.0,24
JAX,Brenton Strange,TE,136,0,0.764045,0.0,85
JAX,Danny Striggow,DE,0,55,0.0,0.3125,92
JAX,Jahlani Tavai,LB,0,16,0.0,0.090909,31
JAX,Brian Thomas,WR,75,0,0.421348,0.0,7
JAX,Bryan Thomas Jr.,DE,0,30,0.0,0.170455,57
JAX,Bhayshul Tuten,RB,88,0,0.494382,0.0,33
JAX,Cole Van Lanen,OL,154,0,0.865169,0.0,70
JAX,Travon Walker,DE,0,127,0.0,0.721591,44
JAX,Parker Washington,WR,133,0,0.747191,0.0,11
JAX,CJ Williams,WR,10,0,0.05618,0.0,18
KC,Cyrus Allen,WR,5,0,0.024876,0.0,13
KC,Felix Anudike-Uzomah,DE,0,88,0.0,0.465608,91
KC,Matt Araiza,P,0,0,0.0,0.0,14
KC,Jeffrey Bassa,LB,0,11,0.0,0.058201,31
KC,Kahlil Benson,T,201,0,1.0,0.0,70
KC,Nick Bolton,LB,0,189,0.0,1.0,32
KC,Jake Briningstool,TE,29,0,0.144279,0.0,88
KC,Harrison Butker,K,0,0,0.0,0.0,7
KC,Mike Caliendo,OL,5,0,0.024876,0.0,66
KC,Jadon Canady,DB,0,1,0.0,0.005291,22
KC,Cole Christiansen,LB,0,0,0.0,0.0,48
KC,Jack Cochrane,LB,0,49,0.0,0.259259,43
KC,Mansoor Delane,CB,0,75,0.0,0.396825,5
KC,Bryson Eason,DT,0,7,0.0,0.037037,94
KC,Joshua Ezeudu,OL,5,0,0.024876,0.0,73
KC,Justin Fields,QB,1,0,0.004975,0.0,6
KC,Kristian Fulton,CB,0,99,0.0,0.52381,8
KC,Ashton Gillotte,DE,0,77,0.0,0.407407,97
KC,Alohi Gilman,S,0,189,0.0,1.0,17
KC,Noah Gray,TE,111,0,0.552239,0.0,83
KC,Marcus Harris,DT,0,7,0.0,0.037037,96
KC,Jaden Hicks,DB,0,189,0.0,1.0,21
KC,Creed Humphrey,C,201,0,1.0,0.0,52
KC,Emmett Johnson,RB,53,0,0.263682,0.0,10
KC,Chris Jones,DT,0,123,0.0,0.650794,95
KC,George Karlaftis III,DE,0,160,0.0,0.846561,56
KC,Travis Kelce,TE,158,0,0.78607,0.0,87
KC,Patrick Mahomes,QB,201,0,1.0,0.0,15
KC,R Mason Thomas,DE,0,95,0.0,0.502646,51
KC,Cooper McDonald,LB,0,0,0.0,0.0,44
KC,Jaylon Moore,OL,198,0,0.985075,0.0,77
KC,Hunter Nourzad,OL,10,0,0.049751,0.0,64
KC,Xavier Nwankpa,S,0,1,0.0,0.005291,29
KC,Nikko Remigio,WR,0,0,0.0,0.0,81
KC,Rashee Rice,WR,160,0,0.79602,0.0,4
KC,Christian Roland-Wallace,CB,0,26,0.0,0.137566,30
KC,Jalen Royals,WR,22,0,0.109453,0.0,11
KC,Brashard Smith,RB,4,0,0.0199,0.0,24
KC,Trey Smith,G,201,0,1.0,0.0,65
KC,L'Jarius Sneed,CB,0,148,0.0,0.783069,38
KC,Kingsley Suamataia,OL,201,0,1.0,0.0,76
KC,Tyquan Thornton,WR,118,0,0.587065,0.0,2
KC,Khyiris Tonga,NT,8,88,0.039801,0.465608,92
KC,Drue Tranquill,LB,0,175,0.0,0.925926,23
KC,Ben VanSumeren,FB,3,0,0.014925,0.0,47
KC,Kenneth Walker III,RB,151,0,0.751244,0.0,9
KC,Nohl Williams,DB,0,184,0.0,0.973545,20
KC,James Winchester,LS,0,0,0.0,0.0,41
KC,Peter Woods,DL,0,98,0.0,0.518519,99
KC,Xavier Worthy,WR,165,0,0.820896,0.0,1
LA,Davante Adams,WR,144,0,0.688995,0.0,17
LA,Davis Allen,TE,84,0,0.401914,0.0,87
LA,Tutu Atwell,WR,11,0,0.052632,0.0,8
LA,Steve Avila,OL,209,0,1.0,0.0,73
LA,Wesley Bailey,LB,0,32,0.0,0.168421,47
LA,Stetson Bennett,QB,10,0,0.047847,0.0,13
LA,Joe Cardona,LS,0,0,0.0,0.0,49
LA,Dean Connors,RB,0,0,0.0,0.0,33
LA,Blake Corum,RB,67,0,0.320574,0.0,24
LA,Kamren Curl,S,0,154,0.0,0.810526,3
LA,Tyler Davis,DE,0,75,0.0,0.394737,90
LA,Shaun Dolac,LB,0,19,0.0,0.1,56
LA,Aaron Donald,DE,0,68,0.0,0.357895,99
LA,Kevin Dotson,OL,206,0,0.985646,0.0,69
LA,Ethan Evans,P,0,0,0.0,0.0,42
LA,Terrance Ferguson,TE,89,0,0.425837,0.0,18
LA,Braden Fiske,DE,0,94,0.0,0.494737,55
LA,Emmanuel Forbes,CB,0,46,0.0,0.242105,1
LA,Poona Ford,NT,0,72,0.0,0.378947,97
LA,Myles Garrett,LB,0,40,0.0,0.210526,95
LA,Ty Hamilton,NT,0,29,0.0,0.152632,57
LA,Tyler Higbee,TE,89,0,0.425837,0.0,89
LA,Tanner Ingle,S,0,0,0.0,0.0,34
LA,Alaric Jackson,OL,209,0,1.0,0.0,77
LA,Desjuan Johnson,LB,0,37,0.0,0.194737,94
LA,Kamren Kinchens,S,0,52,0.0,0.273684,5
LA,Max Klare,TE,0,0,0.0,0.0,86
LA,Quentin Lake,S,0,190,0.0,1.0,37
LA,Nathan Landman,LB,0,172,0.0,0.905263,53
LA,Beaux Limmer,OL,3,0,0.014354,0.0,50
LA,Warren McClendon,OL,209,0,1.0,0.0,71
LA,Jaylen McCollough,S,0,94,0.0,0.494737,2
LA,Trent McDuffie,CB,0,189,0.0,0.994737,22
LA,Harrison Mevis,K,0,0,0.0,0.0,92
LA,Konata Mumpfield,WR,122,0,0.583732,0.0,4
LA,Puka Nacua,WR,43,0,0.205742,0.0,12
LA,Elias Neal,LB,0,0,0.0,0.0,58
LA,Colby Parkinson,TE,128,0,0.61244,0.0,84
LA,David Quessenberry,OL,0,0,0.0,0.0,68
LA,Ronnie Rivers,RB,8,0,0.038278,0.0,20
LA,Coleman Shelton,OL,209,0,1.0,0.0,65
LA,Xavier Smith,WR,80,0,0.382775,0.0,19
LA,Omar Speights,LB,0,95,0.0,0.5,48
LA,Matthew Stafford,QB,199,0,0.952153,0.0,9
LA,Josaiah Stewart,LB,0,126,0.0,0.663158,10
LA,Grant Stuard,LB,0,0,0.0,0.0,44
LA,Kobie Turner,DE,0,118,0.0,0.621053,91
LA,Josh Wallace,CB,0,101,0.0,0.531579,30
LA,Jaylen Watson,CB,0,140,0.0,0.736842,35
LA,Jordan Whittington,WR,46,0,0.220096,0.0,88
LA,Kyren Williams,RB,134,0,0.641148,0.0,23
LA,Byron Young,LB,0,147,0.0,0.773684,0
LAC,Joe Alt,T,192,0,1.0,0.0,76
LAC,Kayode Awosika,G,85,0,0.442708,0.0,74
LAC,Nick Barrett,DL,0,40,0.0,0.196078,91
LAC,Travis Burke,T,9,0,0.046875,0.0,77
LAC,Jamaree Caldwell,DL,0,113,0.0,0.553922,99
LAC,Derius Davis,WR,19,0,0.098958,0.0,12
LAC,Cameron Dicker,K,0,0,0.0,0.0,11
LAC,Bud Dupree,LB,0,58,0.0,0.284314,48
LAC,Troy Dye,LB,0,54,0.0,0.264706,43
LAC,Justin Eboigbe,DL,0,122,0.0,0.598039,92
LAC,Oronde Gadsden II,TE,79,0,0.411458,0.0,86
LAC,Omarion Hampton,RB,104,0,0.541667,0.0,8
LAC,Josh Harris,LS,0,0,0.0,0.0,47
LAC,Tre Harris,WR,137,0,0.713542,0.0,9
LAC,Cam Hart,CB,0,168,0.0,0.823529,20
LAC,Daiyan Henley,LB,0,178,0.0,0.872549,0
LAC,Justin Herbert,QB,192,0,1.0,0.0,10
LAC,Patrick Herbert,TE,1,0,0.005208,0.0,81
LAC,Alec Ingold,FB,80,0,0.416667,0.0,30
LAC,Donte Jackson,CB,0,106,0.0,0.519608,26
LAC,Derwin James,S,0,193,0.0,0.946078,3
LAC,Tony Jefferson,S,0,124,0.0,0.607843,23
LAC,Gary Jennings Jr,WR,0,0,0.0,0.0,87
LAC,Quentin Johnston,WR,158,0,0.822917,0.0,1
LAC,Charlie Kolar,TE,72,0,0.375,0.0,88
LAC,KeAndre Lambert-Smith,WR,0,0,0.0,0.0,84
LAC,Deane Leonard,DB,0,0,0.0,0.0,33
LAC,Khalil Mack,LB,0,142,0.0,0.696078,52
LAC,Ladd McConkey,WR,119,0,0.619792,0.0,15
LAC,Akheem Mesidor,LB,0,101,0.0,0.495098,90
LAC,R.J. Mickens,S,0,60,0.0,0.294118,27
LAC,Keaton Mitchell,RB,60,0,0.3125,0.0,34
LAC,Elijah Molden,DB,0,53,0.0,0.259804,2
LAC,Caleb Murphy,LB,0,0,0.0,0.0,50
LAC,David Njoku,TE,41,0,0.213542,0.0,83
LAC,Trevor Penning,OL,98,0,0.510417,0.0,75
LAC,Del'Shawn Phillips,LB,0,112,0.0,0.54902,53
LAC,Trey Pipkins,T,20,0,0.104167,0.0,79
LAC,Hayden Rucci,TE,28,0,0.145833,0.0,40
LAC,JK Scott,P,0,0,0.0,0.0,16
LAC,Rodney Shelley,CB,0,14,0.0,0.068627,24
LAC,Rashawn Slater,T,192,0,1.0,0.0,70
LAC,Jake Slaughter,OL,192,0,1.0,0.0,66
LAC,Genesis Smith,S,0,105,0.0,0.514706,22
LAC,Tarheeb Still,CB,0,179,0.0,0.877451,4
LAC,Cole Strange,G,181,0,0.942708,0.0,69
LAC,Teair Tart,DL,0,103,0.0,0.504902,93
LAC,Logan Taylor,G,0,0,0.0,0.0,65
LAC,Brenen Thompson,WR,22,0,0.114583,0.0,89
LAC,Dalvin Tomlinson,DL,0,65,0.0,0.318627,94
LAC,Tuli Tuipulotu,LB,0,154,0.0,0.754902,45
LAC,Marquez Valdes-Scantling,WR,3,0,0.015625,0.0,13
LAC,Kimani Vidal,RB,28,0,0.145833,0.0,28
LAC,Marlowe Wax,LB,0,0,0.0,0.0,58
LAC,Kendall Williamson,S,0,0,0.0,0.0,32
LV,Jack Bech,WR,72,0,0.358209,0.0,18
LV,Malik Benson,WR,19,0,0.094527,0.0,19
LV,Thomas Booker,DT,0,69,0.0,0.348485,99
LV,Brock Bowers,TE,55,0,0.273632,0.0,89
LV,Spencer Burford,G,201,0,1.0,0.0,70
LV,Adam Butler,DT,0,78,0.0,0.393939,69
LV,Jeremy Chinn,S,0,198,0.0,1.0,11
LV,AJ Cole III,P,0,0,0.0,0.0,6
LV,Kirk Cousins,QB,201,0,1.0,0.0,8
LV,Maxx Crosby,DE,0,169,0.0,0.853535,98
LV,Nakobe Dean,LB,0,194,0.0,0.979798,17
LV,Tommy Eichenberg,LB,0,35,0.0,0.176768,44
LV,Folorunso Fatukasi,DT,0,77,0.0,0.388889,94
LV,Matt Gay,K,0,0,0.0,0.0,14
LV,Delmar Glaze,T,201,0,1.0,0.0,71
LV,Charles Grant,T,0,0,0.0,0.0,60
LV,Tonka Hemingway,DT,0,121,0.0,0.611111,97
LV,Connor Heyward,FB,70,0,0.348259,0.0,34
LV,Ashton Jeanty,RB,160,0,0.79602,0.0,2
LV,Patrick Johnson,DE,0,13,0.0,0.065657,93
LV,Taron Johnson,CB,0,167,0.0,0.843434,3
LV,Malcolm Koonce,DE,0,92,0.0,0.464646,51
LV,Dylan Laube,RB,22,0,0.109453,0.0,23
LV,Jonah Laulu,DT,0,60,0.0,0.30303,96
LV,Cody Lindenberg,LB,0,0,0.0,0.0,55
LV,Tyler Linderbaum,C,201,0,1.0,0.0,65
LV,Darrell Luter,CB,0,0,0.0,0.0,25
LV,Hezekiah Masses,CB,0,134,0.0,0.676768,35
LV,Michael Mayer,TE,169,0,0.840796,0.0,87
LV,Jermod McCoy,CB,0,18,0.0,0.090909,28
LV,Tristin McCollum,S,0,0,0.0,0.0,27
LV,Kolton Miller,T,201,0,1.0,0.0,74
LV,Chris Myarick,TE,8,0,0.039801,0.0,41
LV,Jalen Nailor,WR,119,0,0.59204,0.0,9
LV,Segun Olubi,LB,0,0,0.0,0.0,50
LV,Kwity Paye,DE,0,113,0.0,0.570707,95
LV,Isaiah Pola-Mao,S,0,112,0.0,0.565657,20
LV,Darien Porter,CB,0,46,0.0,0.232323,26
LV,Jackson Powers-Johnson,G,196,0,0.975124,0.0,58
LV,Caleb Rogers,G,5,0,0.024876,0.0,76
LV,Eric Stokes,CB,0,198,0.0,1.0,5
LV,Treydan Stukes,S,0,87,0.0,0.439394,31
LV,Ian Thomas,TE,76,0,0.378109,0.0,80
LV,Tre Tucker,WR,125,0,0.621891,0.0,1
LV,Quay Walker,LB,0,198,0.0,1.0,7
LV,Alex Ward,LS,0,0,0.0,0.0,47
LV,Mike Washington Jr.,RB,36,0,0.179104,0.0,4
LV,Cody White,WR,33,0,0.164179,0.0,82
LV,Dareke Young,WR,34,0,0.169154,0.0,81
LV,Trey Zuhn,G,7,0,0.034826,0.0,66
MIA,De'Von Achane,RB,97,0,0.515957,0.0,28
MIA,Tucker Addington,LS,0,0,0.0,0.0,46
MIA,Liam Anderson,LB,0,4,0.0,0.023256,50
MIA,Zayne Anderson,S,0,66,0.0,0.383721,23
MIA,Robert Beal,DE,0,34,0.0,0.197674,51
MIA,Chris Bell,WR,105,0,0.558511,0.0,18
MIA,Zeek Biggers,DL,0,102,0.0,0.593023,93
MIA,Julius Brents,CB,0,94,0.0,0.546512,8
MIA,Aaron Brewer,C,188,0,1.0,0.0,55
MIA,Jordyn Brooks,LB,0,163,0.0,0.947674,20
MIA,Kevin Coleman,WR,88,0,0.468085,0.0,21
MIA,Keith Cooper Jr.,DL,0,29,0.0,0.168605,97
MIA,Marcellas Dial,CB,0,0,0.0,0.0,24
MIA,Caleb Douglas,WR,102,0,0.542553,0.0,7
MIA,Greg Dulcich,TE,130,0,0.691489,0.0,85
MIA,Clelin Ferrell,DE,0,40,0.0,0.232558,98
MIA,Willie Gay Jr.,LB,0,96,0.0,0.55814,40
MIA,Ollie Gordon,RB,76,0,0.404255,0.0,0
MIA,Ronnie Harrison,LB,0,0,0.0,0.0,56
MIA,DJ Herman,FB,59,0,0.31383,0.0,34
MIA,Malik Herring,DE,0,74,0.0,0.430233,90
MIA,Austin Jackson,T,188,0,1.0,0.0,73
MIA,Chris Johnson,CB,0,162,0.0,0.94186,3
MIA,Justin Joly,TE,0,0,0.0,0.0,80
MIA,Andre Jones,DE,0,0,0.0,0.0,58
MIA,Will Kacmarek,TE,72,0,0.382979,0.0,89
MIA,Jarrett Kingston,T,0,0,0.0,0.0,62
MIA,Max Llewellyn,DE,0,2,0.0,0.011628,57
MIA,Kyle Louis,S,0,3,0.0,0.017442,19
MIA,Jason Marshall,CB,0,148,0.0,0.860465,4
MIA,Andrew Meyer,C,0,0,0.0,0.0,60
MIA,Ryan Miller,WR,23,0,0.12234,0.0,84
MIA,Riley Patterson,K,0,0,0.0,0.0,47
MIA,Patrick Paul,T,188,0,1.0,0.0,52
MIA,Jordan Phillips,DL,0,107,0.0,0.622093,94
MIA,Bradley Pinion,P,0,0,0.0,0.0,48
MIA,Kadyn Proctor,G,188,0,1.0,0.0,74
MIA,Chop Robinson,DE,0,79,0.0,0.459302,44
MIA,Jacob Rodriguez,LB,0,168,0.0,0.976744,10
MIA,Jonah Savaiinaea,G,188,0,1.0,0.0,71
MIA,Zach Sieler,DL,0,126,0.0,0.732558,92
MIA,Jaylin Simpson,CB,0,0,0.0,0.0,32
MIA,Michael Taaffe,S,0,147,0.0,0.854651,16
MIA,Reese Taylor,CB,0,0,0.0,0.0,35
MIA,Jalen Tolbert,WR,12,0,0.06383,0.0,1
MIA,Dante Trader,S,0,124,0.0,0.72093,11
MIA,Seydou Traore,TE,0,0,0.0,0.0,83
MIA,Joshua Uche,DE,0,97,0.0,0.563953,9
MIA,Caedan Wallace,G,8,0,0.042553,0.0,77
MIA,Malik Washington,WR,161,0,0.856383,0.0,6
MIA,Malik Willis,QB,188,0,1.0,0.0,2
MIA,Jackson Woodard,LB,0,9,0.0,0.052326,42
MIA,Julius Wood,S,0,17,0.0,0.098837,25
MIA,Jaylen Wright,RB,7,0,0.037234,0.0,5
MIN,Jordan Addison,WR,158,0,0.897727,0.0,3
MIN,Caleb Banks,DL,0,64,0.0,0.303318,95
MIN,Gavin Bartholomew,TE,4,0,0.022727,0.0,86
MIN,Dillon Bell,WR,0,0,0.0,0.0,89
MIN,Blake Brandel,C,176,0,1.0,0.0,64
MIN,Max Bredeson,FB,51,0,0.289773,0.0,45
MIN,Blake Cashman,LB,0,198,0.0,0.938389,51
MIN,Chaz Chambliss,LB,0,0,0.0,0.0,32
MIN,Demond Claiborne,RB,5,0,0.028409,0.0,21
MIN,DeeJay Dallas,RB,23,0,0.130682,0.0,31
MIN,Christian Darrisaw,T,176,0,1.0,0.0,71
MIN,Andrew DePaola,LS,0,0,0.0,0.0,42
MIN,Charles Demmings,CB,0,2,0.0,0.009479,20
MIN,Tai Felton,WR,35,0,0.198864,0.0,13
MIN,Will Fries,G,176,0,1.0,0.0,76
MIN,Jake Golday,LB,0,2,0.0,0.009479,41
MIN,Johnny Hekker,P,0,0,0.0,0.0,6
MIN,T.J. Hockenson,TE,129,0,0.732955,0.0,87
MIN,Joe Huber,G,0,0,0.0,0.0,60
MIN,Tyrion Ingram-Dawkins,DL,0,105,0.0,0.49763,90
MIN,Donovan Jackson,G,176,0,1.0,0.0,74
MIN,Theo Jackson,S,0,142,0.0,0.672986,26
MIN,Justin Jefferson,WR,119,0,0.676136,0.0,18
MIN,Jauan Jennings,WR,78,0,0.443182,0.0,14
MIN,Aaron Jones,RB,119,0,0.676136,0.0,33
MIN,Trevor Keegan,G,0,0,0.0,0.0,69
MIN,Jordan Mason,RB,29,0,0.164773,0.0,27
MIN,Josh Metellus,S,0,211,0.0,1.0,44
MIN,Byron Murphy,CB,0,208,0.0,0.985782,7
MIN,Kyler Murray,QB,70,0,0.397727,0.0,1
MIN,Brian O'Neill,T,176,0,1.0,0.0,75
MIN,Josh Oliver,TE,97,0,0.551136,0.0,84
MIN,Domonique Orange,DL,0,59,0.0,0.279621,97
MIN,Ivan Pace,LB,0,40,0.0,0.189573,0
MIN,James Pierre,CB,0,77,0.0,0.364929,23
MIN,Myles Price,WR,33,0,0.1875,0.0,4
MIN,Jalen Redmond,DL,0,169,0.0,0.800948,61
MIN,Will Reichard,K,0,0,0.0,0.0,16
MIN,Bo Richter,LB,0,0,0.0,0.0,98
MIN,Isaiah Rodgers,CB,0,205,0.0,0.971564,2
MIN,Levi Drake Rodriguez,DL,0,122,0.0,0.578199,50
MIN,Harrison Smith,S,0,86,0.0,0.407583,22
MIN,Jacob Thomas,S,0,19,0.0,0.090047,29
MIN,Brett Thorson,P,0,0,0.0,0.0,19
MIN,Dallas Turner,LB,0,178,0.0,0.843602,15
MIN,Ryan Van Demark,T,0,0,0.0,0.0,72
MIN,Andrew Van Ginkel,LB,0,173,0.0,0.819905,43
MIN,Kyle Van Noy,LB,0,60,0.0,0.28436,17
MIN,Jay Ward,S,0,2,0.0,0.009479,24
MIN,Carson Wentz,QB,106,0,0.602273,0.0,11
MIN,Eric Wilson,LB,0,199,0.0,0.943128,55
NE,Tanner Arkin,TE,15,0,0.079365,0.0,84
NE,Julian Ashby,LS,0,0,0.0,0.0,47
NE,Christian Barmore,DT,0,94,0.0,0.516484,90
NE,Andres Borregales,K,0,0,0.0,0.0,8
NE,A.J. Brown,WR,31,0,0.164021,0.0,1
NE,Ben Brown,C,12,0,0.063492,0.0,77
NE,Mike Brown,S,0,12,0.0,0.065934,33
NE,Kevin Byard,S,0,179,0.0,0.983516,31
NE,Will Campbell,T,189,0,1.0,0.0,66
NE,Channing Canada,CB,0,5,0.0,0.027473,29
NE,Efton Chism,WR,26,0,0.137566,0.0,86
NE,Dametrious Crownover,T,0,0,0.0,0.0,68
NE,Carlton Davis,CB,0,103,0.0,0.565934,7
NE,Tommy DeVito,QB,12,0,0.063492,0.0,16
NE,Romeo Doubs,WR,123,0,0.650794,0.0,87
NE,DeMario Douglas,WR,107,0,0.566138,0.0,3
NE,Cory Durden,DT,0,94,0.0,0.516484,94
NE,Christian Elliss,LB,0,176,0.0,0.967033,53
NE,Joshua Farmer,DT,0,57,0.0,0.313187,92
NE,Reggie Gilliam,FB,41,0,0.216931,0.0,44
NE,Christian Gonzalez,CB,0,172,0.0,0.945055,0
NE,TreVeyon Henderson,RB,56,0,0.296296,0.0,32
NE,Hunter Henry,TE,148,0,0.783069,0.0,85
NE,Mack Hollins,WR,137,0,0.724868,0.0,13
NE,Erick Hunter,LB,0,3,0.0,0.016484,49
NE,Quintayvious Hutchins,LB,0,16,0.0,0.087912,45
NE,Gabe Jacas,LB,0,117,0.0,0.642857,50
NE,DaQuan Jones,DT,0,33,0.0,0.181319,99
NE,Dre'Mont Jones,LB,0,60,0.0,0.32967,5
NE,Marcus Jones,CB,0,129,0.0,0.708791,25
NE,Corey Kiner,RB,20,0,0.10582,0.0,9
NE,Lan Larison,RB,3,0,0.015873,0.0,34
NE,Cameron Latu,TE,23,0,0.121693,0.0,36
NE,Caleb Lomu,T,30,0,0.15873,0.0,74
NE,Drake Maye,QB,177,0,0.936508,0.0,10
NE,Morgan Moses,T,165,0,0.873016,0.0,76
NE,Darius Muasau,LB,0,8,0.0,0.043956,54
NE,Namdi Obiazor,LB,0,3,0.0,0.016484,48
NE,Michael Onwenu,OL,86,0,0.455026,0.0,71
NE,Dell Pettus,S,0,20,0.0,0.10989,24
NE,Jeremiah Pharms,DT,0,13,0.0,0.071429,98
NE,Elijah Ponder,LB,0,144,0.0,0.791209,91
NE,Karon Prunty,CB,0,3,0.0,0.016484,21
NE,Jose Ramirez,LB,0,8,0.0,0.043956,43
NE,Eli Raridon,TE,49,0,0.259259,0.0,82
NE,Jaylen Reed,S,0,80,0.0,0.43956,23
NE,Walter Rouse,OL,41,0,0.216931,0.0,72
NE,Robert Spillane,LB,0,179,0.0,0.983516,14
NE,Rhamondre Stevenson,RB,113,0,0.597884,0.0,38
NE,Leonard Taylor,DL,0,7,0.0,0.038462,93
NE,Greg Van Roten,OL,64,0,0.338624,0.0,70
NE,Alijah Vera-Tucker,G,189,0,1.0,0.0,75
NE,Kyle Williams,WR,45,0,0.238095,0.0,18
NE,Milton Williams,DT,0,118,0.0,0.648352,97
NE,Jared Wilson,OL,177,0,0.936508,0.0,55
NE,Mitch Wishnowsky,P,0,0,0.0,0.0,19
NE,Charles Woods,CB,0,73,0.0,0.401099,22
NE,Craig Woodson,S,0,96,0.0,0.527473,4
NO,Cal Adomitis,LS,0,0,0.0,0.0,46
NO,Kevin Austin,WR,20,0,0.086207,0.0,81
NO,Kelvin Banks,T,130,0,0.560345,0.0,71
NO,Julian Blackmon,S,0,205,0.0,1.0,23
NO,Khristian Boyd,DL,0,46,0.0,0.22439,97
NO,Vernon Broughton,DL,0,125,0.0,0.609756,91
NO,Barion Brown,WR,9,0,0.038793,0.0,19
NO,Daniel Carlson,K,0,0,0.0,0.0,10
NO,Scott Daly,LS,0,0,0.0,0.0,46
NO,Oscar Delp,TE,23,0,0.099138,0.0,4
NO,CJ Donaldson,RB,47,0,0.202586,0.0,43
NO,David Edwards,G,232,0,1.0,0.0,76
NO,Kaden Elliss,LB,0,205,0.0,1.0,55
NO,Martin Emerson,CB,0,17,0.0,0.082927,22
NO,Travis Etienne,RB,118,0,0.508621,0.0,3
NO,Noah Fant,TE,109,0,0.469828,0.0,87
NO,Taliese Fuaga,T,232,0,1.0,0.0,75
NO,Davon Godchaux,DL,0,86,0.0,0.419512,92
NO,Carl Granderson,DE,0,134,0.0,0.653659,96
NO,Jordan Howden,DB,0,2,0.0,0.009756,31
NO,Anfernee Jennings,DE,0,53,0.0,0.258537,33
NO,Juwan Johnson,TE,158,0,0.681034,0.0,83
NO,Cameron Jordan,DE,0,68,0.0,0.331707,94
NO,Alvin Kamara,RB,44,0,0.189655,0.0,41
NO,Bryce Lance,WR,169,0,0.728448,0.0,18
NO,Erik McCoy,C,232,0,1.0,0.0,78
NO,Kool-Aid McKinstry,CB,0,205,0.0,1.0,1
NO,Christen Miller,DL,0,25,0.0,0.121951,52
NO,Kendre Miller,RB,40,0,0.172414,0.0,5
NO,Jalen Moreno-Cropper,WR,0,0,0.0,0.0,85
NO,Mason Murphy,T,0,0,0.0,0.0,74
NO,Chris Olave,WR,196,0,0.844828,0.0,12
NO,Jayden Price,CB,0,0,0.0,0.0,38
NO,Justin Reid,S,0,205,0.0,1.0,21
NO,Michael Reid,S,0,0,0.0,0.0,42
NO,Asim Richards,OL,102,0,0.439655,0.0,72
NO,Decamerion Richardson,CB,0,0,0.0,0.0,25
NO,Quincy Riley,CB,0,188,0.0,0.917073,29
NO,Cesar Ruiz,C,232,0,1.0,0.0,51
NO,Chris Rumph,LB,0,3,0.0,0.014634,58
NO,Jonas Sanker,S,0,131,0.0,0.639024,7
NO,Nathan Shepherd,DL,0,142,0.0,0.692683,93
NO,William Sherman,G,0,0,0.0,0.0,66
NO,Tyler Shough,QB,232,0,1.0,0.0,6
NO,Isaiah Stalbird,LB,0,0,0.0,0.0,44
NO,Danny Stutsman,LB,0,73,0.0,0.356098,28
NO,Devaughn Vele,WR,212,0,0.913793,0.0,14
NO,Treyton Welch,TE,15,0,0.064655,0.0,82
NO,Pete Werner,LB,0,113,0.0,0.55122,20
NO,Tyree Wilson,DE,0,23,0.0,0.112195,98
NO,Colby Wooden,DL,0,55,0.0,0.268293,50
NO,Zach Wood,LS,0,0,0.0,0.0,49
NO,Jeremiah Wright,G,0,0,0.0,0.0,65
NO,Ryan Wright,P,0,0,0.0,0.0,17
NO,Chase Young,DE,0,151,0.0,0.736585,99
NYG,Paulson Adebo,CB,0,10,0.0,0.055556,21
NYG,Darius Alexander,DL,0,41,0.0,0.227778,91
NYG,Deonte Banks,CB,0,48,0.0,0.266667,2
NYG,Zaire Barnes,LB,0,3,0.0,0.016667,46
NYG,Odell Beckham Jr.,WR,20,0,0.104712,0.0,13
NYG,Braxton Berrios,WR,22,0,0.115183,0.0,87
NYG,Brian Burns,LB,0,116,0.0,0.644444,0
NYG,Elijah Campbell,DB,0,0,0.0,0.0,28
NYG,Abdul Carter,LB,0,166,0.0,0.922222,3
NYG,Jaxson Dart,QB,76,0,0.397906,0.0,6
NYG,Tremaine Edmunds,LB,0,180,0.0,1.0,49
NYG,Jermaine Eluemunor,OL,191,0,1.0,0.0,72
NYG,Malachi Fields,WR,141,0,0.73822,0.0,88
NYG,Chauncey Golston,DL,0,102,0.0,0.566667,57
NYG,Malik Harrison,LB,0,0,0.0,0.0,54
NYG,Najee Harris,RB,22,0,0.115183,0.0,23
NYG,Shelby Harris,DL,0,81,0.0,0.45,93
NYG,Jevon Holland,S,0,180,0.0,1.0,8
NYG,Colton Hood,CB,0,125,0.0,0.694444,12
NYG,Bryan Hudson,C,0,0,0.0,0.0,60
NYG,Theo Johnson,TE,59,0,0.308901,0.0,84
NYG,Nic Jones,CB,0,5,0.0,0.027778,31
NYG,Jack Kelly,LB,0,0,0.0,0.0,51
NYG,Isaiah Likely,TE,128,0,0.670157,0.0,9
NYG,Chris Manhertz,TE,70,0,0.366492,0.0,85
NYG,Ben Mann,LS,0,0,0.0,0.0,58
NYG,Francis Mauigoa,OL,191,0,1.0,0.0,65
NYG,Marcus Mbow,OL,0,0,0.0,0.0,71
NYG,Micah McFadden,LB,0,0,0.0,0.0,41
NYG,John Michael Schmitz,C,191,0,1.0,0.0,61
NYG,Darnell Mooney,WR,109,0,0.570681,0.0,17
NYG,Malik Nabers,WR,129,0,0.675393,0.0,1
NYG,Greg Newsome II,CB,0,172,0.0,0.955556,20
NYG,Tyler Nubin,S,0,120,0.0,0.666667,27
NYG,CJ Okoye,DL,0,36,0.0,0.2,99
NYG,Andru Phillips,CB,0,127,0.0,0.705556,22
NYG,Jason Pinnock,S,0,45,0.0,0.25,25
NYG,D.J. Reader,DL,0,90,0.0,0.5,98
NYG,Nikko Reed,CB,0,0,0.0,0.0,35
NYG,Arvell Reese,LB,0,177,0.0,0.983333,52
NYG,Patrick Ricard,FB,85,0,0.445026,0.0,45
NYG,Jon Runyan Jr.,G,191,0,1.0,0.0,76
NYG,Devin Singletary,RB,40,0,0.209424,0.0,26
NYG,Cam Skattebo,RB,125,0,0.65445,0.0,44
NYG,Aaron Stinnie,OL,1,0,0.005236,0.0,64
NYG,Jordan Stout,P,0,0,0.0,0.0,15
NYG,Kayvon Thibodeaux,LB,0,99,0.0,0.55,5
NYG,Andrew Thomas,T,191,0,1.0,0.0,78
NYG,Tyrone Tracy Jr.,RB,4,0,0.020942,0.0,29
NYG,Josh Tupou,DL,0,26,0.0,0.144444,94
NYG,Ar'Darius Washington,S,0,18,0.0,0.1,24
NYG,Jameis Winston,QB,115,0,0.602094,0.0,19
NYG,Dominic Zvada,K,0,0,0.0,0.0,34
NYJ,Braelon Allen,RB,84,0,0.405797,0.0,0
NYJ,David Bailey,DE,0,122,0.0,0.701149,31
NYJ,Andrew Beck,FB,15,0,0.072464,0.0,47
NYJ,Dane Belton,S,0,174,0.0,1.0,6
NYJ,Jowon Briggs,DL,0,90,0.0,0.517241,91
NYJ,Jarvis Brownlee,DB,0,113,0.0,0.649425,2
NYJ,Andre Cisco,S,0,168,0.0,0.965517,8
NYJ,Jordan Clark,CB,0,0,0.0,0.0,33
NYJ,Omar Cooper,WR,5,0,0.024155,0.0,11
NYJ,Demario Davis,LB,0,174,0.0,1.0,56
NYJ,Isaiah Davis,RB,0,0,0.0,0.0,32
NYJ,Kingsley Enagbare,DE,0,111,0.0,0.637931,52
NYJ,Olu Fashanu,OL,207,0,1.0,0.0,74
NYJ,Minkah Fitzpatrick,S,0,6,0.0,0.034483,29
NYJ,Breece Hall,RB,119,0,0.574879,0.0,20
NYJ,Jack Heflin,DT,0,8,0.0,0.045977,96
NYJ,Thomas Hennessy,LS,0,0,0.0,0.0,42
NYJ,Darrell Jackson Jr.,DL,0,44,0.0,0.252874,95
NYJ,Francisco Mauigoa,LB,0,0,0.0,0.0,51
NYJ,Malik McClain,WR,18,0,0.086957,0.0,84
NYJ,Marcelino McCrary-Ball,LB,0,5,0.0,0.028736,41
NYJ,Will McDonald,DE,0,72,0.0,0.413793,9
NYJ,Braiden McGregor,DE,0,42,0.0,0.241379,55
NYJ,Austin McNamara,P,0,0,0.0,0.0,14
NYJ,Armand Membou,T,207,0,1.0,0.0,70
NYJ,Jordan Meredith,OL,28,0,0.135266,0.0,67
NYJ,Adonai Mitchell,WR,107,0,0.516908,0.0,15
NYJ,Max Mitchell,OL,2,0,0.009662,0.0,61
NYJ,Malachi Moore,DB,0,8,0.0,0.045977,27
NYJ,Josh Myers,C,207,0,1.0,0.0,71
NYJ,Chukwuma Okorafor,OL,0,0,0.0,0.0,79
NYJ,David Onyemata,DL,0,48,0.0,0.275862,93
NYJ,Joseph Ossai,DE,0,28,0.0,0.16092,46
NYJ,Dylan Parham,OL,179,0,0.864734,0.0,64
NYJ,Harrison Phillips,DL,0,103,0.0,0.591954,97
NYJ,D'Angelo Ponds,CB,0,2,0.0,0.011494,23
NYJ,Jamaal Pritchett,WR,0,0,0.0,0.0,81
NYJ,Troy Reeder,LB,0,0,0.0,0.0,50
NYJ,Jeremy Ruckert,TE,82,0,0.396135,0.0,89
NYJ,Kenyon Sadiq,TE,93,0,0.449275,0.0,16
NYJ,Jason Sanders,K,0,0,0.0,0.0,19
NYJ,Sterling Shepard,WR,30,0,0.144928,0.0,87
NYJ,Jamien Sherwood,LB,0,165,0.0,0.948276,44
NYJ,Arian Smith,WR,3,0,0.014493,0.0,82
NYJ,Geno Smith,QB,207,0,1.0,0.0,7
NYJ,Brandon Stephens,CB,0,172,0.0,0.988506,21
NYJ,Qwan'tez Stiggers,CB,0,0,0.0,0.0,37
NYJ,T'Vondre Sweat,DL,0,85,0.0,0.488506,99
NYJ,Mason Taylor,TE,78,0,0.376812,0.0,85
NYJ,Azareye'h Thomas,CB,0,174,0.0,1.0,1
NYJ,Joe Tippmann,C,207,0,1.0,0.0,66
NYJ,Trevin Wallace,LB,0,0,0.0,0.0,49
NYJ,Isaiah Williams,WR,160,0,0.772947,0.0,18
NYJ,Garrett Wilson,WR,177,0,0.855072,0.0,5
NYJ,Jelani Woods,TE,62,0,0.299517,0.0,86
NYJ,Nahshon Wright,DB,0,0,0.0,0.0,26
PHI,Saquon Barkley,RB,87,0,0.480663,0.0,26
PHI,Zack Baun,LB,0,189,0.0,0.969231,53
PHI,Markel Bell,T,1,0,0.005525,0.0,72
PHI,Tank Bigsby,RB,34,0,0.187845,0.0,8
PHI,Marquise Brown,WR,17,0,0.093923,0.0,0
PHI,Chance Campbell,LB,0,0,0.0,0.0,59
PHI,Jihaad Campbell,LB,0,184,0.0,0.94359,11
PHI,Jalen Carter,DT,0,158,0.0,0.810256,98
PHI,Michael Carter II,DB,0,30,0.0,0.153846,35
PHI,Darius Cooper,WR,44,0,0.243094,0.0,80
PHI,Britain Covey,WR,0,0,0.0,0.0,85
PHI,Andy Dalton,QB,4,0,0.022099,0.0,14
PHI,Jordan Davis,DT,0,99,0.0,0.507692,90
PHI,Cooper DeJean,DB,2,195,0.01105,1.0,33
PHI,Landon Dickerson,G,55,0,0.303867,0.0,69
PHI,Arnold Ebiketie,LB,0,72,0.0,0.369231,17
PHI,Jake Elliott,K,0,0,0.0,0.0,4
PHI,A.J. Epenesa,LB,0,20,0.0,0.102564,57
PHI,Marcus Epps,S,0,119,0.0,0.610256,29
PHI,Zach Ertz,TE,19,0,0.104972,0.0,86
PHI,Dallas Goedert,TE,71,0,0.392265,0.0,88
PHI,Jonathan Greenard,LB,0,18,0.0,0.092308,52
PHI,Jalyx Hunt,LB,0,148,0.0,0.758974,58
PHI,Jalen Hurts,QB,177,0,0.977901,0.0,1
PHI,E.J. Jenkins,TE,39,0,0.21547,0.0,84
PHI,Fred Johnson,T,0,0,0.0,0.0,74
PHI,Lane Johnson,T,181,0,1.0,0.0,65
PHI,Jonathan Jones,CB,0,2,0.0,0.010256,31
PHI,Cam Jurgens,C,181,0,1.0,0.0,51
PHI,Drew Kendall,C,126,0,0.696133,0.0,66
PHI,Willie Lampkin,C,0,0,0.0,0.0,61
PHI,Makai Lemon,WR,118,0,0.651934,0.0,9
PHI,Jordan Mailata,T,181,0,1.0,0.0,68
PHI,Braden Mann,P,0,0,0.0,0.0,10
PHI,Mac McWilliams,CB,0,0,0.0,0.0,22
PHI,Quinyon Mitchell,CB,0,195,0.0,1.0,27
PHI,Smael Mondon,LB,0,0,0.0,0.0,42
PHI,Elijah Moore,WR,6,0,0.033149,0.0,19
PHI,Micah Morris,G,0,0,0.0,0.0,76
PHI,Andrew Mukuba,S,0,194,0.0,0.994872,24
PHI,Johnny Mundt,TE,95,0,0.524862,0.0,83
PHI,Moro Ojomo,DT,0,130,0.0,0.666667,97
PHI,Maximus Pulley,S,0,0,0.0,0.0,36
PHI,Kelee Ringo,CB,0,0,0.0,0.0,7
PHI,Ty Robinson,DT,0,15,0.0,0.076923,95
PHI,Will Shipley,RB,62,0,0.342541,0.0,28
PHI,DeVonta Smith,WR,169,0,0.933702,0.0,6
PHI,Nolan Smith,LB,0,132,0.0,0.676923,3
PHI,Tyler Steen,G,181,0,1.0,0.0,56
PHI,Jeremiah Trotter Jr.,LB,0,6,0.0,0.030769,54
PHI,Rocco Underwood,LS,0,0,0.0,0.0,41
PHI,Dontayvion Wicks,WR,141,0,0.779006,0.0,13
PHI,Riq Woolen,CB,0,122,0.0,0.625641,2
PHI,Byron Young,DT,0,47,0.0,0.241026,94
PIT,Spencer Anderson,OL,134,0,0.673367,0.0,74
PIT,Keeanu Benton,DT,0,103,0.0,0.598837,95
PIT,Germie Bernard,WR,75,0,0.376884,0.0,17
PIT,Yahya Black,DL,0,54,0.0,0.313953,94
PIT,Chris Boswell,K,0,0,0.0,0.0,9
PIT,Jaquan Brisker,S,0,171,0.0,0.994186,3
PIT,Carson Bruener,LB,0,0,0.0,0.0,44
PIT,Dylan Cook,T,134,0,0.673367,0.0,60
PIT,Jamel Dean,CB,0,153,0.0,0.889535,35
PIT,Rico Dowdle,RB,57,0,0.286432,0.0,13
PIT,Brandin Echols,CB,0,13,0.0,0.075581,26
PIT,Daylen Everette,CB,0,35,0.0,0.203488,23
PIT,Troy Fautanu,T,198,0,0.994975,0.0,76
PIT,Zach Frazier,C,199,0,1.0,0.0,54
PIT,Pat Freiermuth,TE,132,0,0.663317,0.0,88
PIT,Derrick Harmon,DT,0,80,0.0,0.465116,99
PIT,Eli Heidenreich,RB,3,0,0.015075,0.0,29
PIT,Nick Herbig,LB,0,95,0.0,0.552326,51
PIT,Cameron Heyward,DT,0,110,0.0,0.639535,97
PIT,Alex Highsmith,LB,0,115,0.0,0.668605,56
PIT,Brock Hoffman,G,65,0,0.326633,0.0,67
PIT,Cole Holcomb,LB,0,7,0.0,0.040698,55
PIT,Travis Homer,RB,5,0,0.025126,0.0,21
PIT,Max Iheanachor,T,66,0,0.331658,0.0,71
PIT,Rayshawn Jenkins,S,0,113,0.0,0.656977,20
PIT,Cameron Johnston,P,0,0,0.0,0.0,19
PIT,Sebastian Joseph-Day,DT,0,19,0.0,0.110465,69
PIT,Christian Kuntz,LS,0,0,0.0,0.0,46
PIT,Mason McCormick,G,199,0,1.0,0.0,66
PIT,Ryan McCollum,C,0,0,0.0,0.0,62
PIT,D.K. Metcalf,WR,191,0,0.959799,0.0,4
PIT,Lew Nichols,RB,3,0,0.015075,0.0,31
PIT,Riley Nowakowski,FB,14,0,0.070352,0.0,37
PIT,Michael Pittman Jr.,WR,104,0,0.522613,0.0,11
PIT,Patrick Queen,LB,0,172,0.0,1.0,6
PIT,Jalen Ramsey,CB,3,172,0.015075,1.0,5
PIT,Aaron Rodgers,QB,196,0,0.984925,0.0,8
PIT,Mason Rudolph,QB,3,0,0.015075,0.0,2
PIT,Asante Samuel Jr.,CB,0,156,0.0,0.906977,22
PIT,Jack Sawyer,LB,0,51,0.0,0.296512,33
PIT,Ben Skowronek,WR,26,0,0.130653,0.0,15
PIT,Doneiko Slaughter,DB,0,0,0.0,0.0,40
PIT,Robert Spears-Jennings,S,0,1,0.0,0.005814,28
PIT,Robert Tonyan,TE,8,0,0.040201,0.0,85
PIT,Jaylen Warren,RB,131,0,0.658291,0.0,30
PIT,Darnell Washington,TE,127,0,0.638191,0.0,80
PIT,T.J. Watt,LB,0,113,0.0,0.656977,90
PIT,Kaden Wetjen,WR,0,0,0.0,0.0,10
PIT,Payton Wilson,LB,0,140,0.0,0.813953,41
PIT,Roman Wilson,WR,116,0,0.582915,0.0,14
SEA,Elijah Arroyo,TE,44,0,0.235294,0.0,18
SEA,AJ Barner,TE,161,0,0.860963,0.0,88
SEA,Anthony Bradford,G,50,0,0.26738,0.0,75
SEA,Charles Cross,T,187,0,1.0,0.0,67
SEA,Sam Darnold,QB,72,0,0.385027,0.0,14
SEA,Michael Dickson,P,0,0,0.0,0.0,4
SEA,Nick Emmanwori,S,0,45,0.0,0.236842,3
SEA,AJ Finley,S,0,71,0.0,0.373684,30
SEA,Montorie Foster,WR,0,0,0.0,0.0,87
SEA,Dante Fowler,LB,0,39,0.0,0.205263,56
SEA,Derick Hall,LB,0,108,0.0,0.568421,58
SEA,Christian Haynes,G,83,0,0.44385,0.0,64
SEA,George Holani,RB,65,0,0.347594,0.0,36
SEA,Maxen Hook,S,0,0,0.0,0.0,43
SEA,Tory Horton,WR,37,0,0.197861,0.0,15
SEA,Josh Jobe,CB,0,187,0.0,0.984211,29
SEA,Ernest Jones,LB,0,188,0.0,0.989474,13
SEA,Josh Jones,G,5,0,0.026738,0.0,74
SEA,Velus Jones Jr.,RB,0,0,0.0,0.0,33
SEA,Nick Kallerup,TE,26,0,0.139037,0.0,89
SEA,Tyrice Knight,LB,0,21,0.0,0.110526,48
SEA,Cooper Kupp,WR,114,0,0.609626,0.0,10
SEA,DeMarcus Lawrence,LB,0,117,0.0,0.615789,0
SEA,Drew Lock,QB,115,0,0.614973,0.0,2
SEA,Julian Love,S,0,119,0.0,0.626316,20
SEA,Abraham Lucas,T,187,0,1.0,0.0,72
SEA,Rylie Mills,DT,0,46,0.0,0.242105,98
SEA,Mike Morris,DE,0,2,0.0,0.010526,94
SEA,Byron Murphy,DE,0,131,0.0,0.689474,91
SEA,Jason Myers,K,0,0,0.0,0.0,5
SEA,Julian Neal,CB,0,2,0.0,0.010526,1
SEA,Uchenna Nwosu,LB,0,93,0.0,0.489474,7
SEA,Patrick O'Connell,LB,0,3,0.0,0.015789,52
SEA,Connor O'Toole,LB,0,0,0.0,0.0,57
SEA,Olusegun Oluwatimi,C,2,0,0.010695,0.0,55
SEA,Brandon Pili,NT,0,6,0.0,0.031579,95
SEA,Jadarian Price,RB,67,0,0.358289,0.0,8
SEA,Nehemiah Pritchett,CB,0,127,0.0,0.668421,28
SEA,Jarran Reed,DE,0,91,0.0,0.478947,90
SEA,Brady Russell,FB,60,0,0.320856,0.0,38
SEA,Eric Saubert,TE,45,0,0.240642,0.0,81
SEA,Rashid Shaheed,WR,103,0,0.550802,0.0,22
SEA,Avery Smith,CB,0,0,0.0,0.0,27
SEA,Jaxon Smith-Njigba,WR,150,0,0.802139,0.0,11
SEA,Beau Stephens,G,54,0,0.28877,0.0,70
SEA,Chris Stoll,LS,0,0,0.0,0.0,41
SEA,Jalen Sundell,C,187,0,1.0,0.0,61
SEA,Chazz Surratt,LB,0,2,0.0,0.010526,44
SEA,Drake Thomas,LB,0,175,0.0,0.921053,32
SEA,Rodney Thomas II,S,0,189,0.0,0.994737,24
SEA,Leonard Williams,DT,0,140,0.0,0.736842,99
SEA,Emanuel Wilson,RB,56,0,0.299465,0.0,23
SEA,Devon Witherspoon,CB,0,187,0.0,0.984211,21
SEA,Grey Zabel,G,187,0,1.0,0.0,76
SF,Kaelon Black,RB,53,0,0.309942,0.0,26
SF,Nick Bosa,DL,0,76,0.0,0.36715,97
SF,Jake Brendel,OL,163,0,0.953216,0.0,64
SF,Ji'Ayir Brown,S,0,194,0.0,0.937198,27
SF,Connor Colby,OL,171,0,1.0,0.0,75
SF,Jacob Cowing,WR,46,0,0.269006,0.0,4
SF,Ashtyn Davis,S,0,0,0.0,0.0,24
SF,Jaden Dugger,LB,0,85,0.0,0.410628,53
SF,Mike Evans,WR,95,0,0.555556,0.0,5
SF,Luke Farrell,TE,92,0,0.538012,0.0,89
SF,Viliami Fehoko,DL,0,13,0.0,0.062802,63
SF,Luke Gifford,LB,0,1,0.0,0.004831,51
SF,Kevin Givens,DL,0,21,0.0,0.101449,90
SF,Dre Greenlaw,LB,0,143,0.0,0.690821,57
SF,Renardo Green,CB,0,198,0.0,0.956522,0
SF,Gracen Halton,DL,0,93,0.0,0.449275,93
SF,Romello Height,DL,0,62,0.0,0.299517,94
SF,KhaDarel Hodge,WR,51,0,0.298246,0.0,86
SF,Jordan James,RB,8,0,0.046784,0.0,29
SF,Jack Jones,CB,0,46,0.0,0.222222,25
SF,Mac Jones,QB,8,0,0.046784,0.0,10
SF,Naquan Jones,DL,0,18,0.0,0.086957,50
SF,Kyle Juszczyk,FB,86,0,0.502924,0.0,44
SF,Khalid Kareem,DL,0,84,0.0,0.405797,47
SF,George Kittle,TE,101,0,0.590643,0.0,85
SF,Deommodore Lenoir,DB,0,189,0.0,0.913043,2
SF,Vederian Lowe,OL,30,0,0.175439,0.0,76
SF,Christian McCaffrey,RB,108,0,0.631579,0.0,23
SF,Colton McKivitz,OL,171,0,1.0,0.0,68
SF,Malik Mustapha,S,0,28,0.0,0.135266,6
SF,Siran Neal,DB,0,0,0.0,0.0,33
SF,Osa Odighizuwa,DL,0,148,0.0,0.714976,92
SF,Ogbonnia Okoronkwo,DL,0,82,0.0,0.396135,59
SF,Jarrett Patterson,OL,8,0,0.046784,0.0,58
SF,Eddy Piñeiro,K,0,0,0.0,0.0,18
SF,Dominick Puni,OL,165,0,0.964912,0.0,77
SF,Brock Purdy,QB,163,0,0.953216,0.0,13
SF,Demarcus Robinson,WR,57,0,0.333333,0.0,11
SF,Deebo Samuel,WR,99,0,0.578947,0.0,19
SF,Marques Sigle,S,0,192,0.0,0.927536,36
SF,Upton Stout,CB,0,125,0.0,0.603865,20
SF,De'Zhaun Stribling,WR,21,0,0.122807,0.0,7
SF,James Thompson,DL,0,42,0.0,0.202899,96
SF,Jake Tonges,TE,8,0,0.046784,0.0,88
SF,Sebastian Valdez,DL,0,32,0.0,0.154589,55
SF,Corliss Waitman,P,0,0,0.0,0.0,15
SF,Garret Wallow,LB,0,46,0.0,0.222222,49
SF,Fred Warner,LB,0,189,0.0,0.913043,54
SF,Jordan Watkins,WR,15,0,0.087719,0.0,17
SF,Jon Weeks,LS,0,0,0.0,0.0,46
SF,CJ West,DL,0,49,0.0,0.236715,99
SF,Keion White,DL,0,122,0.0,0.589372,56
SF,Brayden Willis,TE,15,0,0.087719,0.0,9
SF,Carver Willis,OL,6,0,0.035088,0.0,74
SF,Trent Williams,T,141,0,0.824561,0.0,71
TB,Alex Anzalone,LB,0,181,0.0,1.0,34
TB,Rueben Bain,LB,0,76,0.0,0.41989,3
TB,Graham Barton,C,191,0,1.0,0.0,62
TB,Ben Bredeson,G,191,0,1.0,0.0,68
TB,Benjamin Chukwuma,T,0,0,0.0,0.0,70
TB,Jalon Daniels,QB,4,0,0.020942,0.0,10
TB,Evan Deckers,LS,0,0,0.0,0.0,86
TB,SirVocea Dennis,LB,0,41,0.0,0.226519,8
TB,YaYa Diaby,LB,0,117,0.0,0.646409,0
TB,Riley Dixon,P,0,0,0.0,0.0,9
TB,Payne Durham,TE,49,0,0.256545,0.0,87
TB,Emeka Egbuka,WR,156,0,0.816754,0.0,2
TB,Kenneth Gainwell,RB,81,0,0.424084,0.0,1
TB,Chris Godwin,WR,148,0,0.774869,0.0,14
TB,Luke Goedeke,T,191,0,1.0,0.0,67
TB,Luke Haggard,G,0,0,0.0,0.0,72
TB,Ted Hurst,WR,143,0,0.748691,0.0,17
TB,Bucky Irving,RB,122,0,0.638743,0.0,7
TB,Kameron Johnson,WR,6,0,0.031414,0.0,19
TB,Tez Johnson,WR,48,0,0.251309,0.0,15
TB,Calijah Kancey,DL,0,117,0.0,0.646409,94
TB,Ko Kieft,TE,3,0,0.015707,0.0,41
TB,Miles Killebrew,S,0,2,0.0,0.01105,29
TB,Kevin Knowles,CB,0,0,0.0,0.0,38
TB,Cody Mauch,G,191,0,1.0,0.0,69
TB,Baker Mayfield,QB,187,0,0.979058,0.0,6
TB,Zyon McCollum,CB,0,180,0.0,0.994475,27
TB,Chase McLaughlin,K,0,0,0.0,0.0,4
TB,Jalen McMillan,WR,9,0,0.04712,0.0,11
TB,Ifeatu Melifonwu,S,0,0,0.0,0.0,5
TB,Benjamin Morrison,CB,0,102,0.0,0.563536,21
TB,Al-Quadin Muhammad,LB,0,89,0.0,0.491713,97
TB,Anthony Nelson,LB,0,57,0.0,0.314917,98
TB,Rakeem Nunez-Roches,DL,0,37,0.0,0.20442,56
TB,Cade Otton,TE,179,0,0.937173,0.0,88
TB,Jacob Parrish,CB,0,79,0.0,0.436464,25
TB,Elijah Roberts,DL,0,50,0.0,0.276243,95
TB,A'Shawn Robinson,DL,0,93,0.0,0.513812,91
TB,Christian Rozeboom,LB,0,30,0.0,0.165746,52
TB,Keionte Scott,DB,0,114,0.0,0.629834,22
TB,Bauer Sharp,TE,10,0,0.052356,0.0,84
TB,Elijah Simmons,DL,0,9,0.0,0.049724,92
TB,Justin Skule,T,0,0,0.0,0.0,77
TB,Tykee Smith,S,0,176,0.0,0.972376,23
TB,Josiah Trotter,LB,0,106,0.0,0.585635,45
TB,Sean Tucker,RB,1,0,0.005236,0.0,44
TB,Vita Vea,NT,0,128,0.0,0.707182,50
TB,David Walker,LB,0,28,0.0,0.154696,51
TB,Josh Williams,RB,0,0,0.0,0.0,18
TB,Antoine Winfield Jr.,S,0,179,0.0,0.98895,31
TB,Tristan Wirfs,T,191,0,1.0,0.0,78
TEN,Tony Adams,S,0,16,0.0,0.077295,29
TEN,Elic Ayomanor,WR,102,0,0.625767,0.0,5
TEN,Cody Barton,LB,0,168,0.0,0.811594,50
TEN,Daniel Bellinger,TE,62,0,0.380368,0.0,82
TEN,Terrell Burgess,S,0,0,0.0,0.0,38
TEN,Fernando Carmona,G,104,0,0.638037,0.0,66
TEN,Julius Chestnut,RB,0,0,0.0,0.0,36
TEN,Pat Coogan,C,0,0,0.0,0.0,79
TEN,Morgan Cox,LS,0,0,0.0,0.0,46
TEN,Mohamoud Diabate,LB,0,0,0.0,0.0,44
TEN,Chimere Dike,WR,12,0,0.07362,0.0,17
TEN,Jordan Elliott,DL,0,67,0.0,0.323671,95
TEN,Keldric Faulk,DE,0,63,0.0,0.304348,15
TEN,Cordale Flott,CB,0,130,0.0,0.628019,18
TEN,John Franklin-Myers,DL,0,107,0.0,0.516908,91
TEN,Kylen Granson,TE,0,0,0.0,0.0,86
TEN,Cedric Gray,LB,0,60,0.0,0.289855,33
TEN,Erick Hallett,S,0,11,0.0,0.05314,41
TEN,Marcus Harris,CB,0,118,0.0,0.570048,26
TEN,Gunnar Helm,TE,133,0,0.815951,0.0,84
TEN,Anthony Hill,LB,0,207,0.0,1.0,53
TEN,Amani Hooker,S,0,205,0.0,0.990338,37
TEN,James Hudson,T,3,0,0.018405,0.0,59
TEN,Jermaine Johnson II,DE,0,135,0.0,0.652174,11
TEN,Jaylon Jones,CB,0,0,0.0,0.0,42
TEN,Truman Jones,DE,0,16,0.0,0.077295,56
TEN,JC Latham,T,163,0,1.0,0.0,55
TEN,David Martin-Robinson,TE,9,0,0.055215,0.0,88
TEN,Jacob Martin,DE,0,118,0.0,0.570048,57
TEN,Dan Moore,T,163,0,1.0,0.0,75
TEN,Oluwafemi Oladejo,DE,0,47,0.0,0.227053,7
TEN,Owen Pappoe,LB,0,0,0.0,0.0,40
TEN,Tony Pollard,RB,87,0,0.533742,0.0,20
TEN,Calvin Ridley,WR,85,0,0.521472,0.0,0
TEN,Micah Robinson,CB,0,77,0.0,0.371981,21
TEN,Wan'Dale Robinson,WR,107,0,0.656442,0.0,4
TEN,Austin Schlottmann,C,163,0,1.0,0.0,51
TEN,Jeffery Simmons,DT,0,179,0.0,0.864734,98
TEN,Nicholas Singleton,RB,6,0,0.03681,0.0,32
TEN,Peter Skoronski,G,163,0,1.0,0.0,77
TEN,Jackson Slater,G,59,0,0.361963,0.0,64
TEN,Joey Slye,K,0,0,0.0,0.0,6
TEN,Tyjae Spears,RB,72,0,0.441718,0.0,2
TEN,Nazir Stackhouse,DT,0,57,0.0,0.275362,93
TEN,Carnell Tate,WR,137,0,0.840491,0.0,14
TEN,Alontae Taylor,CB,0,206,0.0,0.995169,24
TEN,Solomon Thomas,DT,0,54,0.0,0.26087,90
TEN,Tommy Townsend,P,0,0,0.0,0.0,3
TEN,Cam Ward,QB,163,0,1.0,0.0,1
TEN,James Williams,LB,0,28,0.0,0.135266,52
TEN,Kevin Winston,S,0,207,0.0,1.0,23
WAS,Kaytron Allen,RB,13,0,0.061905,0.0,31
WAS,Nick Allegretti,C,210,0,1.0,0.0,67
WAS,Dorance Armstrong Jr.,LB,0,57,0.0,0.322034,92
WAS,John Bates,TE,93,0,0.442857,0.0,87
WAS,Dyami Brown,WR,97,0,0.461905,0.0,6
WAS,Treylon Burks,WR,46,0,0.219048,0.0,13
WAS,Percy Butler,S,0,13,0.0,0.073446,35
WAS,K'Lavon Chaisson,LB,0,123,0.0,0.694915,45
WAS,Leo Chenal,LB,0,84,0.0,0.474576,54
WAS,Brandon Coleman,T,200,0,0.952381,0.0,74
WAS,Josh Conerly,T,210,0,1.0,0.0,72
WAS,Samuel Cosmi,G,138,0,0.657143,0.0,76
WAS,Jacory Croskey-Merritt,RB,99,0,0.471429,0.0,22
WAS,Nick Cross,S,0,109,0.0,0.615819,25
WAS,Jayden Daniels,QB,109,0,0.519048,0.0,5
WAS,Stefon Diggs,WR,121,0,0.57619,0.0,3
WAS,Rasul Douglas,CB,0,86,0.0,0.485876,29
WAS,Matt Gulbin,C,8,0,0.038095,0.0,66
WAS,Javontae Jean-Baptiste,LB,0,22,0.0,0.124294,41
WAS,Joshua Josephs,LB,0,35,0.0,0.19774,48
WAS,Ale Kaho,LB,0,2,0.0,0.011299,51
WAS,Javon Kinlaw,DT,0,103,0.0,0.581921,99
WAS,Jaylin Lane,WR,34,0,0.161905,0.0,83
WAS,Frankie Luvu,LB,0,29,0.0,0.163842,4
WAS,Jordan Magee,LB,0,9,0.0,0.050847,58
WAS,Marcus Mariota,QB,101,0,0.480952,0.0,8
WAS,Quan Martin,S,0,109,0.0,0.615819,20
WAS,Luke McCaffrey,WR,0,0,0.0,0.0,11
WAS,Terry McLaurin,WR,163,0,0.77619,0.0,17
WAS,Kain Medrano,LB,0,44,0.0,0.248588,56
WAS,Fabian Moreau,CB,0,20,0.0,0.112994,24
WAS,Chig Okonkwo,TE,39,0,0.185714,0.0,85
WAS,Charles Omenihu,DE,0,105,0.0,0.59322,90
WAS,Tyler Ott,LS,0,0,0.0,0.0,69
WAS,Odafe Oweh,LB,0,124,0.0,0.700565,98
WAS,Tyler Owens,S,0,0,0.0,0.0,18
WAS,Lucas Patrick,G,65,0,0.309524,0.0,63
WAS,Chris Paul,G,210,0,1.0,0.0,75
WAS,Daron Payne,DT,0,119,0.0,0.672316,94
WAS,Jeremy Reaves,S,0,168,0.0,0.949153,39
WAS,Amik Robertson,CB,0,175,0.0,0.988701,2
WAS,Mike Sainristil,CB,0,125,0.0,0.706215,0
WAS,Tim Settle,DT,0,60,0.0,0.338983,97
WAS,Ben Sinnott,TE,100,0,0.47619,0.0,82
WAS,Drew Stevens,K,0,0,0.0,0.0,19
WAS,Sonny Styles,LB,0,170,0.0,0.960452,52
WAS,Shy Tuttle,DT,0,56,0.0,0.316384,96
WAS,Tress Way,P,0,0,0.0,0.0,10
WAS,Rachaad White,RB,96,0,0.457143,0.0,1
WAS,Antonio Williams,WR,89,0,0.42381,0.0,14
WAS,Andrew Wylie,T,14,0,0.066667,0.0,71
WAS,Colson Yankoff,TE,55,0,0.261905,0.0,80
WAS,Isaac Yiadom,CB,0,0,0.0,0.0,37
