team,off_epa,off_sr,off_plays,off_pass_epa,dropbacks,sacks,off_rush_epa,off_rush_sr,def_epa,def_sr,def_pass_epa,def_dropbacks,def_sacks,def_rush_epa,proe,sack_rate,def_sack_rate,pf,pa,w,l,t,gp,pt_diff,pf_pg,pa_pg,off_epa_rk,off_pass_epa_rk,off_rush_epa_rk,off_sr_rk,def_epa_rk,def_pass_epa_rk,def_rush_epa_rk,def_sr_rk,sack_rate_rk,def_sack_rate_rk,pf_pg_rk,pa_pg_rk,proe_rk
ARI,-0.0292,0.4633,259,-0.0272,162,7.0,-0.0326,0.4639,0.0669,0.4298,0.3209,123,8.0,-0.2307,-1.3036,0.0432,0.065,87.0,117.0,1,3,0,4,-30.0,21.75,29.25,19,22,12,11,25,31,2,13,8,12,17,29,17
ATL,-0.028,0.4917,242,-0.2091,111,8.0,0.1255,0.5267,-0.0566,0.381,0.0107,187,7.0,-0.2503,-9.45,0.0721,0.0374,96.0,92.0,2,2,0,4,4.0,24.0,23.0,18,31,2,5,8,11,1,3,23,27,15,15,28
BAL,0.1864,0.5172,232,0.3511,121,7.0,0.0068,0.4505,-0.0286,0.4245,-0.0223,154,7.0,-0.0393,-8.9913,0.0579,0.0455,116.0,96.0,3,1,0,4,20.0,29.0,24.0,3,2,6,2,10,7,21,11,17,24,7,19,27
BUF,0.2003,0.4807,233,0.2855,136,9.0,0.0808,0.5258,0.1021,0.4815,0.1857,166,10.0,-0.0313,-4.3303,0.0662,0.0602,127.0,107.0,3,1,0,4,20.0,31.75,26.75,2,3,4,7,29,26,22,28,19,16,1,25,20
CAR,0.1191,0.4432,264,0.23,177,10.0,-0.1065,0.4023,0.0244,0.4323,0.0628,168,8.0,-0.0413,7.3978,0.0565,0.0476,121.0,109.0,2,2,0,4,12.0,30.25,27.25,8,7,19,14,19,17,20,15,16,22,4,26,3
CHI,0.107,0.4795,292,0.224,150,7.0,-0.0165,0.4437,-0.0593,0.4115,-0.0949,116,10.0,-0.0048,-5.3807,0.0467,0.0862,112.0,65.0,3,1,0,4,47.0,28.0,16.25,9,8,7,8,5,3,26,8,11,4,9,4,23
CIN,0.0549,0.4494,247,0.1204,171,9.0,-0.0923,0.3816,-0.0253,0.4213,0.0087,160,14.0,-0.0977,8.8877,0.0526,0.0875,97.0,85.0,2,2,0,4,12.0,24.25,21.25,10,14,18,12,11,10,14,9,14,3,14,13,2
CLE,-0.0224,0.4305,223,0.1394,140,11.0,-0.2953,0.3253,0.0198,0.4444,0.0451,159,12.0,-0.0234,9.6368,0.0786,0.0755,81.0,95.0,3,1,0,4,-14.0,20.25,23.75,16,13,31,17,18,14,23,20,25,9,22,18,1
DAL,0.1625,0.476,250,0.2582,167,6.0,-0.0301,0.4337,0.201,0.525,0.4398,130,4.0,-0.0812,2.8363,0.0359,0.0308,122.0,112.0,2,2,0,4,10.0,30.5,28.0,6,5,10,9,32,32,16,32,6,29,2,28,9
DEN,-0.0296,0.4071,226,-0.0301,143,5.0,-0.0287,0.3855,0.0631,0.4368,0.0492,155,8.0,0.0835,4.0483,0.035,0.0516,74.0,94.0,2,2,0,4,-20.0,18.5,23.5,20,23,9,24,23,15,31,16,5,20,27,17,7
DET,0.1444,0.4943,265,0.2424,174,8.0,-0.0432,0.4615,0.1884,0.4858,0.2777,189,15.0,0.0068,0.138,0.046,0.0794,119.0,127.0,2,2,0,4,-8.0,29.75,31.75,7,6,14,4,31,29,27,29,10,6,5,31,14
GB,-0.0906,0.3922,232,0.0285,162,8.0,-0.3661,0.3571,0.0333,0.4528,0.0795,139,10.0,-0.0225,-3.4222,0.0494,0.0719,73.0,105.0,2,2,0,4,-32.0,18.25,26.25,25,19,32,27,21,21,24,21,13,11,28,23,19
HOU,-0.0263,0.416,250,0.0705,167,12.0,-0.2211,0.3012,0.0393,0.3953,0.1293,159,14.0,-0.1128,-2.486,0.0719,0.0881,84.0,109.0,0,4,0,4,-25.0,21.0,27.25,17,15,30,21,22,25,11,5,22,2,20,26,18
IND,-0.0662,0.4303,251,-0.2052,144,8.0,0.1208,0.4673,0.0688,0.444,0.1056,152,9.0,0.0118,3.1516,0.0556,0.0592,102.0,104.0,2,2,0,4,-2.0,25.5,26.0,24,30,3,18,26,24,28,19,15,17,13,22,8
JAX,0.1833,0.4977,219,0.2849,113,8.0,0.0749,0.4717,-0.0591,0.4407,-0.0205,156,10.0,-0.1345,0.0482,0.0708,0.0641,104.0,53.0,3,1,0,4,51.0,26.0,13.25,4,4,5,3,7,8,8,18,21,13,12,2,15
KC,0.176,0.4879,248,0.2133,142,6.0,0.1261,0.4811,-0.0543,0.4104,-0.015,157,4.0,-0.1201,2.7268,0.0423,0.0255,118.0,77.0,4,0,0,4,41.0,29.5,19.25,5,9,1,6,9,9,9,7,7,31,6,6,10
LA,0.0262,0.4701,268,0.058,173,6.0,-0.0317,0.4632,-0.1323,0.3882,-0.1462,137,7.0,-0.1132,5.6525,0.0347,0.0511,85.0,83.0,2,2,0,4,2.0,21.25,20.75,11,16,11,10,3,2,10,4,4,21,19,9,4
LAC,-0.1592,0.4041,245,-0.1515,145,12.0,-0.1703,0.44,-0.0074,0.4385,0.0744,128,10.0,-0.0976,-10.1711,0.0828,0.0781,67.0,106.0,0,4,0,4,-39.0,16.75,26.5,32,29,26,25,12,19,15,17,26,7,29,24,29
LV,0.0121,0.428,257,0.1728,149,5.0,-0.2096,0.3333,-0.1002,0.4274,-0.0706,146,12.0,-0.1456,1.3525,0.0336,0.0822,115.0,84.0,3,1,0,4,31.0,28.75,21.0,14,11,29,20,4,5,7,12,3,5,8,11,12
MIA,-0.1406,0.3476,210,-0.1133,127,11.0,-0.1823,0.3133,0.099,0.4672,0.3084,124,4.0,-0.1483,-4.9122,0.0866,0.0323,46.0,101.0,0,4,0,4,-55.0,11.5,25.25,30,27,27,31,28,30,6,26,27,28,32,21,21
MIN,-0.1027,0.3305,233,-0.0741,131,13.0,-0.1393,0.3235,-0.1842,0.3291,-0.1634,153,16.0,-0.2219,-7.1837,0.0992,0.1046,86.0,51.0,4,0,0,4,35.0,21.5,12.75,27,24,21,32,1,1,5,1,31,1,18,1,25
NE,-0.0536,0.4297,249,0.013,148,10.0,-0.1512,0.3366,-0.0025,0.4229,-0.0396,139,8.0,0.0561,1.0218,0.0676,0.0576,65.0,77.0,2,2,0,4,-12.0,16.25,19.25,23,21,23,19,13,6,30,10,20,19,30,6,13
NO,-0.0101,0.4429,289,0.0273,197,12.0,-0.0901,0.3804,0.1551,0.5226,0.1889,136,8.0,0.1122,1.5394,0.0609,0.0588,105.0,128.0,1,3,0,4,-23.0,26.25,32.0,15,20,17,15,30,27,32,31,18,18,10,32,11
NYG,-0.0483,0.3992,238,0.0361,126,11.0,-0.1433,0.3571,0.0158,0.4649,0.0327,143,3.0,-0.0127,-12.4946,0.0873,0.021,82.0,79.0,3,1,0,4,3.0,20.5,19.75,22,18,22,26,17,12,25,25,29,32,21,8,32
NYJ,0.0181,0.4375,224,0.1398,136,12.0,-0.1699,0.3864,-0.0002,0.4939,0.0762,143,9.0,-0.1053,-0.1474,0.0882,0.0629,76.0,84.0,1,3,0,4,-8.0,19.0,21.0,12,12,25,16,15,20,12,30,30,15,24,11,16
PHI,-0.1075,0.3728,228,-0.0959,138,12.0,-0.1251,0.3556,0.0749,0.4674,0.1031,151,4.0,0.0363,-10.7704,0.087,0.0265,75.0,93.0,2,2,0,4,-18.0,18.75,23.25,29,25,20,30,27,23,29,27,28,30,26,16,30
PIT,-0.1069,0.4113,248,-0.1428,170,13.0,-0.0285,0.3846,-0.0008,0.4598,0.0543,130,10.0,-0.077,5.3114,0.0765,0.0769,77.0,87.0,2,2,0,4,-10.0,19.25,21.75,28,28,8,22,14,16,17,24,24,8,23,14,5
SEA,0.0176,0.4444,234,0.1933,127,6.0,-0.1909,0.3645,-0.1366,0.3673,-0.0779,149,11.0,-0.2277,-5.207,0.0472,0.0738,105.0,73.0,3,1,0,4,32.0,26.25,18.25,13,10,28,13,2,4,3,2,12,10,10,5,22
SF,0.2906,0.545,222,0.566,122,0.0,-0.0454,0.45,0.0131,0.4531,0.0679,154,6.0,-0.0697,4.071,0.0,0.039,122.0,64.0,4,0,0,4,58.0,30.5,16.0,1,1,15,1,16,18,19,22,1,26,2,3,6
TB,-0.1535,0.3866,238,-0.2111,158,16.0,-0.0399,0.375,-0.0592,0.4009,0.0441,136,6.0,-0.2226,-7.6678,0.1013,0.0441,76.0,96.0,0,4,0,4,-20.0,19.0,24.0,31,32,13,29,6,13,4,6,32,25,24,19,26
TEN,-0.0906,0.4093,215,-0.1128,135,6.0,-0.0531,0.375,0.0649,0.4315,0.1964,127,8.0,-0.0732,-11.812,0.0444,0.063,55.0,83.0,0,4,0,4,-28.0,13.75,20.75,26,26,16,23,24,28,18,14,9,14,31,9,31
WAS,-0.0413,0.3876,258,0.0372,156,5.0,-0.1613,0.3725,0.0317,0.4592,0.1011,152,7.0,-0.0984,-5.553,0.0321,0.0461,88.0,122.0,1,3,0,4,-34.0,22.0,30.5,21,17,24,28,20,22,13,23,2,23,16,30,24
