team,section,n,yds,rk
ARI,QB,0,0,1
ARI,RB,0,0,1
ARI,WR,3,24,12
ARI,OL,7,55,17
ARI,FRONT,3,16,13
ARI,DB,4,92,18
ARI,ST,5,48,24
ARI,TEAM,2,10,16
ARI,OTHER,0,0,1
ATL,QB,1,10,23
ATL,RB,0,0,1
ATL,WR,1,5,3
ATL,OL,7,60,17
ATL,FRONT,2,18,7
ATL,DB,3,76,11
ATL,ST,7,49,32
ATL,TEAM,0,0,1
ATL,OTHER,0,0,1
BAL,QB,0,0,1
BAL,RB,1,5,26
BAL,WR,4,25,24
BAL,OL,12,85,31
BAL,FRONT,4,36,21
BAL,DB,3,32,11
BAL,ST,1,10,1
BAL,TEAM,1,5,5
BAL,OTHER,0,0,1
BUF,QB,0,0,1
BUF,RB,0,0,1
BUF,WR,2,20,7
BUF,OL,7,55,17
BUF,FRONT,4,48,21
BUF,DB,8,57,32
BUF,ST,3,34,12
BUF,TEAM,1,5,5
BUF,OTHER,0,0,1
CAR,QB,1,10,23
CAR,RB,0,0,1
CAR,WR,4,38,24
CAR,OL,10,66,28
CAR,FRONT,4,30,21
CAR,DB,2,22,5
CAR,ST,3,30,12
CAR,TEAM,3,14,22
CAR,OTHER,0,0,1
CHI,QB,1,13,23
CHI,RB,1,5,26
CHI,WR,4,29,24
CHI,OL,5,39,11
CHI,FRONT,4,8,21
CHI,DB,2,26,5
CHI,ST,5,25,24
CHI,TEAM,3,15,22
CHI,OTHER,0,0,1
CIN,QB,0,0,1
CIN,RB,0,0,1
CIN,WR,2,10,7
CIN,OL,7,40,17
CIN,FRONT,6,30,30
CIN,DB,5,40,24
CIN,ST,4,40,19
CIN,TEAM,1,5,5
CIN,OTHER,0,0,1
CLE,QB,0,0,1
CLE,RB,0,0,1
CLE,WR,3,20,12
CLE,OL,10,70,28
CLE,FRONT,6,43,30
CLE,DB,2,9,5
CLE,ST,5,53,24
CLE,TEAM,3,14,22
CLE,OTHER,0,0,1
DAL,QB,0,0,1
DAL,RB,1,15,26
DAL,WR,3,25,12
DAL,OL,2,20,2
DAL,FRONT,4,40,21
DAL,DB,5,85,24
DAL,ST,5,21,24
DAL,TEAM,1,4,5
DAL,OTHER,0,0,1
DEN,QB,0,0,1
DEN,RB,0,0,1
DEN,WR,5,45,29
DEN,OL,4,25,5
DEN,FRONT,3,10,13
DEN,DB,4,28,18
DEN,ST,4,25,19
DEN,TEAM,2,10,16
DEN,OTHER,0,0,1
DET,QB,0,0,1
DET,RB,0,0,1
DET,WR,0,0,1
DET,OL,9,64,24
DET,FRONT,3,19,13
DET,DB,7,62,30
DET,ST,2,10,8
DET,TEAM,1,5,5
DET,OTHER,0,0,1
GB,QB,1,5,23
GB,RB,0,0,1
GB,WR,3,24,12
GB,OL,7,50,17
GB,FRONT,6,51,30
GB,DB,7,92,30
GB,ST,5,39,24
GB,TEAM,3,15,22
GB,OTHER,0,0,1
HOU,QB,1,13,23
HOU,RB,1,15,26
HOU,WR,0,0,1
HOU,OL,8,55,23
HOU,FRONT,1,15,2
HOU,DB,1,46,1
HOU,ST,6,59,30
HOU,TEAM,0,0,1
HOU,OTHER,0,0,1
IND,QB,0,0,1
IND,RB,1,5,26
IND,WR,3,20,12
IND,OL,0,0,1
IND,FRONT,2,10,7
IND,DB,2,16,5
IND,ST,4,34,19
IND,TEAM,3,15,22
IND,OTHER,0,0,1
JAX,QB,1,5,23
JAX,RB,0,0,1
JAX,WR,4,26,24
JAX,OL,4,30,5
JAX,FRONT,1,5,2
JAX,DB,3,42,11
JAX,ST,1,10,1
JAX,TEAM,1,3,5
JAX,OTHER,0,0,1
KC,QB,0,0,1
KC,RB,0,0,1
KC,WR,1,6,3
KC,OL,7,70,17
KC,FRONT,3,15,13
KC,DB,6,66,29
KC,ST,6,39,30
KC,TEAM,0,0,1
KC,OTHER,0,0,1
LA,QB,0,0,1
LA,RB,0,0,1
LA,WR,3,30,12
LA,OL,6,53,15
LA,FRONT,3,20,13
LA,DB,5,33,24
LA,ST,3,33,12
LA,TEAM,3,15,22
LA,OTHER,0,0,1
LAC,QB,0,0,1
LAC,RB,0,0,1
LAC,WR,4,25,24
LAC,OL,13,85,32
LAC,FRONT,0,0,1
LAC,DB,3,34,11
LAC,ST,1,10,1
LAC,TEAM,1,5,5
LAC,OTHER,0,0,1
LV,QB,0,0,1
LV,RB,0,0,1
LV,WR,3,20,12
LV,OL,4,29,5
LV,FRONT,2,4,7
LV,DB,3,16,11
LV,ST,3,10,12
LV,TEAM,2,11,16
LV,OTHER,0,0,1
MIA,QB,0,0,1
MIA,RB,0,0,1
MIA,WR,1,10,3
MIA,OL,10,76,28
MIA,FRONT,1,15,2
MIA,DB,4,30,18
MIA,ST,2,19,8
MIA,TEAM,5,25,31
MIA,OTHER,0,0,1
MIN,QB,0,0,1
MIN,RB,0,0,1
MIN,WR,2,16,7
MIN,OL,5,39,11
MIN,FRONT,3,35,13
MIN,DB,1,15,1
MIN,ST,3,25,12
MIN,TEAM,1,5,5
MIN,OTHER,0,0,1
NE,QB,0,0,1
NE,RB,0,0,1
NE,WR,3,30,12
NE,OL,6,45,15
NE,FRONT,5,25,27
NE,DB,2,8,5
NE,ST,4,31,19
NE,TEAM,2,10,16
NE,OTHER,0,0,1
NO,QB,1,13,23
NO,RB,0,0,1
NO,WR,3,25,12
NO,OL,3,15,3
NO,FRONT,3,8,13
NO,DB,4,33,18
NO,ST,3,20,12
NO,TEAM,2,10,16
NO,OTHER,0,0,1
NYG,QB,0,0,1
NYG,RB,0,0,1
NYG,WR,1,5,3
NYG,OL,9,62,24
NYG,FRONT,3,31,13
NYG,DB,5,84,24
NYG,ST,2,25,8
NYG,TEAM,3,15,22
NYG,OTHER,0,0,1
NYJ,QB,1,15,23
NYJ,RB,0,0,1
NYJ,WR,6,44,32
NYJ,OL,4,29,5
NYJ,FRONT,2,10,7
NYJ,DB,4,81,18
NYJ,ST,4,35,19
NYJ,TEAM,4,20,29
NYJ,OTHER,0,0,1
PHI,QB,1,10,23
PHI,RB,0,0,1
PHI,WR,2,15,7
PHI,OL,9,71,24
PHI,FRONT,1,5,2
PHI,DB,4,20,18
PHI,ST,1,10,1
PHI,TEAM,1,5,5
PHI,OTHER,0,0,1
PIT,QB,0,0,1
PIT,RB,0,0,1
PIT,WR,5,37,29
PIT,OL,3,23,3
PIT,FRONT,5,44,27
PIT,DB,2,30,5
PIT,ST,1,10,1
PIT,TEAM,1,4,5
PIT,OTHER,0,0,1
SEA,QB,0,0,1
SEA,RB,0,0,1
SEA,WR,5,24,29
SEA,OL,4,19,5
SEA,FRONT,1,15,2
SEA,DB,5,84,24
SEA,ST,2,15,8
SEA,TEAM,4,20,29
SEA,OTHER,0,0,1
SF,QB,1,18,23
SF,RB,0,0,1
SF,WR,3,25,12
SF,OL,4,35,5
SF,FRONT,2,30,7
SF,DB,3,40,11
SF,ST,1,10,1
SF,TEAM,2,10,16
SF,OTHER,0,0,1
TB,QB,0,0,1
TB,RB,1,14,26
TB,WR,2,15,7
TB,OL,9,72,24
TB,FRONT,5,42,27
TB,DB,1,4,1
TB,ST,3,30,12
TB,TEAM,1,5,5
TB,OTHER,0,0,1
TEN,QB,0,0,1
TEN,RB,0,0,1
TEN,WR,3,35,12
TEN,OL,5,35,11
TEN,FRONT,4,20,21
TEN,DB,1,10,1
TEN,ST,5,33,24
TEN,TEAM,0,0,1
TEN,OTHER,0,0,1
WAS,QB,0,0,1
WAS,RB,1,10,26
WAS,WR,3,29,12
WAS,OL,5,30,11
WAS,FRONT,2,20,7
WAS,DB,3,16,11
WAS,ST,1,0,1
WAS,TEAM,5,35,31
WAS,OTHER,0,0,1
