team,is_play_action,mean,size
ARI,False,0.146,104
ARI,True,-0.084,19
ATL,False,-0.494,74
ATL,True,0.222,17
BAL,False,0.311,58
BAL,True,0.386,30
BUF,False,0.411,70
BUF,True,0.172,32
CAR,False,0.157,102
CAR,True,0.123,30
CHI,False,0.256,82
CHI,True,0.152,32
CIN,False,0.205,93
CIN,True,-0.291,20
CLE,False,0.099,80
CLE,True,0.06,24
DAL,False,0.395,89
DAL,True,0.015,29
DEN,False,-0.134,78
DEN,True,0.138,23
DET,False,0.273,79
DET,True,0.196,42
GB,False,-0.019,113
GB,True,-0.009,19
HOU,False,-0.075,109
HOU,True,0.166,25
IND,False,-0.154,72
IND,True,-0.142,36
JAX,False,0.298,64
JAX,True,0.132,22
KC,False,0.167,68
KC,True,0.385,41
LA,False,0.052,90
LA,True,0.134,29
LAC,False,-0.254,76
LAC,True,0.196,28
LV,False,0.091,78
LV,True,0.334,24
MIA,False,-0.066,80
MIA,True,0.057,27
MIN,False,-0.244,63
MIN,True,0.289,26
NE,False,-0.041,84
NE,True,-0.431,22
NO,False,0.004,123
NO,True,0.156,24
NYG,False,-0.112,69
NYG,True,0.311,24
NYJ,False,0.141,95
NYJ,True,0.422,25
PHI,False,0.024,87
PHI,True,-0.451,19
PIT,False,-0.418,96
PIT,True,0.431,29
SEA,False,0.147,66
SEA,True,0.545,35
SF,False,0.756,64
SF,True,0.431,25
TB,False,-0.219,95
TB,True,-0.362,27
TEN,False,-0.142,76
TEN,True,0.034,23
WAS,False,0.188,89
WAS,True,-0.075,27
