team,pfr_player_name,gname,carries,ybc,yac,jersey
ARI,Tyler Allgeier,Tyler Allgeier,24,46,24,22
ARI,Jacoby Brissett,Jacoby Brissett,11,19,6,7
ARI,Zonovan Knight,Bam Knight,2,15,9,20
ARI,Jeremiyah Love,Jeremiyah Love,41,90,70,4
ATL,Drake London,Drake London,2,0,4,5
ATL,Michael Penix,Michael Penix Jr.,2,-2,0,9
ATL,Bijan Robinson,Bijan Robinson,66,182,167,7
ATL,Brian Robinson,Brian Robinson,30,54,78,15
ATL,Cooper Rush,Cooper Rush,2,20,0,13
ATL,Jack Strand,Jack Strand,2,16,0,18
BAL,Zay Flowers,Zay Flowers,1,16,4,4
BAL,Derrick Henry,Derrick Henry,66,124,177,22
BAL,Justice Hill,Justice Hill,13,40,17,43
BAL,Lamar Jackson,Lamar Jackson,17,87,37,8
BUF,Josh Allen,Josh Allen,28,75,39,17
BUF,James Cook,James Cook,58,250,96,4
BUF,Ray Davis,Ray Davis,1,2,1,7
BUF,Frank Gore,Frank Gore Jr.,1,3,0,20
BUF,Dawson Knox,Dawson Knox,1,0,0,88
BUF,D.J. Moore,DJ Moore,1,-1,0,2
CAR,Jonathon Brooks,Jonathon Brooks,9,24,6,25
CAR,AJ Dillon,AJ Dillon,12,18,23,28
CAR,Chuba Hubbard,Chuba Hubbard,41,125,59,30
CAR,Kenny Pickett,Kenny Pickett,2,20,0,12
CAR,Bryce Young,Bryce Young,3,16,0,9
CHI,Luther Burden,Luther Burden III,2,8,1,10
CHI,Case Keenum,Case Keenum,4,6,0,11
CHI,Kyle Monangai,Kyle Monangai,30,68,110,25
CHI,D'Andre Swift,D'Andre Swift,54,120,133,4
CHI,Caleb Williams,Caleb Williams,15,98,9,18
CIN,Chase Brown,Chase Brown,49,122,75,30
CIN,Joe Burrow,Joe Burrow,8,31,1,9
CIN,Dohnte Meyers,Dohnte Meyers,1,0,10,81
CIN,Samaje Perine,Samaje Perine,10,22,13,34
CLE,KC Concepcion,KC Concepcion,4,5,4,1
CLE,Quinshon Judkins,Quinshon Judkins,42,67,57,10
CLE,Jaleel McLaughlin,Jaleel McLaughlin,1,1,2,38
CLE,Raheim Sanders,Raheim Sanders,4,14,8,23
CLE,Deshaun Watson,Deshaun Watson,24,56,49,4
DAL,Emari Demercado,Emari Demercado,5,5,10,31
DAL,Tyler Goodson,Tyler Goodson,6,15,7,32
DAL,CeeDee Lamb,CeeDee Lamb,1,0,0,88
DAL,Hunter Luepke,Hunter Luepke,2,8,0,30
DAL,Dak Prescott,Dak Prescott,10,51,8,4
DAL,KaVontae Turpin,KaVontae Turpin,2,10,0,9
DAL,Javonte Williams,Javonte Williams,43,101,68,33
DEN,Nate Adkins,Nate Adkins,1,5,1,45
DEN,Tyler Badie,Tyler Badie,2,2,1,28
DEN,Pat Bryant,Pat Bryant,1,14,2,13
DEN,Jonah Coleman,Jonah Coleman,10,29,10,20
DEN,J.K. Dobbins,J.K. Dobbins,35,54,67,27
DEN,Troy Franklin,Troy Franklin,1,3,2,11
DEN,RJ Harvey,RJ Harvey,5,13,11,12
DEN,Bo Nix,Bo Nix,12,14,1,10
DEN,Jaylen Waddle,Jaylen Waddle,1,0,14,17
DET,Jahmyr Gibbs,Jahmyr Gibbs,65,211,96,0
DET,Jared Goff,Jared Goff,9,14,1,16
DET,Sione Vaki,Sione Vaki,9,27,13,33
GB,Chris Brooks,Chris Brooks,11,25,15,30
GB,Kaleb Johnson,Kaleb Johnson,12,16,22,26
GB,MarShawn Lloyd,MarShawn Lloyd,23,45,23,32
GB,Jordan Love,Jordan Love,2,-2,2,10
HOU,Nico Collins,Nico Collins,1,7,0,12
HOU,Xavier Hutchinson,Xavier Hutchinson,2,2,2,19
HOU,Woody Marks,Woody Marks,22,32,33,4
HOU,David Montgomery,David Montgomery,37,60,43,32
HOU,Jaylin Noel,Jaylin Noel,2,14,7,13
HOU,C.J. Stroud,C.J. Stroud,7,50,4,7
IND,Deion Burks,Deion Burks,2,9,5,80
IND,Daniel Jones,Daniel Jones,7,9,10,17
IND,Seth McGowan,Seth McGowan,6,1,13,20
IND,Jonathan Taylor,Jonathan Taylor,66,124,134,28
IND,Tyler Warren,Tyler Warren,2,0,5,84
JAX,Ameer Abdullah,Ameer Abdullah,10,18,27,20
JAX,Travis Hunter,Travis Hunter,1,2,1,12
JAX,Trevor Lawrence,Trevor Lawrence,8,14,20,16
JAX,Jakobi Meyers,Jakobi Meyers,1,2,0,3
JAX,Nick Mullens,Nick Mullens,3,-3,0,14
JAX,Chris Rodriguez,Chris Rodriguez Jr.,20,32,41,24
JAX,Bhayshul Tuten,Bhayshul Tuten,43,78,126,33
KC,Emmett Johnson,Emmett Johnson,16,24,32,10
KC,Patrick Mahomes,Patrick Mahomes,10,18,23,15
KC,Khyiris Tonga,Khyiris Tonga,1,1,2,92
KC,Kenneth Walker,Kenneth Walker III,65,142,218,9
LA,Stetson Bennett,Stetson Bennett,1,9,0,13
LA,Blake Corum,Blake Corum,28,107,41,24
LA,Ronnie Rivers,Ronnie Rivers,5,8,11,20
LA,Matthew Stafford,Matthew Stafford,8,7,4,9
LA,Kyren Williams,Kyren Williams,38,132,82,23
LAC,Omarion Hampton,Omarion Hampton,50,99,94,8
LAC,Justin Herbert,Justin Herbert,12,43,5,10
LAC,Quentin Johnston,Quentin Johnston,1,5,2,1
LAC,Keaton Mitchell,Keaton Mitchell,17,40,45,34
LAC,Kimani Vidal,Kimani Vidal,1,6,0,28
LV,Malik Benson,Malik Benson,1,-8,0,19
LV,Kirk Cousins,Kirk Cousins,12,-2,0,8
LV,Connor Heyward,Connor Heyward,2,1,1,34
LV,Ashton Jeanty,Ashton Jeanty,63,100,106,2
LV,Mike Washington,Mike Washington Jr.,15,48,54,4
MIA,De'Von Achane,De'Von Achane,34,80,47,28
MIA,Ollie Gordon,Ollie Gordon II,20,32,16,0
MIA,Bradley Pinion,Bradley Pinion,1,0,0,48
MIA,Malik Washington,Malik Washington,3,5,4,6
MIA,Malik Willis,Malik Willis,17,99,2,2
MIA,Jaylen Wright,Jaylen Wright,3,5,5,5
MIN,Demond Claiborne,Demond Claiborne,3,0,1,21
MIN,DeeJay Dallas,DeeJay Dallas,3,6,4,31
MIN,Aaron Jones,Aaron Jones,52,133,70,33
MIN,Jordan Mason,Jordan Mason,15,24,35,27
MIN,Kyler Murray,Kyler Murray,4,26,0,1
MIN,Carson Wentz,Carson Wentz,8,2,3,11
NE,Tommy DeVito,Tommy DeVito,1,2,0,16
NE,TreVeyon Henderson,TreVeyon Henderson,24,51,48,32
NE,Corey Kiner,Corey Kiner,14,11,18,9
NE,Drake Maye,Drake Maye,15,63,19,10
NE,Rhamondre Stevenson,Rhamondre Stevenson,31,45,71,38
NO,Barion Brown,Barion Brown,1,3,0,19
NO,CJ Donaldson,CJ Donaldson,4,7,4,43
NO,Travis Etienne,Travis Etienne,30,75,53,3
NO,Alvin Kamara,Alvin Kamara,18,27,24,41
NO,Kendre Miller,Kendre Miller,13,28,16,5
NO,Tyler Shough,Tyler Shough,14,45,22,6
NYG,Jaxson Dart,Jaxson Dart,11,46,8,6
NYG,Najee Harris,Najee Harris,13,26,32,23
NYG,Darnell Mooney,Darnell Mooney,1,9,0,17
NYG,Devin Singletary,Devin Singletary,9,11,14,26
NYG,Cam Skattebo,Cam Skattebo,50,67,110,44
NYG,Tyrone Tracy,Tyrone Tracy Jr.,3,7,10,29
NYG,Jameis Winston,Jameis Winston,4,15,0,19
NYJ,Braelon Allen,Braelon Allen,19,27,34,0
NYJ,Breece Hall,Breece Hall,51,94,69,20
NYJ,Kenyon Sadiq,Kenyon Sadiq,1,3,0,16
NYJ,Geno Smith,Geno Smith,13,27,9,7
NYJ,Isaiah Williams,Isaiah Williams,1,6,8,18
PHI,Saquon Barkley,Saquon Barkley,34,83,91,26
PHI,Tank Bigsby,Tank Bigsby,14,15,21,8
PHI,Marquise Brown,Marquise Brown,2,12,0,0
PHI,Jalen Hurts,Jalen Hurts,16,63,24,1
PHI,Makai Lemon,Makai Lemon,1,-5,0,9
PHI,Will Shipley,Will Shipley,9,19,9,28
PIT,Rico Dowdle,Rico Dowdle,15,26,11,13
PIT,Pat Freiermuth,Pat Freiermuth,2,2,1,88
PIT,Travis Homer,Travis Homer,3,10,6,21
PIT,Lew Nichols,Lew Nichols III,1,0,0,31
PIT,Aaron Rodgers,Aaron Rodgers,7,12,0,8
PIT,Mason Rudolph,Mason Rudolph,1,0,3,2
PIT,Jaylen Warren,Jaylen Warren,38,99,117,30
SEA,AJ Barner,AJ Barner,1,0,1,88
SEA,Sam Darnold,Sam Darnold,1,5,0,14
SEA,George Holani,George Holani,15,28,24,36
SEA,Drew Lock,Drew Lock,2,12,1,2
SEA,Jadarian Price,Jadarian Price,28,72,47,8
SEA,Rashid Shaheed,Rashid Shaheed,1,1,3,22
SEA,Emanuel Wilson,Emanuel Wilson,32,65,44,23
SF,Kaelon Black,Kaelon Black,25,65,42,26
SF,Jordan James,Jordan James,4,4,11,29
SF,Mac Jones,Mac Jones,2,-2,0,10
SF,Christian McCaffrey,Christian McCaffrey,35,98,68,23
SF,Brock Purdy,Brock Purdy,10,91,2,13
SF,Deebo Samuel,Deebo Samuel Sr.,4,15,15,19
TB,Jalon Daniels,Jalon Daniels,1,9,0,10
TB,Emeka Egbuka,Emeka Egbuka,1,-3,0,2
TB,Kenneth Gainwell,Kenny Gainwell,10,4,17,1
TB,Chris Godwin,Chris Godwin Jr.,2,11,4,14
TB,Bucky Irving,Bucky Irving,40,105,75,7
TB,Tez Johnson,Tez Johnson,1,-4,0,15
TB,Baker Mayfield,Baker Mayfield,11,48,17,6
TEN,Tony Pollard,Tony Pollard,38,102,71,20
TEN,Nicholas Singleton,Nicholas Singleton,4,7,3,32
TEN,Tyjae Spears,Tyjae Spears,13,36,22,2
TEN,Cam Ward,Cam Ward,9,23,7,1
WAS,Kaytron Allen,Kaytron Allen,9,25,15,31
WAS,Jacory Croskey-Merritt,Jacory Croskey-Merritt,47,84,58,22
WAS,Jayden Daniels,Jayden Daniels,12,79,21,5
WAS,Marcus Mariota,Marcus Mariota,6,12,2,8
WAS,Rachaad White,Rachaad White,22,63,37,1
