team,k,lg_plays,lg_epa,lg_share,plays,epa,share
ARI,Empty,429,0.2286,0.0551,12,-0.0348,0.0463
ARI,1 back,5772,0.0041,0.741,224,-0.0192,0.8649
ARI,2+ backs,1588,-0.0114,0.2039,23,-0.1237,0.0888
ATL,Empty,429,0.2286,0.0551,14,-0.0608,0.0579
ATL,1 back,5772,0.0041,0.741,167,-0.1379,0.6901
ATL,2+ backs,1588,-0.0114,0.2039,61,0.2805,0.2521
BAL,Empty,429,0.2286,0.0551,11,0.4516,0.0474
BAL,1 back,5772,0.0041,0.741,177,0.1932,0.7629
BAL,2+ backs,1588,-0.0114,0.2039,44,0.0928,0.1897
BUF,Empty,429,0.2286,0.0551,25,-0.1623,0.1073
BUF,1 back,5772,0.0041,0.741,147,0.3091,0.6309
BUF,2+ backs,1588,-0.0114,0.2039,61,0.0869,0.2618
CAR,Empty,429,0.2286,0.0551,22,0.6295,0.0833
CAR,1 back,5772,0.0041,0.741,216,0.0597,0.8182
CAR,2+ backs,1588,-0.0114,0.2039,26,0.1815,0.0985
CHI,Empty,429,0.2286,0.0551,17,0.5943,0.0582
CHI,1 back,5772,0.0041,0.741,204,0.1124,0.6986
CHI,2+ backs,1588,-0.0114,0.2039,71,-0.025,0.2432
CIN,Empty,429,0.2286,0.0551,11,0.2735,0.0445
CIN,1 back,5772,0.0041,0.741,189,0.0419,0.7652
CIN,2+ backs,1588,-0.0114,0.2039,47,0.0562,0.1903
CLE,Empty,429,0.2286,0.0551,12,0.5291,0.0538
CLE,1 back,5772,0.0041,0.741,164,0.0176,0.7354
CLE,2+ backs,1588,-0.0114,0.2039,47,-0.3027,0.2108
DAL,Empty,429,0.2286,0.0551,8,0.7207,0.032
DAL,1 back,5772,0.0041,0.741,200,0.1566,0.8
DAL,2+ backs,1588,-0.0114,0.2039,42,0.0842,0.168
DEN,Empty,429,0.2286,0.0551,7,0.5055,0.031
DEN,1 back,5772,0.0041,0.741,183,-0.0341,0.8097
DEN,2+ backs,1588,-0.0114,0.2039,36,-0.1107,0.1593
DET,Empty,429,0.2286,0.0551,12,-0.5341,0.0453
DET,1 back,5772,0.0041,0.741,218,0.1953,0.8226
DET,2+ backs,1588,-0.0114,0.2039,35,0.0594,0.1321
GB,Empty,429,0.2286,0.0551,13,0.0685,0.056
GB,1 back,5772,0.0041,0.741,190,-0.1248,0.819
GB,2+ backs,1588,-0.0114,0.2039,29,0.0625,0.125
HOU,Empty,429,0.2286,0.0551,14,-0.1816,0.056
HOU,1 back,5772,0.0041,0.741,199,-0.0109,0.796
HOU,2+ backs,1588,-0.0114,0.2039,37,-0.0501,0.148
IND,Empty,429,0.2286,0.0551,5,0.2207,0.0199
IND,1 back,5772,0.0041,0.741,204,-0.153,0.8127
IND,2+ backs,1588,-0.0114,0.2039,42,0.321,0.1673
JAX,Empty,429,0.2286,0.0551,19,0.8779,0.0868
JAX,1 back,5772,0.0041,0.741,153,0.0715,0.6986
JAX,2+ backs,1588,-0.0114,0.2039,47,0.2665,0.2146
KC,Empty,429,0.2286,0.0551,5,1.8547,0.0202
KC,1 back,5772,0.0041,0.741,197,0.1338,0.7944
KC,2+ backs,1588,-0.0114,0.2039,46,0.1745,0.1855
LA,Empty,429,0.2286,0.0551,17,-0.3868,0.0634
LA,1 back,5772,0.0041,0.741,206,0.1425,0.7687
LA,2+ backs,1588,-0.0114,0.2039,45,-0.3499,0.1679
LAC,Empty,429,0.2286,0.0551,24,-0.0225,0.098
LAC,1 back,5772,0.0041,0.741,125,-0.164,0.5102
LAC,2+ backs,1588,-0.0114,0.2039,96,-0.187,0.3918
LV,Empty,429,0.2286,0.0551,16,0.3539,0.0623
LV,1 back,5772,0.0041,0.741,154,-0.0554,0.5992
LV,2+ backs,1588,-0.0114,0.2039,87,0.0686,0.3385
MIA,Empty,429,0.2286,0.0551,20,0.0491,0.0952
MIA,1 back,5772,0.0041,0.741,130,-0.1532,0.619
MIA,2+ backs,1588,-0.0114,0.2039,60,-0.1764,0.2857
MIN,Empty,429,0.2286,0.0551,8,-0.3686,0.0343
MIN,1 back,5772,0.0041,0.741,159,-0.1309,0.6824
MIN,2+ backs,1588,-0.0114,0.2039,66,-0.0023,0.2833
NE,Empty,429,0.2286,0.0551,12,-0.2122,0.0482
NE,1 back,5772,0.0041,0.741,168,0.0648,0.6747
NE,2+ backs,1588,-0.0114,0.2039,69,-0.3145,0.2771
NO,Empty,429,0.2286,0.0551,12,0.2051,0.0415
NO,1 back,5772,0.0041,0.741,237,-0.0258,0.8201
NO,2+ backs,1588,-0.0114,0.2039,40,0.0182,0.1384
NYG,Empty,429,0.2286,0.0551,12,0.0557,0.0504
NYG,1 back,5772,0.0041,0.741,145,-0.0311,0.6092
NYG,2+ backs,1588,-0.0114,0.2039,81,-0.0945,0.3403
NYJ,Empty,429,0.2286,0.0551,10,0.1009,0.0446
NYJ,1 back,5772,0.0041,0.741,188,0.0369,0.8393
NYJ,2+ backs,1588,-0.0114,0.2039,26,-0.1499,0.1161
PHI,Empty,429,0.2286,0.0551,14,0.0676,0.0614
PHI,1 back,5772,0.0041,0.741,187,-0.0736,0.8202
PHI,2+ backs,1588,-0.0114,0.2039,27,-0.4326,0.1184
PIT,Empty,429,0.2286,0.0551,16,0.5069,0.0645
PIT,1 back,5772,0.0041,0.741,198,-0.2305,0.7984
PIT,2+ backs,1588,-0.0114,0.2039,34,0.324,0.1371
SEA,Empty,429,0.2286,0.0551,5,-0.3673,0.0214
SEA,1 back,5772,0.0041,0.741,166,0.014,0.7094
SEA,2+ backs,1588,-0.0114,0.2039,63,0.0576,0.2692
SF,Empty,429,0.2286,0.0551,29,1.0577,0.1306
SF,1 back,5772,0.0041,0.741,117,0.1754,0.527
SF,2+ backs,1588,-0.0114,0.2039,76,0.1752,0.3423
TB,Empty,429,0.2286,0.0551,9,-0.6731,0.0378
TB,1 back,5772,0.0041,0.741,182,-0.1219,0.7647
TB,2+ backs,1588,-0.0114,0.2039,47,-0.1766,0.1975
TEN,Empty,429,0.2286,0.0551,11,0.0443,0.0512
TEN,1 back,5772,0.0041,0.741,157,-0.0725,0.7302
TEN,2+ backs,1588,-0.0114,0.2039,47,-0.1827,0.2186
WAS,Empty,429,0.2286,0.0551,7,0.9067,0.0271
WAS,1 back,5772,0.0041,0.741,221,-0.0897,0.8566
WAS,2+ backs,1588,-0.0114,0.2039,30,0.0942,0.1163
